/home/hzhang7/bioinfo_core_lts/hanqiu/new_pipeline_test
node-0151
Thu May 18 22:12:09 UTC 2023
Running plot script on 20 CPU core
N E X T F L O W  ~  version 22.04.5
Launching `smrnaseq/main.nf` [hopeful_rubens] DSL2 - revision: aef67313b6
WARN: Running with Protocol illumina
WARN: Therefore using Adapter: TGGAATTCTCGGGTGCCAAGG
WARN: Clipping 1 bases from R1
WARN: And clipping 2 bases from 3' end

WARN: Found unexpected parameters:
* --pirna_gtf: /mnt/lts/nfs_fs02/bioinfo_core_jabsom/hanqiu/new_pipeline_test/smrnaseq/annotation/hsa.gold.gtf
* --piRNA: http://bigdata.ibp.ac.cn/piRBase/download/v3.0/fasta/hsa.gold.fa.gz
* --merge_python: /mnt/lts/nfs_fs02/bioinfo_core_jabsom/hanqiu/new_pipeline_test/smrnaseq/annotation/combine_counts.py
- Ignore this warning: params.schema_ignore_params = "pirna_gtf,piRNA,merge_python" 



------------------------------------------------------
                                        ,--./,-.
        ___     __   __   __   ___     /,-._.--~'
  |\ | |__  __ /  ` /  \ |__) |__         }  {
  | \| |       \__, \__/ |  \ |___     \`-._,-`-,
                                        `._,._,'
  nf-core/smrnaseq v2.1.0
------------------------------------------------------
Core Nextflow options
  runName            : hopeful_rubens
  containerEngine    : singularity
  launchDir          : /mnt/lts/nfs_fs02/bioinfo_core_jabsom/hanqiu/new_pipeline_test
  workDir            : /mnt/lts/nfs_fs02/bioinfo_core_jabsom/hanqiu/new_pipeline_test/work
  projectDir         : /mnt/lts/nfs_fs02/bioinfo_core_jabsom/hanqiu/new_pipeline_test/smrnaseq
  userName           : hzhang7
  profile            : singularity
  configFiles        : /mnt/lts/nfs_fs02/bioinfo_core_jabsom/hanqiu/new_pipeline_test/smrnaseq/nextflow.config

Input/output options
  input              : samplesheet.csv
  outdir             : /home/hzhang7/bioinfo_core_lts/hanqiu/new_pipeline_test/output_file

Reference genome options
  genome             : GRCh37
  mirtrace_species   : hsa
  fasta              : /mnt/lts/nfs_fs02/bioinfo_core_jabsom/hanqiu/new_pipeline_test/smrnaseq/annotation/hsa.gold.fa

Trimming options
  clip_r1            : 1
  three_prime_clip_r1: 2

!! Only displaying parameters that differ from the pipeline defaults !!
------------------------------------------------------
If you use nf-core/smrnaseq for your analysis please cite:

* The pipeline
  https://zenodo.org/badge/latestdoi/140590861

* The nf-core framework
  https://doi.org/10.1038/s41587-020-0439-x

* Software dependencies
  https://github.com/nf-core/smrnaseq/blob/master/CITATIONS.md
------------------------------------------------------
[-        ] process > NFCORE_SMRNASEQ:SMRNASEQ:IN... -

[-        ] process > NFCORE_SMRNASEQ:SMRNASEQ:IN... -
[-        ] process > NFCORE_SMRNASEQ:SMRNASEQ:CA... -
[-        ] process > NFCORE_SMRNASEQ:SMRNASEQ:FA... -

[-        ] process > NFCORE_SMRNASEQ:SMRNASEQ:IN... -
[-        ] process > NFCORE_SMRNASEQ:SMRNASEQ:CA... -
[-        ] process > NFCORE_SMRNASEQ:SMRNASEQ:FA... -
[-        ] process > NFCORE_SMRNASEQ:SMRNASEQ:FA... -
[-        ] process > NFCORE_SMRNASEQ:SMRNASEQ:FA... -
[-        ] process > NFCORE_SMRNASEQ:SMRNASEQ:MI... -

[-        ] process > NFCORE_SMRNASEQ:SMRNASEQ:IN... -
[-        ] process > NFCORE_SMRNASEQ:SMRNASEQ:CA... -
[-        ] process > NFCORE_SMRNASEQ:SMRNASEQ:FA... -
[-        ] process > NFCORE_SMRNASEQ:SMRNASEQ:FA... -
[-        ] process > NFCORE_SMRNASEQ:SMRNASEQ:FA... -
[-        ] process > NFCORE_SMRNASEQ:SMRNASEQ:MI... -
[-        ] process > NFCORE_SMRNASEQ:SMRNASEQ:GE... -
[-        ] process > NFCORE_SMRNASEQ:SMRNASEQ:GE... -
[-        ] process > NFCORE_SMRNASEQ:SMRNASEQ:GE... -
[-        ] process > NFCORE_SMRNASEQ:SMRNASEQ:GE... -
[-        ] process > NFCORE_SMRNASEQ:SMRNASEQ:GE... -

[-        ] process > NFCORE_SMRNASEQ:SMRNASEQ:IN... -
[-        ] process > NFCORE_SMRNASEQ:SMRNASEQ:CA... -
[-        ] process > NFCORE_SMRNASEQ:SMRNASEQ:FA... -
[-        ] process > NFCORE_SMRNASEQ:SMRNASEQ:FA... -
[-        ] process > NFCORE_SMRNASEQ:SMRNASEQ:FA... -
[-        ] process > NFCORE_SMRNASEQ:SMRNASEQ:MI... -
[-        ] process > NFCORE_SMRNASEQ:SMRNASEQ:GE... -
[-        ] process > NFCORE_SMRNASEQ:SMRNASEQ:GE... -
[-        ] process > NFCORE_SMRNASEQ:SMRNASEQ:GE... -
[-        ] process > NFCORE_SMRNASEQ:SMRNASEQ:GE... -
[-        ] process > NFCORE_SMRNASEQ:SMRNASEQ:GE... -
[-        ] process > NFCORE_SMRNASEQ:SMRNASEQ:GE... -
[-        ] process > NFCORE_SMRNASEQ:SMRNASEQ:GE... -
[-        ] process > NFCORE_SMRNASEQ:SMRNASEQ:GE... -
[-        ] process > NFCORE_SMRNASEQ:SMRNASEQ:GE... -
[-        ] process > NFCORE_SMRNASEQ:SMRNASEQ:GE... -
Pulling Singularity image https://depot.galaxyproject.org/singularity/python:3.8.3 [cache /mnt/lts/nfs_fs02/bioinfo_core_jabsom/hanqiu/new_pipeline_test/work/singularity/depot.galaxyproject.org-singularity-python-3.8.3.img]
Pulling Singularity image https://depot.galaxyproject.org/singularity/bowtie%3A1.3.1--py39hd400a0c_2 [cache /mnt/lts/nfs_fs02/bioinfo_core_jabsom/hanqiu/new_pipeline_test/work/singularity/depot.galaxyproject.org-singularity-bowtie%3A1.3.1--py39hd400a0c_2.img]
WARN: There's no process matching config selector: NFCORE_SMRNASEQ:SMRNASEQ:MIRNA_QUANT:FORMAT_.*
WARN: There's no process matching config selector: NFCORE_SMRNASEQ:SMRNASEQ:MIRNA_QUANT:PARSE_.*
WARN: There's no process matching config selector: NFCORE_SMRNASEQ:SMRNASEQ:MIRNA_QUANT:BAM_STATS_.*:SAMTOOLS_SORT
WARN: There's no process matching config selector: NFCORE_SMRNASEQ:SMRNASEQ:MIRNA_QUANT:BAM_STATS_.*:BAM_STATS_SAMTOOLS:.*
WARN: There's no process matching config selector: NFCORE_SMRNASEQ:SMRNASEQ:MIRNA_QUANT:BOWTIE_MAP_.*
WARN: There's no process matching config selector: SEQCLUSTER_SEQUENCES
WARN: There's no process matching config selector: MIRTOP_QUANT
WARN: There's no process matching config selector: NFCORE_SMRNASEQ:SMRNASEQ:MIRNA_QUANT:TABLE_MERGE
WARN: There's no process matching config selector: MIRDEEP2_MAPPER
WARN: Singularity cache directory has not been defined -- Remote image will be stored in the path: /mnt/lts/nfs_fs02/bioinfo_core_jabsom/hanqiu/new_pipeline_test/work/singularity -- Use env variable NXF_SINGULARITY_CACHEDIR to specify a different location

[-        ] process > NFCORE_SMRNASEQ:SMRNASEQ:IN... [  0%] 0 of 1
[-        ] process > NFCORE_SMRNASEQ:SMRNASEQ:CA... -
[-        ] process > NFCORE_SMRNASEQ:SMRNASEQ:FA... -
[-        ] process > NFCORE_SMRNASEQ:SMRNASEQ:FA... -
[-        ] process > NFCORE_SMRNASEQ:SMRNASEQ:FA... -
[-        ] process > NFCORE_SMRNASEQ:SMRNASEQ:MI... -
[-        ] process > NFCORE_SMRNASEQ:SMRNASEQ:GE... [  0%] 0 of 1
[-        ] process > NFCORE_SMRNASEQ:SMRNASEQ:GE... -
[-        ] process > NFCORE_SMRNASEQ:SMRNASEQ:GE... -
[-        ] process > NFCORE_SMRNASEQ:SMRNASEQ:GE... -
[-        ] process > NFCORE_SMRNASEQ:SMRNASEQ:GE... -
[-        ] process > NFCORE_SMRNASEQ:SMRNASEQ:GE... -
[-        ] process > NFCORE_SMRNASEQ:SMRNASEQ:GE... -
[-        ] process > NFCORE_SMRNASEQ:SMRNASEQ:GE... -
[-        ] process > NFCORE_SMRNASEQ:SMRNASEQ:GE... -
[-        ] process > NFCORE_SMRNASEQ:SMRNASEQ:GE... -
Pulling Singularity image https://depot.galaxyproject.org/singularity/python:3.8.3 [cache /mnt/lts/nfs_fs02/bioinfo_core_jabsom/hanqiu/new_pipeline_test/work/singularity/depot.galaxyproject.org-singularity-python-3.8.3.img]
Pulling Singularity image https://depot.galaxyproject.org/singularity/bowtie%3A1.3.1--py39hd400a0c_2 [cache /mnt/lts/nfs_fs02/bioinfo_core_jabsom/hanqiu/new_pipeline_test/work/singularity/depot.galaxyproject.org-singularity-bowtie%3A1.3.1--py39hd400a0c_2.img]
WARN: There's no process matching config selector: NFCORE_SMRNASEQ:SMRNASEQ:MIRNA_QUANT:FORMAT_.*
WARN: There's no process matching config selector: NFCORE_SMRNASEQ:SMRNASEQ:MIRNA_QUANT:PARSE_.*
WARN: There's no process matching config selector: NFCORE_SMRNASEQ:SMRNASEQ:MIRNA_QUANT:BAM_STATS_.*:SAMTOOLS_SORT
WARN: There's no process matching config selector: NFCORE_SMRNASEQ:SMRNASEQ:MIRNA_QUANT:BAM_STATS_.*:BAM_STATS_SAMTOOLS:.*
WARN: There's no process matching config selector: NFCORE_SMRNASEQ:SMRNASEQ:MIRNA_QUANT:BOWTIE_MAP_.*
WARN: There's no process matching config selector: SEQCLUSTER_SEQUENCES
WARN: There's no process matching config selector: MIRTOP_QUANT
WARN: There's no process matching config selector: NFCORE_SMRNASEQ:SMRNASEQ:MIRNA_QUANT:TABLE_MERGE
WARN: There's no process matching config selector: MIRDEEP2_MAPPER
WARN: Singularity cache directory has not been defined -- Remote image will be stored in the path: /mnt/lts/nfs_fs02/bioinfo_core_jabsom/hanqiu/new_pipeline_test/work/singularity -- Use env variable NXF_SINGULARITY_CACHEDIR to specify a different location

executor >  slurm (2)
[42/5df762] process > NFCORE_SMRNASEQ:SMRNASEQ:IN... [  0%] 0 of 1
[-        ] process > NFCORE_SMRNASEQ:SMRNASEQ:CA... -
[-        ] process > NFCORE_SMRNASEQ:SMRNASEQ:FA... -
[-        ] process > NFCORE_SMRNASEQ:SMRNASEQ:FA... -
[-        ] process > NFCORE_SMRNASEQ:SMRNASEQ:FA... -
[-        ] process > NFCORE_SMRNASEQ:SMRNASEQ:MI... -
[dc/eb752f] process > NFCORE_SMRNASEQ:SMRNASEQ:GE... [  0%] 0 of 1
[-        ] process > NFCORE_SMRNASEQ:SMRNASEQ:GE... -
[-        ] process > NFCORE_SMRNASEQ:SMRNASEQ:GE... -
[-        ] process > NFCORE_SMRNASEQ:SMRNASEQ:GE... -
[-        ] process > NFCORE_SMRNASEQ:SMRNASEQ:GE... -
[-        ] process > NFCORE_SMRNASEQ:SMRNASEQ:GE... -
[-        ] process > NFCORE_SMRNASEQ:SMRNASEQ:GE... -
[-        ] process > NFCORE_SMRNASEQ:SMRNASEQ:GE... -
[-        ] process > NFCORE_SMRNASEQ:SMRNASEQ:GE... -
[-        ] process > NFCORE_SMRNASEQ:SMRNASEQ:GE... -
Pulling Singularity image https://depot.galaxyproject.org/singularity/python:3.8.3 [cache /mnt/lts/nfs_fs02/bioinfo_core_jabsom/hanqiu/new_pipeline_test/work/singularity/depot.galaxyproject.org-singularity-python-3.8.3.img]
Pulling Singularity image https://depot.galaxyproject.org/singularity/bowtie%3A1.3.1--py39hd400a0c_2 [cache /mnt/lts/nfs_fs02/bioinfo_core_jabsom/hanqiu/new_pipeline_test/work/singularity/depot.galaxyproject.org-singularity-bowtie%3A1.3.1--py39hd400a0c_2.img]
WARN: There's no process matching config selector: NFCORE_SMRNASEQ:SMRNASEQ:MIRNA_QUANT:FORMAT_.*
WARN: There's no process matching config selector: NFCORE_SMRNASEQ:SMRNASEQ:MIRNA_QUANT:PARSE_.*
WARN: There's no process matching config selector: NFCORE_SMRNASEQ:SMRNASEQ:MIRNA_QUANT:BAM_STATS_.*:SAMTOOLS_SORT
WARN: There's no process matching config selector: NFCORE_SMRNASEQ:SMRNASEQ:MIRNA_QUANT:BAM_STATS_.*:BAM_STATS_SAMTOOLS:.*
WARN: There's no process matching config selector: NFCORE_SMRNASEQ:SMRNASEQ:MIRNA_QUANT:BOWTIE_MAP_.*
WARN: There's no process matching config selector: SEQCLUSTER_SEQUENCES
WARN: There's no process matching config selector: MIRTOP_QUANT
WARN: There's no process matching config selector: NFCORE_SMRNASEQ:SMRNASEQ:MIRNA_QUANT:TABLE_MERGE
WARN: There's no process matching config selector: MIRDEEP2_MAPPER
WARN: Singularity cache directory has not been defined -- Remote image will be stored in the path: /mnt/lts/nfs_fs02/bioinfo_core_jabsom/hanqiu/new_pipeline_test/work/singularity -- Use env variable NXF_SINGULARITY_CACHEDIR to specify a different location

executor >  slurm (2)
[42/5df762] process > NFCORE_SMRNASEQ:SMRNASEQ:IN... [  0%] 0 of 1
[-        ] process > NFCORE_SMRNASEQ:SMRNASEQ:CA... -
[-        ] process > NFCORE_SMRNASEQ:SMRNASEQ:FA... -
[-        ] process > NFCORE_SMRNASEQ:SMRNASEQ:FA... -
[-        ] process > NFCORE_SMRNASEQ:SMRNASEQ:FA... -
[-        ] process > NFCORE_SMRNASEQ:SMRNASEQ:MI... -
[dc/eb752f] process > NFCORE_SMRNASEQ:SMRNASEQ:GE... [  0%] 0 of 1
[-        ] process > NFCORE_SMRNASEQ:SMRNASEQ:GE... -
[-        ] process > NFCORE_SMRNASEQ:SMRNASEQ:GE... -
[-        ] process > NFCORE_SMRNASEQ:SMRNASEQ:GE... -
[-        ] process > NFCORE_SMRNASEQ:SMRNASEQ:GE... -
[-        ] process > NFCORE_SMRNASEQ:SMRNASEQ:GE... -
[-        ] process > NFCORE_SMRNASEQ:SMRNASEQ:GE... -
[-        ] process > NFCORE_SMRNASEQ:SMRNASEQ:GE... -
[-        ] process > NFCORE_SMRNASEQ:SMRNASEQ:GE... -
[-        ] process > NFCORE_SMRNASEQ:SMRNASEQ:GE... -













executor >  slurm (2)
[42/5df762] process > NFCORE_SMRNASEQ:SMRNASEQ:IN... [  0%] 0 of 1
[-        ] process > NFCORE_SMRNASEQ:SMRNASEQ:CA... -
[-        ] process > NFCORE_SMRNASEQ:SMRNASEQ:FA... -
[-        ] process > NFCORE_SMRNASEQ:SMRNASEQ:FA... -
[-        ] process > NFCORE_SMRNASEQ:SMRNASEQ:FA... -
[-        ] process > NFCORE_SMRNASEQ:SMRNASEQ:MI... -
[dc/eb752f] process > NFCORE_SMRNASEQ:SMRNASEQ:GE... [  0%] 0 of 1
[-        ] process > NFCORE_SMRNASEQ:SMRNASEQ:GE... -
[-        ] process > NFCORE_SMRNASEQ:SMRNASEQ:GE... -
[-        ] process > NFCORE_SMRNASEQ:SMRNASEQ:GE... -
[-        ] process > NFCORE_SMRNASEQ:SMRNASEQ:GE... -
[-        ] process > NFCORE_SMRNASEQ:SMRNASEQ:GE... -
[-        ] process > NFCORE_SMRNASEQ:SMRNASEQ:GE... -
[-        ] process > NFCORE_SMRNASEQ:SMRNASEQ:GE... -
[-        ] process > NFCORE_SMRNASEQ:SMRNASEQ:GE... -
[-        ] process > NFCORE_SMRNASEQ:SMRNASEQ:GE... -













executor >  slurm (2)
[42/5df762] process > NFCORE_SMRNASEQ:SMRNASEQ:IN... [100%] 1 of 1 ✔
[-        ] process > NFCORE_SMRNASEQ:SMRNASEQ:CA... -
[-        ] process > NFCORE_SMRNASEQ:SMRNASEQ:FA... -
[-        ] process > NFCORE_SMRNASEQ:SMRNASEQ:FA... -
[-        ] process > NFCORE_SMRNASEQ:SMRNASEQ:FA... -
[-        ] process > NFCORE_SMRNASEQ:SMRNASEQ:MI... -
[dc/eb752f] process > NFCORE_SMRNASEQ:SMRNASEQ:GE... [  0%] 0 of 1
[-        ] process > NFCORE_SMRNASEQ:SMRNASEQ:GE... -
[-        ] process > NFCORE_SMRNASEQ:SMRNASEQ:GE... -
[-        ] process > NFCORE_SMRNASEQ:SMRNASEQ:GE... -
[-        ] process > NFCORE_SMRNASEQ:SMRNASEQ:GE... -
[-        ] process > NFCORE_SMRNASEQ:SMRNASEQ:GE... -
[-        ] process > NFCORE_SMRNASEQ:SMRNASEQ:GE... -
[-        ] process > NFCORE_SMRNASEQ:SMRNASEQ:GE... -
[-        ] process > NFCORE_SMRNASEQ:SMRNASEQ:GE... -
[-        ] process > NFCORE_SMRNASEQ:SMRNASEQ:GE... -
Pulling Singularity image https://depot.galaxyproject.org/singularity/fastp:0.23.2--h79da9fb_0 [cache /mnt/lts/nfs_fs02/bioinfo_core_jabsom/hanqiu/new_pipeline_test/work/singularity/depot.galaxyproject.org-singularity-fastp-0.23.2--h79da9fb_0.img]
Pulling Singularity image https://depot.galaxyproject.org/singularity/fastqc:0.11.9--0 [cache /mnt/lts/nfs_fs02/bioinfo_core_jabsom/hanqiu/new_pipeline_test/work/singularity/depot.galaxyproject.org-singularity-fastqc-0.11.9--0.img]
WARN: Singularity cache directory has not been defined -- Remote image will be stored in the path: /mnt/lts/nfs_fs02/bioinfo_core_jabsom/hanqiu/new_pipeline_test/work/singularity -- Use env variable NXF_SINGULARITY_CACHEDIR to specify a different location

executor >  slurm (2)
[42/5df762] process > NFCORE_SMRNASEQ:SMRNASEQ:IN... [100%] 1 of 1 ✔
[-        ] process > NFCORE_SMRNASEQ:SMRNASEQ:CA... -
[-        ] process > NFCORE_SMRNASEQ:SMRNASEQ:FA... -
[-        ] process > NFCORE_SMRNASEQ:SMRNASEQ:FA... -
[-        ] process > NFCORE_SMRNASEQ:SMRNASEQ:FA... -
[-        ] process > NFCORE_SMRNASEQ:SMRNASEQ:MI... -
[dc/eb752f] process > NFCORE_SMRNASEQ:SMRNASEQ:GE... [  0%] 0 of 1
[-        ] process > NFCORE_SMRNASEQ:SMRNASEQ:GE... -
[-        ] process > NFCORE_SMRNASEQ:SMRNASEQ:GE... -
[-        ] process > NFCORE_SMRNASEQ:SMRNASEQ:GE... -
[-        ] process > NFCORE_SMRNASEQ:SMRNASEQ:GE... -
[-        ] process > NFCORE_SMRNASEQ:SMRNASEQ:GE... -
[-        ] process > NFCORE_SMRNASEQ:SMRNASEQ:GE... -
[-        ] process > NFCORE_SMRNASEQ:SMRNASEQ:GE... -
[-        ] process > NFCORE_SMRNASEQ:SMRNASEQ:GE... -
[-        ] process > NFCORE_SMRNASEQ:SMRNASEQ:GE... -
Pulling Singularity image https://depot.galaxyproject.org/singularity/fastp:0.23.2--h79da9fb_0 [cache /mnt/lts/nfs_fs02/bioinfo_core_jabsom/hanqiu/new_pipeline_test/work/singularity/depot.galaxyproject.org-singularity-fastp-0.23.2--h79da9fb_0.img]
Pulling Singularity image https://depot.galaxyproject.org/singularity/fastqc:0.11.9--0 [cache /mnt/lts/nfs_fs02/bioinfo_core_jabsom/hanqiu/new_pipeline_test/work/singularity/depot.galaxyproject.org-singularity-fastqc-0.11.9--0.img]
WARN: Singularity cache directory has not been defined -- Remote image will be stored in the path: /mnt/lts/nfs_fs02/bioinfo_core_jabsom/hanqiu/new_pipeline_test/work/singularity -- Use env variable NXF_SINGULARITY_CACHEDIR to specify a different location

executor >  slurm (3)
[42/5df762] process > NFCORE_SMRNASEQ:SMRNASEQ:IN... [100%] 1 of 1 ✔
[-        ] process > NFCORE_SMRNASEQ:SMRNASEQ:CA... -
[-        ] process > NFCORE_SMRNASEQ:SMRNASEQ:FA... -
[3f/2b5d78] process > NFCORE_SMRNASEQ:SMRNASEQ:FA... [  0%] 0 of 36
[-        ] process > NFCORE_SMRNASEQ:SMRNASEQ:FA... -
[-        ] process > NFCORE_SMRNASEQ:SMRNASEQ:MI... -
[dc/eb752f] process > NFCORE_SMRNASEQ:SMRNASEQ:GE... [  0%] 0 of 1
[-        ] process > NFCORE_SMRNASEQ:SMRNASEQ:GE... -
[-        ] process > NFCORE_SMRNASEQ:SMRNASEQ:GE... -
[-        ] process > NFCORE_SMRNASEQ:SMRNASEQ:GE... -
[-        ] process > NFCORE_SMRNASEQ:SMRNASEQ:GE... -
[-        ] process > NFCORE_SMRNASEQ:SMRNASEQ:GE... -
[-        ] process > NFCORE_SMRNASEQ:SMRNASEQ:GE... -
[-        ] process > NFCORE_SMRNASEQ:SMRNASEQ:GE... -
[-        ] process > NFCORE_SMRNASEQ:SMRNASEQ:GE... -
[-        ] process > NFCORE_SMRNASEQ:SMRNASEQ:GE... -
Pulling Singularity image https://depot.galaxyproject.org/singularity/fastp:0.23.2--h79da9fb_0 [cache /mnt/lts/nfs_fs02/bioinfo_core_jabsom/hanqiu/new_pipeline_test/work/singularity/depot.galaxyproject.org-singularity-fastp-0.23.2--h79da9fb_0.img]
Pulling Singularity image https://depot.galaxyproject.org/singularity/fastqc:0.11.9--0 [cache /mnt/lts/nfs_fs02/bioinfo_core_jabsom/hanqiu/new_pipeline_test/work/singularity/depot.galaxyproject.org-singularity-fastqc-0.11.9--0.img]
WARN: Singularity cache directory has not been defined -- Remote image will be stored in the path: /mnt/lts/nfs_fs02/bioinfo_core_jabsom/hanqiu/new_pipeline_test/work/singularity -- Use env variable NXF_SINGULARITY_CACHEDIR to specify a different location

executor >  slurm (7)
[42/5df762] process > NFCORE_SMRNASEQ:SMRNASEQ:IN... [100%] 1 of 1 ✔
[-        ] process > NFCORE_SMRNASEQ:SMRNASEQ:CA... -
[-        ] process > NFCORE_SMRNASEQ:SMRNASEQ:FA... -
[70/062add] process > NFCORE_SMRNASEQ:SMRNASEQ:FA... [  0%] 0 of 36
[-        ] process > NFCORE_SMRNASEQ:SMRNASEQ:FA... -
[-        ] process > NFCORE_SMRNASEQ:SMRNASEQ:MI... -
[dc/eb752f] process > NFCORE_SMRNASEQ:SMRNASEQ:GE... [  0%] 0 of 1
[-        ] process > NFCORE_SMRNASEQ:SMRNASEQ:GE... -
[-        ] process > NFCORE_SMRNASEQ:SMRNASEQ:GE... -
[-        ] process > NFCORE_SMRNASEQ:SMRNASEQ:GE... -
[-        ] process > NFCORE_SMRNASEQ:SMRNASEQ:GE... -
[-        ] process > NFCORE_SMRNASEQ:SMRNASEQ:GE... -
[-        ] process > NFCORE_SMRNASEQ:SMRNASEQ:GE... -
[-        ] process > NFCORE_SMRNASEQ:SMRNASEQ:GE... -
[-        ] process > NFCORE_SMRNASEQ:SMRNASEQ:GE... -
[-        ] process > NFCORE_SMRNASEQ:SMRNASEQ:GE... -
Pulling Singularity image https://depot.galaxyproject.org/singularity/fastp:0.23.2--h79da9fb_0 [cache /mnt/lts/nfs_fs02/bioinfo_core_jabsom/hanqiu/new_pipeline_test/work/singularity/depot.galaxyproject.org-singularity-fastp-0.23.2--h79da9fb_0.img]
Pulling Singularity image https://depot.galaxyproject.org/singularity/fastqc:0.11.9--0 [cache /mnt/lts/nfs_fs02/bioinfo_core_jabsom/hanqiu/new_pipeline_test/work/singularity/depot.galaxyproject.org-singularity-fastqc-0.11.9--0.img]
WARN: Singularity cache directory has not been defined -- Remote image will be stored in the path: /mnt/lts/nfs_fs02/bioinfo_core_jabsom/hanqiu/new_pipeline_test/work/singularity -- Use env variable NXF_SINGULARITY_CACHEDIR to specify a different location

executor >  slurm (10)
[42/5df762] process > NFCORE_SMRNASEQ:SMRNASEQ:IN... [100%] 1 of 1 ✔
[-        ] process > NFCORE_SMRNASEQ:SMRNASEQ:CA... -
[-        ] process > NFCORE_SMRNASEQ:SMRNASEQ:FA... -
[cf/246036] process > NFCORE_SMRNASEQ:SMRNASEQ:FA... [  0%] 0 of 36
[-        ] process > NFCORE_SMRNASEQ:SMRNASEQ:FA... -
[-        ] process > NFCORE_SMRNASEQ:SMRNASEQ:MI... -
[dc/eb752f] process > NFCORE_SMRNASEQ:SMRNASEQ:GE... [  0%] 0 of 1
[-        ] process > NFCORE_SMRNASEQ:SMRNASEQ:GE... -
[-        ] process > NFCORE_SMRNASEQ:SMRNASEQ:GE... -
[-        ] process > NFCORE_SMRNASEQ:SMRNASEQ:GE... -
[-        ] process > NFCORE_SMRNASEQ:SMRNASEQ:GE... -
[-        ] process > NFCORE_SMRNASEQ:SMRNASEQ:GE... -
[-        ] process > NFCORE_SMRNASEQ:SMRNASEQ:GE... -
[-        ] process > NFCORE_SMRNASEQ:SMRNASEQ:GE... -
[-        ] process > NFCORE_SMRNASEQ:SMRNASEQ:GE... -
[-        ] process > NFCORE_SMRNASEQ:SMRNASEQ:GE... -
Pulling Singularity image https://depot.galaxyproject.org/singularity/fastp:0.23.2--h79da9fb_0 [cache /mnt/lts/nfs_fs02/bioinfo_core_jabsom/hanqiu/new_pipeline_test/work/singularity/depot.galaxyproject.org-singularity-fastp-0.23.2--h79da9fb_0.img]
Pulling Singularity image https://depot.galaxyproject.org/singularity/fastqc:0.11.9--0 [cache /mnt/lts/nfs_fs02/bioinfo_core_jabsom/hanqiu/new_pipeline_test/work/singularity/depot.galaxyproject.org-singularity-fastqc-0.11.9--0.img]
WARN: Singularity cache directory has not been defined -- Remote image will be stored in the path: /mnt/lts/nfs_fs02/bioinfo_core_jabsom/hanqiu/new_pipeline_test/work/singularity -- Use env variable NXF_SINGULARITY_CACHEDIR to specify a different location

executor >  slurm (14)
[42/5df762] process > NFCORE_SMRNASEQ:SMRNASEQ:IN... [100%] 1 of 1 ✔
[-        ] process > NFCORE_SMRNASEQ:SMRNASEQ:CA... -
[-        ] process > NFCORE_SMRNASEQ:SMRNASEQ:FA... -
[13/a5221b] process > NFCORE_SMRNASEQ:SMRNASEQ:FA... [  0%] 0 of 36
[-        ] process > NFCORE_SMRNASEQ:SMRNASEQ:FA... -
[-        ] process > NFCORE_SMRNASEQ:SMRNASEQ:MI... -
[dc/eb752f] process > NFCORE_SMRNASEQ:SMRNASEQ:GE... [  0%] 0 of 1
[-        ] process > NFCORE_SMRNASEQ:SMRNASEQ:GE... -
[-        ] process > NFCORE_SMRNASEQ:SMRNASEQ:GE... -
[-        ] process > NFCORE_SMRNASEQ:SMRNASEQ:GE... -
[-        ] process > NFCORE_SMRNASEQ:SMRNASEQ:GE... -
[-        ] process > NFCORE_SMRNASEQ:SMRNASEQ:GE... -
[-        ] process > NFCORE_SMRNASEQ:SMRNASEQ:GE... -
[-        ] process > NFCORE_SMRNASEQ:SMRNASEQ:GE... -
[-        ] process > NFCORE_SMRNASEQ:SMRNASEQ:GE... -
[-        ] process > NFCORE_SMRNASEQ:SMRNASEQ:GE... -
Pulling Singularity image https://depot.galaxyproject.org/singularity/fastp:0.23.2--h79da9fb_0 [cache /mnt/lts/nfs_fs02/bioinfo_core_jabsom/hanqiu/new_pipeline_test/work/singularity/depot.galaxyproject.org-singularity-fastp-0.23.2--h79da9fb_0.img]
Pulling Singularity image https://depot.galaxyproject.org/singularity/fastqc:0.11.9--0 [cache /mnt/lts/nfs_fs02/bioinfo_core_jabsom/hanqiu/new_pipeline_test/work/singularity/depot.galaxyproject.org-singularity-fastqc-0.11.9--0.img]
WARN: Singularity cache directory has not been defined -- Remote image will be stored in the path: /mnt/lts/nfs_fs02/bioinfo_core_jabsom/hanqiu/new_pipeline_test/work/singularity -- Use env variable NXF_SINGULARITY_CACHEDIR to specify a different location

executor >  slurm (17)
[42/5df762] process > NFCORE_SMRNASEQ:SMRNASEQ:IN... [100%] 1 of 1 ✔
[-        ] process > NFCORE_SMRNASEQ:SMRNASEQ:CA... -
[-        ] process > NFCORE_SMRNASEQ:SMRNASEQ:FA... -
[99/895d8a] process > NFCORE_SMRNASEQ:SMRNASEQ:FA... [  0%] 0 of 36
[-        ] process > NFCORE_SMRNASEQ:SMRNASEQ:FA... -
[-        ] process > NFCORE_SMRNASEQ:SMRNASEQ:MI... -
[dc/eb752f] process > NFCORE_SMRNASEQ:SMRNASEQ:GE... [  0%] 0 of 1
[-        ] process > NFCORE_SMRNASEQ:SMRNASEQ:GE... -
[-        ] process > NFCORE_SMRNASEQ:SMRNASEQ:GE... -
[-        ] process > NFCORE_SMRNASEQ:SMRNASEQ:GE... -
[-        ] process > NFCORE_SMRNASEQ:SMRNASEQ:GE... -
[-        ] process > NFCORE_SMRNASEQ:SMRNASEQ:GE... -
[-        ] process > NFCORE_SMRNASEQ:SMRNASEQ:GE... -
[-        ] process > NFCORE_SMRNASEQ:SMRNASEQ:GE... -
[-        ] process > NFCORE_SMRNASEQ:SMRNASEQ:GE... -
[-        ] process > NFCORE_SMRNASEQ:SMRNASEQ:GE... -
Pulling Singularity image https://depot.galaxyproject.org/singularity/fastp:0.23.2--h79da9fb_0 [cache /mnt/lts/nfs_fs02/bioinfo_core_jabsom/hanqiu/new_pipeline_test/work/singularity/depot.galaxyproject.org-singularity-fastp-0.23.2--h79da9fb_0.img]
Pulling Singularity image https://depot.galaxyproject.org/singularity/fastqc:0.11.9--0 [cache /mnt/lts/nfs_fs02/bioinfo_core_jabsom/hanqiu/new_pipeline_test/work/singularity/depot.galaxyproject.org-singularity-fastqc-0.11.9--0.img]
WARN: Singularity cache directory has not been defined -- Remote image will be stored in the path: /mnt/lts/nfs_fs02/bioinfo_core_jabsom/hanqiu/new_pipeline_test/work/singularity -- Use env variable NXF_SINGULARITY_CACHEDIR to specify a different location

executor >  slurm (21)
[42/5df762] process > NFCORE_SMRNASEQ:SMRNASEQ:IN... [100%] 1 of 1 ✔
[-        ] process > NFCORE_SMRNASEQ:SMRNASEQ:CA... -
[-        ] process > NFCORE_SMRNASEQ:SMRNASEQ:FA... -
[be/8a20a1] process > NFCORE_SMRNASEQ:SMRNASEQ:FA... [  0%] 0 of 36
[-        ] process > NFCORE_SMRNASEQ:SMRNASEQ:FA... -
[-        ] process > NFCORE_SMRNASEQ:SMRNASEQ:MI... -
[dc/eb752f] process > NFCORE_SMRNASEQ:SMRNASEQ:GE... [  0%] 0 of 1
[-        ] process > NFCORE_SMRNASEQ:SMRNASEQ:GE... -
[-        ] process > NFCORE_SMRNASEQ:SMRNASEQ:GE... -
[-        ] process > NFCORE_SMRNASEQ:SMRNASEQ:GE... -
[-        ] process > NFCORE_SMRNASEQ:SMRNASEQ:GE... -
[-        ] process > NFCORE_SMRNASEQ:SMRNASEQ:GE... -
[-        ] process > NFCORE_SMRNASEQ:SMRNASEQ:GE... -
[-        ] process > NFCORE_SMRNASEQ:SMRNASEQ:GE... -
[-        ] process > NFCORE_SMRNASEQ:SMRNASEQ:GE... -
[-        ] process > NFCORE_SMRNASEQ:SMRNASEQ:GE... -
Pulling Singularity image https://depot.galaxyproject.org/singularity/fastp:0.23.2--h79da9fb_0 [cache /mnt/lts/nfs_fs02/bioinfo_core_jabsom/hanqiu/new_pipeline_test/work/singularity/depot.galaxyproject.org-singularity-fastp-0.23.2--h79da9fb_0.img]
Pulling Singularity image https://depot.galaxyproject.org/singularity/fastqc:0.11.9--0 [cache /mnt/lts/nfs_fs02/bioinfo_core_jabsom/hanqiu/new_pipeline_test/work/singularity/depot.galaxyproject.org-singularity-fastqc-0.11.9--0.img]
WARN: Singularity cache directory has not been defined -- Remote image will be stored in the path: /mnt/lts/nfs_fs02/bioinfo_core_jabsom/hanqiu/new_pipeline_test/work/singularity -- Use env variable NXF_SINGULARITY_CACHEDIR to specify a different location

executor >  slurm (24)
[42/5df762] process > NFCORE_SMRNASEQ:SMRNASEQ:IN... [100%] 1 of 1 ✔
[-        ] process > NFCORE_SMRNASEQ:SMRNASEQ:CA... -
[-        ] process > NFCORE_SMRNASEQ:SMRNASEQ:FA... -
[02/0c76de] process > NFCORE_SMRNASEQ:SMRNASEQ:FA... [  0%] 0 of 36
[-        ] process > NFCORE_SMRNASEQ:SMRNASEQ:FA... -
[-        ] process > NFCORE_SMRNASEQ:SMRNASEQ:MI... -
[dc/eb752f] process > NFCORE_SMRNASEQ:SMRNASEQ:GE... [  0%] 0 of 1
[-        ] process > NFCORE_SMRNASEQ:SMRNASEQ:GE... -
[-        ] process > NFCORE_SMRNASEQ:SMRNASEQ:GE... -
[-        ] process > NFCORE_SMRNASEQ:SMRNASEQ:GE... -
[-        ] process > NFCORE_SMRNASEQ:SMRNASEQ:GE... -
[-        ] process > NFCORE_SMRNASEQ:SMRNASEQ:GE... -
[-        ] process > NFCORE_SMRNASEQ:SMRNASEQ:GE... -
[-        ] process > NFCORE_SMRNASEQ:SMRNASEQ:GE... -
[-        ] process > NFCORE_SMRNASEQ:SMRNASEQ:GE... -
[-        ] process > NFCORE_SMRNASEQ:SMRNASEQ:GE... -
Pulling Singularity image https://depot.galaxyproject.org/singularity/fastp:0.23.2--h79da9fb_0 [cache /mnt/lts/nfs_fs02/bioinfo_core_jabsom/hanqiu/new_pipeline_test/work/singularity/depot.galaxyproject.org-singularity-fastp-0.23.2--h79da9fb_0.img]
Pulling Singularity image https://depot.galaxyproject.org/singularity/fastqc:0.11.9--0 [cache /mnt/lts/nfs_fs02/bioinfo_core_jabsom/hanqiu/new_pipeline_test/work/singularity/depot.galaxyproject.org-singularity-fastqc-0.11.9--0.img]
WARN: Singularity cache directory has not been defined -- Remote image will be stored in the path: /mnt/lts/nfs_fs02/bioinfo_core_jabsom/hanqiu/new_pipeline_test/work/singularity -- Use env variable NXF_SINGULARITY_CACHEDIR to specify a different location

executor >  slurm (27)
[42/5df762] process > NFCORE_SMRNASEQ:SMRNASEQ:IN... [100%] 1 of 1 ✔
[-        ] process > NFCORE_SMRNASEQ:SMRNASEQ:CA... -
[-        ] process > NFCORE_SMRNASEQ:SMRNASEQ:FA... -
[42/eeaf01] process > NFCORE_SMRNASEQ:SMRNASEQ:FA... [  0%] 0 of 36
[-        ] process > NFCORE_SMRNASEQ:SMRNASEQ:FA... -
[-        ] process > NFCORE_SMRNASEQ:SMRNASEQ:MI... -
[dc/eb752f] process > NFCORE_SMRNASEQ:SMRNASEQ:GE... [  0%] 0 of 1
[-        ] process > NFCORE_SMRNASEQ:SMRNASEQ:GE... -
[-        ] process > NFCORE_SMRNASEQ:SMRNASEQ:GE... -
[-        ] process > NFCORE_SMRNASEQ:SMRNASEQ:GE... -
[-        ] process > NFCORE_SMRNASEQ:SMRNASEQ:GE... -
[-        ] process > NFCORE_SMRNASEQ:SMRNASEQ:GE... -
[-        ] process > NFCORE_SMRNASEQ:SMRNASEQ:GE... -
[-        ] process > NFCORE_SMRNASEQ:SMRNASEQ:GE... -
[-        ] process > NFCORE_SMRNASEQ:SMRNASEQ:GE... -
[-        ] process > NFCORE_SMRNASEQ:SMRNASEQ:GE... -
Pulling Singularity image https://depot.galaxyproject.org/singularity/fastp:0.23.2--h79da9fb_0 [cache /mnt/lts/nfs_fs02/bioinfo_core_jabsom/hanqiu/new_pipeline_test/work/singularity/depot.galaxyproject.org-singularity-fastp-0.23.2--h79da9fb_0.img]
Pulling Singularity image https://depot.galaxyproject.org/singularity/fastqc:0.11.9--0 [cache /mnt/lts/nfs_fs02/bioinfo_core_jabsom/hanqiu/new_pipeline_test/work/singularity/depot.galaxyproject.org-singularity-fastqc-0.11.9--0.img]
WARN: Singularity cache directory has not been defined -- Remote image will be stored in the path: /mnt/lts/nfs_fs02/bioinfo_core_jabsom/hanqiu/new_pipeline_test/work/singularity -- Use env variable NXF_SINGULARITY_CACHEDIR to specify a different location

executor >  slurm (31)
[42/5df762] process > NFCORE_SMRNASEQ:SMRNASEQ:IN... [100%] 1 of 1 ✔
[-        ] process > NFCORE_SMRNASEQ:SMRNASEQ:CA... -
[-        ] process > NFCORE_SMRNASEQ:SMRNASEQ:FA... -
[5f/b5a113] process > NFCORE_SMRNASEQ:SMRNASEQ:FA... [  0%] 0 of 36
[-        ] process > NFCORE_SMRNASEQ:SMRNASEQ:FA... -
[-        ] process > NFCORE_SMRNASEQ:SMRNASEQ:MI... -
[dc/eb752f] process > NFCORE_SMRNASEQ:SMRNASEQ:GE... [  0%] 0 of 1
[-        ] process > NFCORE_SMRNASEQ:SMRNASEQ:GE... -
[-        ] process > NFCORE_SMRNASEQ:SMRNASEQ:GE... -
[-        ] process > NFCORE_SMRNASEQ:SMRNASEQ:GE... -
[-        ] process > NFCORE_SMRNASEQ:SMRNASEQ:GE... -
[-        ] process > NFCORE_SMRNASEQ:SMRNASEQ:GE... -
[-        ] process > NFCORE_SMRNASEQ:SMRNASEQ:GE... -
[-        ] process > NFCORE_SMRNASEQ:SMRNASEQ:GE... -
[-        ] process > NFCORE_SMRNASEQ:SMRNASEQ:GE... -
[-        ] process > NFCORE_SMRNASEQ:SMRNASEQ:GE... -
Pulling Singularity image https://depot.galaxyproject.org/singularity/fastp:0.23.2--h79da9fb_0 [cache /mnt/lts/nfs_fs02/bioinfo_core_jabsom/hanqiu/new_pipeline_test/work/singularity/depot.galaxyproject.org-singularity-fastp-0.23.2--h79da9fb_0.img]
Pulling Singularity image https://depot.galaxyproject.org/singularity/fastqc:0.11.9--0 [cache /mnt/lts/nfs_fs02/bioinfo_core_jabsom/hanqiu/new_pipeline_test/work/singularity/depot.galaxyproject.org-singularity-fastqc-0.11.9--0.img]
WARN: Singularity cache directory has not been defined -- Remote image will be stored in the path: /mnt/lts/nfs_fs02/bioinfo_core_jabsom/hanqiu/new_pipeline_test/work/singularity -- Use env variable NXF_SINGULARITY_CACHEDIR to specify a different location

executor >  slurm (35)
[42/5df762] process > NFCORE_SMRNASEQ:SMRNASEQ:IN... [100%] 1 of 1 ✔
[-        ] process > NFCORE_SMRNASEQ:SMRNASEQ:CA... -
[-        ] process > NFCORE_SMRNASEQ:SMRNASEQ:FA... -
[7c/08decf] process > NFCORE_SMRNASEQ:SMRNASEQ:FA... [  0%] 0 of 36
[-        ] process > NFCORE_SMRNASEQ:SMRNASEQ:FA... -
[-        ] process > NFCORE_SMRNASEQ:SMRNASEQ:MI... -
[dc/eb752f] process > NFCORE_SMRNASEQ:SMRNASEQ:GE... [  0%] 0 of 1
[-        ] process > NFCORE_SMRNASEQ:SMRNASEQ:GE... -
[-        ] process > NFCORE_SMRNASEQ:SMRNASEQ:GE... -
[-        ] process > NFCORE_SMRNASEQ:SMRNASEQ:GE... -
[-        ] process > NFCORE_SMRNASEQ:SMRNASEQ:GE... -
[-        ] process > NFCORE_SMRNASEQ:SMRNASEQ:GE... -
[-        ] process > NFCORE_SMRNASEQ:SMRNASEQ:GE... -
[-        ] process > NFCORE_SMRNASEQ:SMRNASEQ:GE... -
[-        ] process > NFCORE_SMRNASEQ:SMRNASEQ:GE... -
[-        ] process > NFCORE_SMRNASEQ:SMRNASEQ:GE... -
Pulling Singularity image https://depot.galaxyproject.org/singularity/fastp:0.23.2--h79da9fb_0 [cache /mnt/lts/nfs_fs02/bioinfo_core_jabsom/hanqiu/new_pipeline_test/work/singularity/depot.galaxyproject.org-singularity-fastp-0.23.2--h79da9fb_0.img]
Pulling Singularity image https://depot.galaxyproject.org/singularity/fastqc:0.11.9--0 [cache /mnt/lts/nfs_fs02/bioinfo_core_jabsom/hanqiu/new_pipeline_test/work/singularity/depot.galaxyproject.org-singularity-fastqc-0.11.9--0.img]
WARN: Singularity cache directory has not been defined -- Remote image will be stored in the path: /mnt/lts/nfs_fs02/bioinfo_core_jabsom/hanqiu/new_pipeline_test/work/singularity -- Use env variable NXF_SINGULARITY_CACHEDIR to specify a different location

executor >  slurm (38)
[42/5df762] process > NFCORE_SMRNASEQ:SMRNASEQ:IN... [100%] 1 of 1 ✔
[-        ] process > NFCORE_SMRNASEQ:SMRNASEQ:CA... -
[-        ] process > NFCORE_SMRNASEQ:SMRNASEQ:FA... [  0%] 0 of 36
[8d/39736e] process > NFCORE_SMRNASEQ:SMRNASEQ:FA... [  0%] 0 of 36
[-        ] process > NFCORE_SMRNASEQ:SMRNASEQ:FA... -
[-        ] process > NFCORE_SMRNASEQ:SMRNASEQ:MI... -
[dc/eb752f] process > NFCORE_SMRNASEQ:SMRNASEQ:GE... [  0%] 0 of 1
[-        ] process > NFCORE_SMRNASEQ:SMRNASEQ:GE... -
[-        ] process > NFCORE_SMRNASEQ:SMRNASEQ:GE... -
[-        ] process > NFCORE_SMRNASEQ:SMRNASEQ:GE... -
[-        ] process > NFCORE_SMRNASEQ:SMRNASEQ:GE... -
[-        ] process > NFCORE_SMRNASEQ:SMRNASEQ:GE... -
[-        ] process > NFCORE_SMRNASEQ:SMRNASEQ:GE... -
[-        ] process > NFCORE_SMRNASEQ:SMRNASEQ:GE... -
[-        ] process > NFCORE_SMRNASEQ:SMRNASEQ:GE... -
[-        ] process > NFCORE_SMRNASEQ:SMRNASEQ:GE... -
Pulling Singularity image https://depot.galaxyproject.org/singularity/fastp:0.23.2--h79da9fb_0 [cache /mnt/lts/nfs_fs02/bioinfo_core_jabsom/hanqiu/new_pipeline_test/work/singularity/depot.galaxyproject.org-singularity-fastp-0.23.2--h79da9fb_0.img]
Pulling Singularity image https://depot.galaxyproject.org/singularity/fastqc:0.11.9--0 [cache /mnt/lts/nfs_fs02/bioinfo_core_jabsom/hanqiu/new_pipeline_test/work/singularity/depot.galaxyproject.org-singularity-fastqc-0.11.9--0.img]
WARN: Singularity cache directory has not been defined -- Remote image will be stored in the path: /mnt/lts/nfs_fs02/bioinfo_core_jabsom/hanqiu/new_pipeline_test/work/singularity -- Use env variable NXF_SINGULARITY_CACHEDIR to specify a different location

executor >  slurm (42)
[42/5df762] process > NFCORE_SMRNASEQ:SMRNASEQ:IN... [100%] 1 of 1 ✔
[-        ] process > NFCORE_SMRNASEQ:SMRNASEQ:CA... -
[f2/6208c4] process > NFCORE_SMRNASEQ:SMRNASEQ:FA... [  0%] 0 of 36
[8d/39736e] process > NFCORE_SMRNASEQ:SMRNASEQ:FA... [  0%] 0 of 36
[-        ] process > NFCORE_SMRNASEQ:SMRNASEQ:FA... -
[-        ] process > NFCORE_SMRNASEQ:SMRNASEQ:MI... -
[dc/eb752f] process > NFCORE_SMRNASEQ:SMRNASEQ:GE... [  0%] 0 of 1
[-        ] process > NFCORE_SMRNASEQ:SMRNASEQ:GE... -
[-        ] process > NFCORE_SMRNASEQ:SMRNASEQ:GE... -
[-        ] process > NFCORE_SMRNASEQ:SMRNASEQ:GE... -
[-        ] process > NFCORE_SMRNASEQ:SMRNASEQ:GE... -
[-        ] process > NFCORE_SMRNASEQ:SMRNASEQ:GE... -
[-        ] process > NFCORE_SMRNASEQ:SMRNASEQ:GE... -
[-        ] process > NFCORE_SMRNASEQ:SMRNASEQ:GE... -
[-        ] process > NFCORE_SMRNASEQ:SMRNASEQ:GE... -
[-        ] process > NFCORE_SMRNASEQ:SMRNASEQ:GE... -
Pulling Singularity image https://depot.galaxyproject.org/singularity/fastp:0.23.2--h79da9fb_0 [cache /mnt/lts/nfs_fs02/bioinfo_core_jabsom/hanqiu/new_pipeline_test/work/singularity/depot.galaxyproject.org-singularity-fastp-0.23.2--h79da9fb_0.img]
Pulling Singularity image https://depot.galaxyproject.org/singularity/fastqc:0.11.9--0 [cache /mnt/lts/nfs_fs02/bioinfo_core_jabsom/hanqiu/new_pipeline_test/work/singularity/depot.galaxyproject.org-singularity-fastqc-0.11.9--0.img]
WARN: Singularity cache directory has not been defined -- Remote image will be stored in the path: /mnt/lts/nfs_fs02/bioinfo_core_jabsom/hanqiu/new_pipeline_test/work/singularity -- Use env variable NXF_SINGULARITY_CACHEDIR to specify a different location

executor >  slurm (45)
[42/5df762] process > NFCORE_SMRNASEQ:SMRNASEQ:IN... [100%] 1 of 1 ✔
[-        ] process > NFCORE_SMRNASEQ:SMRNASEQ:CA... -
[a6/eb756d] process > NFCORE_SMRNASEQ:SMRNASEQ:FA... [  0%] 0 of 36
[8d/39736e] process > NFCORE_SMRNASEQ:SMRNASEQ:FA... [  0%] 0 of 36
[-        ] process > NFCORE_SMRNASEQ:SMRNASEQ:FA... -
[-        ] process > NFCORE_SMRNASEQ:SMRNASEQ:MI... -
[dc/eb752f] process > NFCORE_SMRNASEQ:SMRNASEQ:GE... [  0%] 0 of 1
[-        ] process > NFCORE_SMRNASEQ:SMRNASEQ:GE... -
[-        ] process > NFCORE_SMRNASEQ:SMRNASEQ:GE... -
[-        ] process > NFCORE_SMRNASEQ:SMRNASEQ:GE... -
[-        ] process > NFCORE_SMRNASEQ:SMRNASEQ:GE... -
[-        ] process > NFCORE_SMRNASEQ:SMRNASEQ:GE... -
[-        ] process > NFCORE_SMRNASEQ:SMRNASEQ:GE... -
[-        ] process > NFCORE_SMRNASEQ:SMRNASEQ:GE... -
[-        ] process > NFCORE_SMRNASEQ:SMRNASEQ:GE... -
[-        ] process > NFCORE_SMRNASEQ:SMRNASEQ:GE... -
Pulling Singularity image https://depot.galaxyproject.org/singularity/fastp:0.23.2--h79da9fb_0 [cache /mnt/lts/nfs_fs02/bioinfo_core_jabsom/hanqiu/new_pipeline_test/work/singularity/depot.galaxyproject.org-singularity-fastp-0.23.2--h79da9fb_0.img]
Pulling Singularity image https://depot.galaxyproject.org/singularity/fastqc:0.11.9--0 [cache /mnt/lts/nfs_fs02/bioinfo_core_jabsom/hanqiu/new_pipeline_test/work/singularity/depot.galaxyproject.org-singularity-fastqc-0.11.9--0.img]
WARN: Singularity cache directory has not been defined -- Remote image will be stored in the path: /mnt/lts/nfs_fs02/bioinfo_core_jabsom/hanqiu/new_pipeline_test/work/singularity -- Use env variable NXF_SINGULARITY_CACHEDIR to specify a different location

executor >  slurm (48)
[42/5df762] process > NFCORE_SMRNASEQ:SMRNASEQ:IN... [100%] 1 of 1 ✔
[-        ] process > NFCORE_SMRNASEQ:SMRNASEQ:CA... -
[62/f06e05] process > NFCORE_SMRNASEQ:SMRNASEQ:FA... [  0%] 0 of 36
[8d/39736e] process > NFCORE_SMRNASEQ:SMRNASEQ:FA... [  0%] 0 of 36
[-        ] process > NFCORE_SMRNASEQ:SMRNASEQ:FA... -
[-        ] process > NFCORE_SMRNASEQ:SMRNASEQ:MI... -
[dc/eb752f] process > NFCORE_SMRNASEQ:SMRNASEQ:GE... [  0%] 0 of 1
[-        ] process > NFCORE_SMRNASEQ:SMRNASEQ:GE... -
[-        ] process > NFCORE_SMRNASEQ:SMRNASEQ:GE... -
[-        ] process > NFCORE_SMRNASEQ:SMRNASEQ:GE... -
[-        ] process > NFCORE_SMRNASEQ:SMRNASEQ:GE... -
[-        ] process > NFCORE_SMRNASEQ:SMRNASEQ:GE... -
[-        ] process > NFCORE_SMRNASEQ:SMRNASEQ:GE... -
[-        ] process > NFCORE_SMRNASEQ:SMRNASEQ:GE... -
[-        ] process > NFCORE_SMRNASEQ:SMRNASEQ:GE... -
[-        ] process > NFCORE_SMRNASEQ:SMRNASEQ:GE... -
Pulling Singularity image https://depot.galaxyproject.org/singularity/fastp:0.23.2--h79da9fb_0 [cache /mnt/lts/nfs_fs02/bioinfo_core_jabsom/hanqiu/new_pipeline_test/work/singularity/depot.galaxyproject.org-singularity-fastp-0.23.2--h79da9fb_0.img]
Pulling Singularity image https://depot.galaxyproject.org/singularity/fastqc:0.11.9--0 [cache /mnt/lts/nfs_fs02/bioinfo_core_jabsom/hanqiu/new_pipeline_test/work/singularity/depot.galaxyproject.org-singularity-fastqc-0.11.9--0.img]
WARN: Singularity cache directory has not been defined -- Remote image will be stored in the path: /mnt/lts/nfs_fs02/bioinfo_core_jabsom/hanqiu/new_pipeline_test/work/singularity -- Use env variable NXF_SINGULARITY_CACHEDIR to specify a different location

executor >  slurm (51)
[42/5df762] process > NFCORE_SMRNASEQ:SMRNASEQ:IN... [100%] 1 of 1 ✔
[-        ] process > NFCORE_SMRNASEQ:SMRNASEQ:CA... -
[d7/8d9acc] process > NFCORE_SMRNASEQ:SMRNASEQ:FA... [  0%] 0 of 36
[8d/39736e] process > NFCORE_SMRNASEQ:SMRNASEQ:FA... [  0%] 0 of 36
[-        ] process > NFCORE_SMRNASEQ:SMRNASEQ:FA... -
[-        ] process > NFCORE_SMRNASEQ:SMRNASEQ:MI... -
[dc/eb752f] process > NFCORE_SMRNASEQ:SMRNASEQ:GE... [  0%] 0 of 1
[-        ] process > NFCORE_SMRNASEQ:SMRNASEQ:GE... -
[-        ] process > NFCORE_SMRNASEQ:SMRNASEQ:GE... -
[-        ] process > NFCORE_SMRNASEQ:SMRNASEQ:GE... -
[-        ] process > NFCORE_SMRNASEQ:SMRNASEQ:GE... -
[-        ] process > NFCORE_SMRNASEQ:SMRNASEQ:GE... -
[-        ] process > NFCORE_SMRNASEQ:SMRNASEQ:GE... -
[-        ] process > NFCORE_SMRNASEQ:SMRNASEQ:GE... -
[-        ] process > NFCORE_SMRNASEQ:SMRNASEQ:GE... -
[-        ] process > NFCORE_SMRNASEQ:SMRNASEQ:GE... -
Pulling Singularity image https://depot.galaxyproject.org/singularity/fastp:0.23.2--h79da9fb_0 [cache /mnt/lts/nfs_fs02/bioinfo_core_jabsom/hanqiu/new_pipeline_test/work/singularity/depot.galaxyproject.org-singularity-fastp-0.23.2--h79da9fb_0.img]
Pulling Singularity image https://depot.galaxyproject.org/singularity/fastqc:0.11.9--0 [cache /mnt/lts/nfs_fs02/bioinfo_core_jabsom/hanqiu/new_pipeline_test/work/singularity/depot.galaxyproject.org-singularity-fastqc-0.11.9--0.img]
WARN: Singularity cache directory has not been defined -- Remote image will be stored in the path: /mnt/lts/nfs_fs02/bioinfo_core_jabsom/hanqiu/new_pipeline_test/work/singularity -- Use env variable NXF_SINGULARITY_CACHEDIR to specify a different location

executor >  slurm (54)
[42/5df762] process > NFCORE_SMRNASEQ:SMRNASEQ:IN... [100%] 1 of 1 ✔
[-        ] process > NFCORE_SMRNASEQ:SMRNASEQ:CA... -
[7f/170ace] process > NFCORE_SMRNASEQ:SMRNASEQ:FA... [  0%] 0 of 36
[8d/39736e] process > NFCORE_SMRNASEQ:SMRNASEQ:FA... [  0%] 0 of 36
[-        ] process > NFCORE_SMRNASEQ:SMRNASEQ:FA... -
[-        ] process > NFCORE_SMRNASEQ:SMRNASEQ:MI... -
[dc/eb752f] process > NFCORE_SMRNASEQ:SMRNASEQ:GE... [  0%] 0 of 1
[-        ] process > NFCORE_SMRNASEQ:SMRNASEQ:GE... -
[-        ] process > NFCORE_SMRNASEQ:SMRNASEQ:GE... -
[-        ] process > NFCORE_SMRNASEQ:SMRNASEQ:GE... -
[-        ] process > NFCORE_SMRNASEQ:SMRNASEQ:GE... -
[-        ] process > NFCORE_SMRNASEQ:SMRNASEQ:GE... -
[-        ] process > NFCORE_SMRNASEQ:SMRNASEQ:GE... -
[-        ] process > NFCORE_SMRNASEQ:SMRNASEQ:GE... -
[-        ] process > NFCORE_SMRNASEQ:SMRNASEQ:GE... -
[-        ] process > NFCORE_SMRNASEQ:SMRNASEQ:GE... -
Pulling Singularity image https://depot.galaxyproject.org/singularity/fastp:0.23.2--h79da9fb_0 [cache /mnt/lts/nfs_fs02/bioinfo_core_jabsom/hanqiu/new_pipeline_test/work/singularity/depot.galaxyproject.org-singularity-fastp-0.23.2--h79da9fb_0.img]
Pulling Singularity image https://depot.galaxyproject.org/singularity/fastqc:0.11.9--0 [cache /mnt/lts/nfs_fs02/bioinfo_core_jabsom/hanqiu/new_pipeline_test/work/singularity/depot.galaxyproject.org-singularity-fastqc-0.11.9--0.img]
WARN: Singularity cache directory has not been defined -- Remote image will be stored in the path: /mnt/lts/nfs_fs02/bioinfo_core_jabsom/hanqiu/new_pipeline_test/work/singularity -- Use env variable NXF_SINGULARITY_CACHEDIR to specify a different location

executor >  slurm (57)
[42/5df762] process > NFCORE_SMRNASEQ:SMRNASEQ:IN... [100%] 1 of 1 ✔
[-        ] process > NFCORE_SMRNASEQ:SMRNASEQ:CA... -
[09/40bda2] process > NFCORE_SMRNASEQ:SMRNASEQ:FA... [  0%] 0 of 36
[8d/39736e] process > NFCORE_SMRNASEQ:SMRNASEQ:FA... [  0%] 0 of 36
[-        ] process > NFCORE_SMRNASEQ:SMRNASEQ:FA... -
[-        ] process > NFCORE_SMRNASEQ:SMRNASEQ:MI... -
[dc/eb752f] process > NFCORE_SMRNASEQ:SMRNASEQ:GE... [  0%] 0 of 1
[-        ] process > NFCORE_SMRNASEQ:SMRNASEQ:GE... -
[-        ] process > NFCORE_SMRNASEQ:SMRNASEQ:GE... -
[-        ] process > NFCORE_SMRNASEQ:SMRNASEQ:GE... -
[-        ] process > NFCORE_SMRNASEQ:SMRNASEQ:GE... -
[-        ] process > NFCORE_SMRNASEQ:SMRNASEQ:GE... -
[-        ] process > NFCORE_SMRNASEQ:SMRNASEQ:GE... -
[-        ] process > NFCORE_SMRNASEQ:SMRNASEQ:GE... -
[-        ] process > NFCORE_SMRNASEQ:SMRNASEQ:GE... -
[-        ] process > NFCORE_SMRNASEQ:SMRNASEQ:GE... -
Pulling Singularity image https://depot.galaxyproject.org/singularity/fastp:0.23.2--h79da9fb_0 [cache /mnt/lts/nfs_fs02/bioinfo_core_jabsom/hanqiu/new_pipeline_test/work/singularity/depot.galaxyproject.org-singularity-fastp-0.23.2--h79da9fb_0.img]
Pulling Singularity image https://depot.galaxyproject.org/singularity/fastqc:0.11.9--0 [cache /mnt/lts/nfs_fs02/bioinfo_core_jabsom/hanqiu/new_pipeline_test/work/singularity/depot.galaxyproject.org-singularity-fastqc-0.11.9--0.img]
WARN: Singularity cache directory has not been defined -- Remote image will be stored in the path: /mnt/lts/nfs_fs02/bioinfo_core_jabsom/hanqiu/new_pipeline_test/work/singularity -- Use env variable NXF_SINGULARITY_CACHEDIR to specify a different location

executor >  slurm (60)
[42/5df762] process > NFCORE_SMRNASEQ:SMRNASEQ:IN... [100%] 1 of 1 ✔
[-        ] process > NFCORE_SMRNASEQ:SMRNASEQ:CA... -
[fa/e5f407] process > NFCORE_SMRNASEQ:SMRNASEQ:FA... [  0%] 0 of 36
[8d/39736e] process > NFCORE_SMRNASEQ:SMRNASEQ:FA... [  0%] 0 of 36
[-        ] process > NFCORE_SMRNASEQ:SMRNASEQ:FA... -
[-        ] process > NFCORE_SMRNASEQ:SMRNASEQ:MI... -
[dc/eb752f] process > NFCORE_SMRNASEQ:SMRNASEQ:GE... [  0%] 0 of 1
[-        ] process > NFCORE_SMRNASEQ:SMRNASEQ:GE... -
[-        ] process > NFCORE_SMRNASEQ:SMRNASEQ:GE... -
[-        ] process > NFCORE_SMRNASEQ:SMRNASEQ:GE... -
[-        ] process > NFCORE_SMRNASEQ:SMRNASEQ:GE... -
[-        ] process > NFCORE_SMRNASEQ:SMRNASEQ:GE... -
[-        ] process > NFCORE_SMRNASEQ:SMRNASEQ:GE... -
[-        ] process > NFCORE_SMRNASEQ:SMRNASEQ:GE... -
[-        ] process > NFCORE_SMRNASEQ:SMRNASEQ:GE... -
[-        ] process > NFCORE_SMRNASEQ:SMRNASEQ:GE... -
Pulling Singularity image https://depot.galaxyproject.org/singularity/fastp:0.23.2--h79da9fb_0 [cache /mnt/lts/nfs_fs02/bioinfo_core_jabsom/hanqiu/new_pipeline_test/work/singularity/depot.galaxyproject.org-singularity-fastp-0.23.2--h79da9fb_0.img]
Pulling Singularity image https://depot.galaxyproject.org/singularity/fastqc:0.11.9--0 [cache /mnt/lts/nfs_fs02/bioinfo_core_jabsom/hanqiu/new_pipeline_test/work/singularity/depot.galaxyproject.org-singularity-fastqc-0.11.9--0.img]
WARN: Singularity cache directory has not been defined -- Remote image will be stored in the path: /mnt/lts/nfs_fs02/bioinfo_core_jabsom/hanqiu/new_pipeline_test/work/singularity -- Use env variable NXF_SINGULARITY_CACHEDIR to specify a different location

executor >  slurm (63)
[42/5df762] process > NFCORE_SMRNASEQ:SMRNASEQ:IN... [100%] 1 of 1 ✔
[-        ] process > NFCORE_SMRNASEQ:SMRNASEQ:CA... -
[94/0990ab] process > NFCORE_SMRNASEQ:SMRNASEQ:FA... [  0%] 0 of 36
[8d/39736e] process > NFCORE_SMRNASEQ:SMRNASEQ:FA... [  0%] 0 of 36
[-        ] process > NFCORE_SMRNASEQ:SMRNASEQ:FA... -
[-        ] process > NFCORE_SMRNASEQ:SMRNASEQ:MI... -
[dc/eb752f] process > NFCORE_SMRNASEQ:SMRNASEQ:GE... [  0%] 0 of 1
[-        ] process > NFCORE_SMRNASEQ:SMRNASEQ:GE... -
[-        ] process > NFCORE_SMRNASEQ:SMRNASEQ:GE... -
[-        ] process > NFCORE_SMRNASEQ:SMRNASEQ:GE... -
[-        ] process > NFCORE_SMRNASEQ:SMRNASEQ:GE... -
[-        ] process > NFCORE_SMRNASEQ:SMRNASEQ:GE... -
[-        ] process > NFCORE_SMRNASEQ:SMRNASEQ:GE... -
[-        ] process > NFCORE_SMRNASEQ:SMRNASEQ:GE... -
[-        ] process > NFCORE_SMRNASEQ:SMRNASEQ:GE... -
[-        ] process > NFCORE_SMRNASEQ:SMRNASEQ:GE... -
Pulling Singularity image https://depot.galaxyproject.org/singularity/fastp:0.23.2--h79da9fb_0 [cache /mnt/lts/nfs_fs02/bioinfo_core_jabsom/hanqiu/new_pipeline_test/work/singularity/depot.galaxyproject.org-singularity-fastp-0.23.2--h79da9fb_0.img]
Pulling Singularity image https://depot.galaxyproject.org/singularity/fastqc:0.11.9--0 [cache /mnt/lts/nfs_fs02/bioinfo_core_jabsom/hanqiu/new_pipeline_test/work/singularity/depot.galaxyproject.org-singularity-fastqc-0.11.9--0.img]
WARN: Singularity cache directory has not been defined -- Remote image will be stored in the path: /mnt/lts/nfs_fs02/bioinfo_core_jabsom/hanqiu/new_pipeline_test/work/singularity -- Use env variable NXF_SINGULARITY_CACHEDIR to specify a different location

executor >  slurm (65)
[42/5df762] process > NFCORE_SMRNASEQ:SMRNASEQ:IN... [100%] 1 of 1 ✔
[-        ] process > NFCORE_SMRNASEQ:SMRNASEQ:CA... -
[c7/6eb899] process > NFCORE_SMRNASEQ:SMRNASEQ:FA... [  0%] 0 of 36
[8d/39736e] process > NFCORE_SMRNASEQ:SMRNASEQ:FA... [  0%] 0 of 36
[-        ] process > NFCORE_SMRNASEQ:SMRNASEQ:FA... -
[-        ] process > NFCORE_SMRNASEQ:SMRNASEQ:MI... -
[dc/eb752f] process > NFCORE_SMRNASEQ:SMRNASEQ:GE... [  0%] 0 of 1
[-        ] process > NFCORE_SMRNASEQ:SMRNASEQ:GE... -
[-        ] process > NFCORE_SMRNASEQ:SMRNASEQ:GE... -
[-        ] process > NFCORE_SMRNASEQ:SMRNASEQ:GE... -
[-        ] process > NFCORE_SMRNASEQ:SMRNASEQ:GE... -
[-        ] process > NFCORE_SMRNASEQ:SMRNASEQ:GE... -
[-        ] process > NFCORE_SMRNASEQ:SMRNASEQ:GE... -
[-        ] process > NFCORE_SMRNASEQ:SMRNASEQ:GE... -
[-        ] process > NFCORE_SMRNASEQ:SMRNASEQ:GE... -
[-        ] process > NFCORE_SMRNASEQ:SMRNASEQ:GE... -
Pulling Singularity image https://depot.galaxyproject.org/singularity/fastp:0.23.2--h79da9fb_0 [cache /mnt/lts/nfs_fs02/bioinfo_core_jabsom/hanqiu/new_pipeline_test/work/singularity/depot.galaxyproject.org-singularity-fastp-0.23.2--h79da9fb_0.img]
Pulling Singularity image https://depot.galaxyproject.org/singularity/fastqc:0.11.9--0 [cache /mnt/lts/nfs_fs02/bioinfo_core_jabsom/hanqiu/new_pipeline_test/work/singularity/depot.galaxyproject.org-singularity-fastqc-0.11.9--0.img]
WARN: Singularity cache directory has not been defined -- Remote image will be stored in the path: /mnt/lts/nfs_fs02/bioinfo_core_jabsom/hanqiu/new_pipeline_test/work/singularity -- Use env variable NXF_SINGULARITY_CACHEDIR to specify a different location

executor >  slurm (69)
[42/5df762] process > NFCORE_SMRNASEQ:SMRNASEQ:IN... [100%] 1 of 1 ✔
[-        ] process > NFCORE_SMRNASEQ:SMRNASEQ:CA... -
[50/9bb5ae] process > NFCORE_SMRNASEQ:SMRNASEQ:FA... [  0%] 0 of 36
[8d/39736e] process > NFCORE_SMRNASEQ:SMRNASEQ:FA... [  0%] 0 of 36
[-        ] process > NFCORE_SMRNASEQ:SMRNASEQ:FA... -
[-        ] process > NFCORE_SMRNASEQ:SMRNASEQ:MI... -
[dc/eb752f] process > NFCORE_SMRNASEQ:SMRNASEQ:GE... [100%] 1 of 1 ✔
[-        ] process > NFCORE_SMRNASEQ:SMRNASEQ:GE... -
[-        ] process > NFCORE_SMRNASEQ:SMRNASEQ:GE... -
[-        ] process > NFCORE_SMRNASEQ:SMRNASEQ:GE... -
[-        ] process > NFCORE_SMRNASEQ:SMRNASEQ:GE... -
[-        ] process > NFCORE_SMRNASEQ:SMRNASEQ:GE... -
[-        ] process > NFCORE_SMRNASEQ:SMRNASEQ:GE... -
[-        ] process > NFCORE_SMRNASEQ:SMRNASEQ:GE... -
[-        ] process > NFCORE_SMRNASEQ:SMRNASEQ:GE... -
[-        ] process > NFCORE_SMRNASEQ:SMRNASEQ:GE... -
Pulling Singularity image https://depot.galaxyproject.org/singularity/fastp:0.23.2--h79da9fb_0 [cache /mnt/lts/nfs_fs02/bioinfo_core_jabsom/hanqiu/new_pipeline_test/work/singularity/depot.galaxyproject.org-singularity-fastp-0.23.2--h79da9fb_0.img]
Pulling Singularity image https://depot.galaxyproject.org/singularity/fastqc:0.11.9--0 [cache /mnt/lts/nfs_fs02/bioinfo_core_jabsom/hanqiu/new_pipeline_test/work/singularity/depot.galaxyproject.org-singularity-fastqc-0.11.9--0.img]
WARN: Singularity cache directory has not been defined -- Remote image will be stored in the path: /mnt/lts/nfs_fs02/bioinfo_core_jabsom/hanqiu/new_pipeline_test/work/singularity -- Use env variable NXF_SINGULARITY_CACHEDIR to specify a different location

executor >  slurm (72)
[42/5df762] process > NFCORE_SMRNASEQ:SMRNASEQ:IN... [100%] 1 of 1 ✔
[-        ] process > NFCORE_SMRNASEQ:SMRNASEQ:CA... -
[3d/e2f810] process > NFCORE_SMRNASEQ:SMRNASEQ:FA... [  0%] 0 of 36
[8d/39736e] process > NFCORE_SMRNASEQ:SMRNASEQ:FA... [  0%] 0 of 36
[-        ] process > NFCORE_SMRNASEQ:SMRNASEQ:FA... -
[-        ] process > NFCORE_SMRNASEQ:SMRNASEQ:MI... -
[dc/eb752f] process > NFCORE_SMRNASEQ:SMRNASEQ:GE... [100%] 1 of 1 ✔
[-        ] process > NFCORE_SMRNASEQ:SMRNASEQ:GE... -
[-        ] process > NFCORE_SMRNASEQ:SMRNASEQ:GE... -
[-        ] process > NFCORE_SMRNASEQ:SMRNASEQ:GE... -
[-        ] process > NFCORE_SMRNASEQ:SMRNASEQ:GE... -
[-        ] process > NFCORE_SMRNASEQ:SMRNASEQ:GE... -
[-        ] process > NFCORE_SMRNASEQ:SMRNASEQ:GE... -
[-        ] process > NFCORE_SMRNASEQ:SMRNASEQ:GE... -
[-        ] process > NFCORE_SMRNASEQ:SMRNASEQ:GE... -
[-        ] process > NFCORE_SMRNASEQ:SMRNASEQ:GE... -
Pulling Singularity image https://depot.galaxyproject.org/singularity/fastp:0.23.2--h79da9fb_0 [cache /mnt/lts/nfs_fs02/bioinfo_core_jabsom/hanqiu/new_pipeline_test/work/singularity/depot.galaxyproject.org-singularity-fastp-0.23.2--h79da9fb_0.img]
Pulling Singularity image https://depot.galaxyproject.org/singularity/fastqc:0.11.9--0 [cache /mnt/lts/nfs_fs02/bioinfo_core_jabsom/hanqiu/new_pipeline_test/work/singularity/depot.galaxyproject.org-singularity-fastqc-0.11.9--0.img]
WARN: Singularity cache directory has not been defined -- Remote image will be stored in the path: /mnt/lts/nfs_fs02/bioinfo_core_jabsom/hanqiu/new_pipeline_test/work/singularity -- Use env variable NXF_SINGULARITY_CACHEDIR to specify a different location

executor >  slurm (74)
[42/5df762] process > NFCORE_SMRNASEQ:SMRNASEQ:IN... [100%] 1 of 1 ✔
[-        ] process > NFCORE_SMRNASEQ:SMRNASEQ:CA... -
[7e/e6e4e8] process > NFCORE_SMRNASEQ:SMRNASEQ:FA... [  0%] 0 of 36
[8d/39736e] process > NFCORE_SMRNASEQ:SMRNASEQ:FA... [  0%] 0 of 36
[-        ] process > NFCORE_SMRNASEQ:SMRNASEQ:FA... -
[-        ] process > NFCORE_SMRNASEQ:SMRNASEQ:MI... -
[dc/eb752f] process > NFCORE_SMRNASEQ:SMRNASEQ:GE... [100%] 1 of 1 ✔
[-        ] process > NFCORE_SMRNASEQ:SMRNASEQ:GE... -
[-        ] process > NFCORE_SMRNASEQ:SMRNASEQ:GE... -
[-        ] process > NFCORE_SMRNASEQ:SMRNASEQ:GE... -
[-        ] process > NFCORE_SMRNASEQ:SMRNASEQ:GE... -
[-        ] process > NFCORE_SMRNASEQ:SMRNASEQ:GE... -
[-        ] process > NFCORE_SMRNASEQ:SMRNASEQ:GE... -
[-        ] process > NFCORE_SMRNASEQ:SMRNASEQ:GE... -
[-        ] process > NFCORE_SMRNASEQ:SMRNASEQ:GE... -
[-        ] process > NFCORE_SMRNASEQ:SMRNASEQ:GE... -
Pulling Singularity image https://depot.galaxyproject.org/singularity/fastp:0.23.2--h79da9fb_0 [cache /mnt/lts/nfs_fs02/bioinfo_core_jabsom/hanqiu/new_pipeline_test/work/singularity/depot.galaxyproject.org-singularity-fastp-0.23.2--h79da9fb_0.img]
Pulling Singularity image https://depot.galaxyproject.org/singularity/fastqc:0.11.9--0 [cache /mnt/lts/nfs_fs02/bioinfo_core_jabsom/hanqiu/new_pipeline_test/work/singularity/depot.galaxyproject.org-singularity-fastqc-0.11.9--0.img]
WARN: Singularity cache directory has not been defined -- Remote image will be stored in the path: /mnt/lts/nfs_fs02/bioinfo_core_jabsom/hanqiu/new_pipeline_test/work/singularity -- Use env variable NXF_SINGULARITY_CACHEDIR to specify a different location

executor >  slurm (74)
[42/5df762] process > NFCORE_SMRNASEQ:SMRNASEQ:IN... [100%] 1 of 1 ✔
[-        ] process > NFCORE_SMRNASEQ:SMRNASEQ:CA... -
[7e/e6e4e8] process > NFCORE_SMRNASEQ:SMRNASEQ:FA... [  0%] 0 of 36
[8d/39736e] process > NFCORE_SMRNASEQ:SMRNASEQ:FA... [  0%] 0 of 36
[-        ] process > NFCORE_SMRNASEQ:SMRNASEQ:FA... -
[-        ] process > NFCORE_SMRNASEQ:SMRNASEQ:MI... -
[dc/eb752f] process > NFCORE_SMRNASEQ:SMRNASEQ:GE... [100%] 1 of 1 ✔
[-        ] process > NFCORE_SMRNASEQ:SMRNASEQ:GE... -
[-        ] process > NFCORE_SMRNASEQ:SMRNASEQ:GE... -
[-        ] process > NFCORE_SMRNASEQ:SMRNASEQ:GE... -
[-        ] process > NFCORE_SMRNASEQ:SMRNASEQ:GE... -
[-        ] process > NFCORE_SMRNASEQ:SMRNASEQ:GE... -
[-        ] process > NFCORE_SMRNASEQ:SMRNASEQ:GE... -
[-        ] process > NFCORE_SMRNASEQ:SMRNASEQ:GE... -
[-        ] process > NFCORE_SMRNASEQ:SMRNASEQ:GE... -
[-        ] process > NFCORE_SMRNASEQ:SMRNASEQ:GE... -




executor >  slurm (74)
[42/5df762] process > NFCORE_SMRNASEQ:SMRNASEQ:IN... [100%] 1 of 1 ✔
[-        ] process > NFCORE_SMRNASEQ:SMRNASEQ:CA... -
[7e/e6e4e8] process > NFCORE_SMRNASEQ:SMRNASEQ:FA... [  0%] 0 of 36
[8d/39736e] process > NFCORE_SMRNASEQ:SMRNASEQ:FA... [  0%] 0 of 36
[-        ] process > NFCORE_SMRNASEQ:SMRNASEQ:FA... -
[-        ] process > NFCORE_SMRNASEQ:SMRNASEQ:MI... -
[dc/eb752f] process > NFCORE_SMRNASEQ:SMRNASEQ:GE... [100%] 1 of 1 ✔
[-        ] process > NFCORE_SMRNASEQ:SMRNASEQ:GE... -
[-        ] process > NFCORE_SMRNASEQ:SMRNASEQ:GE... -
[-        ] process > NFCORE_SMRNASEQ:SMRNASEQ:GE... -
[-        ] process > NFCORE_SMRNASEQ:SMRNASEQ:GE... -
[-        ] process > NFCORE_SMRNASEQ:SMRNASEQ:GE... -
[-        ] process > NFCORE_SMRNASEQ:SMRNASEQ:GE... -
[-        ] process > NFCORE_SMRNASEQ:SMRNASEQ:GE... -
[-        ] process > NFCORE_SMRNASEQ:SMRNASEQ:GE... -
[-        ] process > NFCORE_SMRNASEQ:SMRNASEQ:GE... -




executor >  slurm (74)
[42/5df762] process > NFCORE_SMRNASEQ:SMRNASEQ:IN... [100%] 1 of 1 ✔
[-        ] process > NFCORE_SMRNASEQ:SMRNASEQ:CA... -
[7e/e6e4e8] process > NFCORE_SMRNASEQ:SMRNASEQ:FA... [  0%] 0 of 36
[8d/39736e] process > NFCORE_SMRNASEQ:SMRNASEQ:FA... [  0%] 0 of 36
[-        ] process > NFCORE_SMRNASEQ:SMRNASEQ:FA... -
[-        ] process > NFCORE_SMRNASEQ:SMRNASEQ:MI... -
[dc/eb752f] process > NFCORE_SMRNASEQ:SMRNASEQ:GE... [100%] 1 of 1 ✔
[-        ] process > NFCORE_SMRNASEQ:SMRNASEQ:GE... -
[-        ] process > NFCORE_SMRNASEQ:SMRNASEQ:GE... -
[-        ] process > NFCORE_SMRNASEQ:SMRNASEQ:GE... -
[-        ] process > NFCORE_SMRNASEQ:SMRNASEQ:GE... -
[-        ] process > NFCORE_SMRNASEQ:SMRNASEQ:GE... -
[-        ] process > NFCORE_SMRNASEQ:SMRNASEQ:GE... -
[-        ] process > NFCORE_SMRNASEQ:SMRNASEQ:GE... -
[-        ] process > NFCORE_SMRNASEQ:SMRNASEQ:GE... -
[-        ] process > NFCORE_SMRNASEQ:SMRNASEQ:GE... -

executor >  slurm (75)
[42/5df762] process > NFCORE_SMRNASEQ:SMRNASEQ:IN... [100%] 1 of 1 ✔
[-        ] process > NFCORE_SMRNASEQ:SMRNASEQ:CA... -
[7e/e6e4e8] process > NFCORE_SMRNASEQ:SMRNASEQ:FA... [  0%] 0 of 36
[3f/2b5d78] process > NFCORE_SMRNASEQ:SMRNASEQ:FA... [  2%] 1 of 36
[db/6282e9] process > NFCORE_SMRNASEQ:SMRNASEQ:FA... [  0%] 0 of 1
[-        ] process > NFCORE_SMRNASEQ:SMRNASEQ:MI... -
[dc/eb752f] process > NFCORE_SMRNASEQ:SMRNASEQ:GE... [100%] 1 of 1 ✔
[-        ] process > NFCORE_SMRNASEQ:SMRNASEQ:GE... -
[-        ] process > NFCORE_SMRNASEQ:SMRNASEQ:GE... -
[-        ] process > NFCORE_SMRNASEQ:SMRNASEQ:GE... -
[-        ] process > NFCORE_SMRNASEQ:SMRNASEQ:GE... -
[-        ] process > NFCORE_SMRNASEQ:SMRNASEQ:GE... -
[-        ] process > NFCORE_SMRNASEQ:SMRNASEQ:GE... -
[-        ] process > NFCORE_SMRNASEQ:SMRNASEQ:GE... -
[-        ] process > NFCORE_SMRNASEQ:SMRNASEQ:GE... -
[-        ] process > NFCORE_SMRNASEQ:SMRNASEQ:GE... -
Pulling Singularity image https://depot.galaxyproject.org/singularity/mirtrace:1.0.1--hdfd78af_1 [cache /mnt/lts/nfs_fs02/bioinfo_core_jabsom/hanqiu/new_pipeline_test/work/singularity/depot.galaxyproject.org-singularity-mirtrace-1.0.1--hdfd78af_1.img]
Pulling Singularity image https://depot.galaxyproject.org/singularity/mulled-v2-ffbf83a6b0ab6ec567a336cf349b80637135bca3:40128b496751b037e2bd85f6789e83d4ff8a4837-0 [cache /mnt/lts/nfs_fs02/bioinfo_core_jabsom/hanqiu/new_pipeline_test/work/singularity/depot.galaxyproject.org-singularity-mulled-v2-ffbf83a6b0ab6ec567a336cf349b80637135bca3-40128b496751b037e2bd85f6789e83d4ff8a4837-0.img]
WARN: Singularity cache directory has not been defined -- Remote image will be stored in the path: /mnt/lts/nfs_fs02/bioinfo_core_jabsom/hanqiu/new_pipeline_test/work/singularity -- Use env variable NXF_SINGULARITY_CACHEDIR to specify a different location

executor >  slurm (76)
[42/5df762] process > NFCORE_SMRNASEQ:SMRNASEQ:IN... [100%] 1 of 1 ✔
[-        ] process > NFCORE_SMRNASEQ:SMRNASEQ:CA... -
[7e/e6e4e8] process > NFCORE_SMRNASEQ:SMRNASEQ:FA... [  0%] 0 of 36
[3f/2b5d78] process > NFCORE_SMRNASEQ:SMRNASEQ:FA... [  2%] 1 of 36
[db/6282e9] process > NFCORE_SMRNASEQ:SMRNASEQ:FA... [  0%] 0 of 1
[-        ] process > NFCORE_SMRNASEQ:SMRNASEQ:MI... -
[dc/eb752f] process > NFCORE_SMRNASEQ:SMRNASEQ:GE... [100%] 1 of 1 ✔
[f6/2b04b9] process > NFCORE_SMRNASEQ:SMRNASEQ:GE... [  0%] 0 of 1
[-        ] process > NFCORE_SMRNASEQ:SMRNASEQ:GE... -
[-        ] process > NFCORE_SMRNASEQ:SMRNASEQ:GE... -
[-        ] process > NFCORE_SMRNASEQ:SMRNASEQ:GE... -
[-        ] process > NFCORE_SMRNASEQ:SMRNASEQ:GE... -
[-        ] process > NFCORE_SMRNASEQ:SMRNASEQ:GE... -
[-        ] process > NFCORE_SMRNASEQ:SMRNASEQ:GE... -
[-        ] process > NFCORE_SMRNASEQ:SMRNASEQ:GE... -
[-        ] process > NFCORE_SMRNASEQ:SMRNASEQ:GE... -
Pulling Singularity image https://depot.galaxyproject.org/singularity/mirtrace:1.0.1--hdfd78af_1 [cache /mnt/lts/nfs_fs02/bioinfo_core_jabsom/hanqiu/new_pipeline_test/work/singularity/depot.galaxyproject.org-singularity-mirtrace-1.0.1--hdfd78af_1.img]
Pulling Singularity image https://depot.galaxyproject.org/singularity/mulled-v2-ffbf83a6b0ab6ec567a336cf349b80637135bca3:40128b496751b037e2bd85f6789e83d4ff8a4837-0 [cache /mnt/lts/nfs_fs02/bioinfo_core_jabsom/hanqiu/new_pipeline_test/work/singularity/depot.galaxyproject.org-singularity-mulled-v2-ffbf83a6b0ab6ec567a336cf349b80637135bca3-40128b496751b037e2bd85f6789e83d4ff8a4837-0.img]
WARN: Singularity cache directory has not been defined -- Remote image will be stored in the path: /mnt/lts/nfs_fs02/bioinfo_core_jabsom/hanqiu/new_pipeline_test/work/singularity -- Use env variable NXF_SINGULARITY_CACHEDIR to specify a different location

executor >  slurm (77)
[42/5df762] process > NFCORE_SMRNASEQ:SMRNASEQ:IN... [100%] 1 of 1 ✔
[-        ] process > NFCORE_SMRNASEQ:SMRNASEQ:CA... -
[7e/e6e4e8] process > NFCORE_SMRNASEQ:SMRNASEQ:FA... [  0%] 0 of 36
[3f/2b5d78] process > NFCORE_SMRNASEQ:SMRNASEQ:FA... [  2%] 1 of 36
[db/6282e9] process > NFCORE_SMRNASEQ:SMRNASEQ:FA... [  0%] 0 of 1
[3f/12a5f8] process > NFCORE_SMRNASEQ:SMRNASEQ:MI... [  0%] 0 of 1
[dc/eb752f] process > NFCORE_SMRNASEQ:SMRNASEQ:GE... [100%] 1 of 1 ✔
[f6/2b04b9] process > NFCORE_SMRNASEQ:SMRNASEQ:GE... [  0%] 0 of 1
[-        ] process > NFCORE_SMRNASEQ:SMRNASEQ:GE... -
[-        ] process > NFCORE_SMRNASEQ:SMRNASEQ:GE... -
[-        ] process > NFCORE_SMRNASEQ:SMRNASEQ:GE... -
[-        ] process > NFCORE_SMRNASEQ:SMRNASEQ:GE... -
[-        ] process > NFCORE_SMRNASEQ:SMRNASEQ:GE... -
[-        ] process > NFCORE_SMRNASEQ:SMRNASEQ:GE... -
[-        ] process > NFCORE_SMRNASEQ:SMRNASEQ:GE... -
[-        ] process > NFCORE_SMRNASEQ:SMRNASEQ:GE... -
Pulling Singularity image https://depot.galaxyproject.org/singularity/mirtrace:1.0.1--hdfd78af_1 [cache /mnt/lts/nfs_fs02/bioinfo_core_jabsom/hanqiu/new_pipeline_test/work/singularity/depot.galaxyproject.org-singularity-mirtrace-1.0.1--hdfd78af_1.img]
Pulling Singularity image https://depot.galaxyproject.org/singularity/mulled-v2-ffbf83a6b0ab6ec567a336cf349b80637135bca3:40128b496751b037e2bd85f6789e83d4ff8a4837-0 [cache /mnt/lts/nfs_fs02/bioinfo_core_jabsom/hanqiu/new_pipeline_test/work/singularity/depot.galaxyproject.org-singularity-mulled-v2-ffbf83a6b0ab6ec567a336cf349b80637135bca3-40128b496751b037e2bd85f6789e83d4ff8a4837-0.img]
WARN: Singularity cache directory has not been defined -- Remote image will be stored in the path: /mnt/lts/nfs_fs02/bioinfo_core_jabsom/hanqiu/new_pipeline_test/work/singularity -- Use env variable NXF_SINGULARITY_CACHEDIR to specify a different location

executor >  slurm (78)
[42/5df762] process > NFCORE_SMRNASEQ:SMRNASEQ:IN... [100%] 1 of 1 ✔
[-        ] process > NFCORE_SMRNASEQ:SMRNASEQ:CA... -
[7e/e6e4e8] process > NFCORE_SMRNASEQ:SMRNASEQ:FA... [  0%] 0 of 36
[2d/75d37d] process > NFCORE_SMRNASEQ:SMRNASEQ:FA... [ 25%] 9 of 36
[db/6282e9] process > NFCORE_SMRNASEQ:SMRNASEQ:FA... [  0%] 0 of 9
[e3/aeb0ad] process > NFCORE_SMRNASEQ:SMRNASEQ:MI... [  0%] 0 of 9
[dc/eb752f] process > NFCORE_SMRNASEQ:SMRNASEQ:GE... [100%] 1 of 1 ✔
[f6/2b04b9] process > NFCORE_SMRNASEQ:SMRNASEQ:GE... [  0%] 0 of 9
[-        ] process > NFCORE_SMRNASEQ:SMRNASEQ:GE... -
[-        ] process > NFCORE_SMRNASEQ:SMRNASEQ:GE... -
[-        ] process > NFCORE_SMRNASEQ:SMRNASEQ:GE... -
[-        ] process > NFCORE_SMRNASEQ:SMRNASEQ:GE... -
[-        ] process > NFCORE_SMRNASEQ:SMRNASEQ:GE... -
[-        ] process > NFCORE_SMRNASEQ:SMRNASEQ:GE... -
[-        ] process > NFCORE_SMRNASEQ:SMRNASEQ:GE... -
[-        ] process > NFCORE_SMRNASEQ:SMRNASEQ:GE... -
Pulling Singularity image https://depot.galaxyproject.org/singularity/mirtrace:1.0.1--hdfd78af_1 [cache /mnt/lts/nfs_fs02/bioinfo_core_jabsom/hanqiu/new_pipeline_test/work/singularity/depot.galaxyproject.org-singularity-mirtrace-1.0.1--hdfd78af_1.img]
Pulling Singularity image https://depot.galaxyproject.org/singularity/mulled-v2-ffbf83a6b0ab6ec567a336cf349b80637135bca3:40128b496751b037e2bd85f6789e83d4ff8a4837-0 [cache /mnt/lts/nfs_fs02/bioinfo_core_jabsom/hanqiu/new_pipeline_test/work/singularity/depot.galaxyproject.org-singularity-mulled-v2-ffbf83a6b0ab6ec567a336cf349b80637135bca3-40128b496751b037e2bd85f6789e83d4ff8a4837-0.img]
WARN: Singularity cache directory has not been defined -- Remote image will be stored in the path: /mnt/lts/nfs_fs02/bioinfo_core_jabsom/hanqiu/new_pipeline_test/work/singularity -- Use env variable NXF_SINGULARITY_CACHEDIR to specify a different location

executor >  slurm (82)
[42/5df762] process > NFCORE_SMRNASEQ:SMRNASEQ:IN... [100%] 1 of 1 ✔
[-        ] process > NFCORE_SMRNASEQ:SMRNASEQ:CA... -
[7e/e6e4e8] process > NFCORE_SMRNASEQ:SMRNASEQ:FA... [  0%] 0 of 36
[2d/75d37d] process > NFCORE_SMRNASEQ:SMRNASEQ:FA... [ 25%] 9 of 36
[ae/292e31] process > NFCORE_SMRNASEQ:SMRNASEQ:FA... [  0%] 0 of 9
[37/8c17da] process > NFCORE_SMRNASEQ:SMRNASEQ:MI... [  0%] 0 of 9
[dc/eb752f] process > NFCORE_SMRNASEQ:SMRNASEQ:GE... [100%] 1 of 1 ✔
[c9/852321] process > NFCORE_SMRNASEQ:SMRNASEQ:GE... [  0%] 0 of 9
[-        ] process > NFCORE_SMRNASEQ:SMRNASEQ:GE... -
[-        ] process > NFCORE_SMRNASEQ:SMRNASEQ:GE... -
[-        ] process > NFCORE_SMRNASEQ:SMRNASEQ:GE... -
[-        ] process > NFCORE_SMRNASEQ:SMRNASEQ:GE... -
[-        ] process > NFCORE_SMRNASEQ:SMRNASEQ:GE... -
[-        ] process > NFCORE_SMRNASEQ:SMRNASEQ:GE... -
[-        ] process > NFCORE_SMRNASEQ:SMRNASEQ:GE... -
[-        ] process > NFCORE_SMRNASEQ:SMRNASEQ:GE... -
Pulling Singularity image https://depot.galaxyproject.org/singularity/mirtrace:1.0.1--hdfd78af_1 [cache /mnt/lts/nfs_fs02/bioinfo_core_jabsom/hanqiu/new_pipeline_test/work/singularity/depot.galaxyproject.org-singularity-mirtrace-1.0.1--hdfd78af_1.img]
Pulling Singularity image https://depot.galaxyproject.org/singularity/mulled-v2-ffbf83a6b0ab6ec567a336cf349b80637135bca3:40128b496751b037e2bd85f6789e83d4ff8a4837-0 [cache /mnt/lts/nfs_fs02/bioinfo_core_jabsom/hanqiu/new_pipeline_test/work/singularity/depot.galaxyproject.org-singularity-mulled-v2-ffbf83a6b0ab6ec567a336cf349b80637135bca3-40128b496751b037e2bd85f6789e83d4ff8a4837-0.img]
WARN: Singularity cache directory has not been defined -- Remote image will be stored in the path: /mnt/lts/nfs_fs02/bioinfo_core_jabsom/hanqiu/new_pipeline_test/work/singularity -- Use env variable NXF_SINGULARITY_CACHEDIR to specify a different location

executor >  slurm (85)
[42/5df762] process > NFCORE_SMRNASEQ:SMRNASEQ:IN... [100%] 1 of 1 ✔
[-        ] process > NFCORE_SMRNASEQ:SMRNASEQ:CA... -
[7e/e6e4e8] process > NFCORE_SMRNASEQ:SMRNASEQ:FA... [  0%] 0 of 36
[2d/75d37d] process > NFCORE_SMRNASEQ:SMRNASEQ:FA... [ 25%] 9 of 36
[8a/307e5e] process > NFCORE_SMRNASEQ:SMRNASEQ:FA... [  0%] 0 of 9
[37/8c17da] process > NFCORE_SMRNASEQ:SMRNASEQ:MI... [  0%] 0 of 9
[dc/eb752f] process > NFCORE_SMRNASEQ:SMRNASEQ:GE... [100%] 1 of 1 ✔
[e8/8b0e5a] process > NFCORE_SMRNASEQ:SMRNASEQ:GE... [  0%] 0 of 9
[-        ] process > NFCORE_SMRNASEQ:SMRNASEQ:GE... -
[-        ] process > NFCORE_SMRNASEQ:SMRNASEQ:GE... -
[-        ] process > NFCORE_SMRNASEQ:SMRNASEQ:GE... -
[-        ] process > NFCORE_SMRNASEQ:SMRNASEQ:GE... -
[-        ] process > NFCORE_SMRNASEQ:SMRNASEQ:GE... -
[-        ] process > NFCORE_SMRNASEQ:SMRNASEQ:GE... -
[-        ] process > NFCORE_SMRNASEQ:SMRNASEQ:GE... -
[-        ] process > NFCORE_SMRNASEQ:SMRNASEQ:GE... -
Pulling Singularity image https://depot.galaxyproject.org/singularity/mirtrace:1.0.1--hdfd78af_1 [cache /mnt/lts/nfs_fs02/bioinfo_core_jabsom/hanqiu/new_pipeline_test/work/singularity/depot.galaxyproject.org-singularity-mirtrace-1.0.1--hdfd78af_1.img]
Pulling Singularity image https://depot.galaxyproject.org/singularity/mulled-v2-ffbf83a6b0ab6ec567a336cf349b80637135bca3:40128b496751b037e2bd85f6789e83d4ff8a4837-0 [cache /mnt/lts/nfs_fs02/bioinfo_core_jabsom/hanqiu/new_pipeline_test/work/singularity/depot.galaxyproject.org-singularity-mulled-v2-ffbf83a6b0ab6ec567a336cf349b80637135bca3-40128b496751b037e2bd85f6789e83d4ff8a4837-0.img]
WARN: Singularity cache directory has not been defined -- Remote image will be stored in the path: /mnt/lts/nfs_fs02/bioinfo_core_jabsom/hanqiu/new_pipeline_test/work/singularity -- Use env variable NXF_SINGULARITY_CACHEDIR to specify a different location

executor >  slurm (88)
[42/5df762] process > NFCORE_SMRNASEQ:SMRNASEQ:IN... [100%] 1 of 1 ✔
[-        ] process > NFCORE_SMRNASEQ:SMRNASEQ:CA... -
[7e/e6e4e8] process > NFCORE_SMRNASEQ:SMRNASEQ:FA... [  0%] 0 of 36
[2d/75d37d] process > NFCORE_SMRNASEQ:SMRNASEQ:FA... [ 25%] 9 of 36
[16/42c1d5] process > NFCORE_SMRNASEQ:SMRNASEQ:FA... [  0%] 0 of 9
[11/5e5f40] process > NFCORE_SMRNASEQ:SMRNASEQ:MI... [  0%] 0 of 9
[dc/eb752f] process > NFCORE_SMRNASEQ:SMRNASEQ:GE... [100%] 1 of 1 ✔
[e8/8b0e5a] process > NFCORE_SMRNASEQ:SMRNASEQ:GE... [  0%] 0 of 9
[-        ] process > NFCORE_SMRNASEQ:SMRNASEQ:GE... -
[-        ] process > NFCORE_SMRNASEQ:SMRNASEQ:GE... -
[-        ] process > NFCORE_SMRNASEQ:SMRNASEQ:GE... -
[-        ] process > NFCORE_SMRNASEQ:SMRNASEQ:GE... -
[-        ] process > NFCORE_SMRNASEQ:SMRNASEQ:GE... -
[-        ] process > NFCORE_SMRNASEQ:SMRNASEQ:GE... -
[-        ] process > NFCORE_SMRNASEQ:SMRNASEQ:GE... -
[-        ] process > NFCORE_SMRNASEQ:SMRNASEQ:GE... -
Pulling Singularity image https://depot.galaxyproject.org/singularity/mirtrace:1.0.1--hdfd78af_1 [cache /mnt/lts/nfs_fs02/bioinfo_core_jabsom/hanqiu/new_pipeline_test/work/singularity/depot.galaxyproject.org-singularity-mirtrace-1.0.1--hdfd78af_1.img]
Pulling Singularity image https://depot.galaxyproject.org/singularity/mulled-v2-ffbf83a6b0ab6ec567a336cf349b80637135bca3:40128b496751b037e2bd85f6789e83d4ff8a4837-0 [cache /mnt/lts/nfs_fs02/bioinfo_core_jabsom/hanqiu/new_pipeline_test/work/singularity/depot.galaxyproject.org-singularity-mulled-v2-ffbf83a6b0ab6ec567a336cf349b80637135bca3-40128b496751b037e2bd85f6789e83d4ff8a4837-0.img]
WARN: Singularity cache directory has not been defined -- Remote image will be stored in the path: /mnt/lts/nfs_fs02/bioinfo_core_jabsom/hanqiu/new_pipeline_test/work/singularity -- Use env variable NXF_SINGULARITY_CACHEDIR to specify a different location

executor >  slurm (91)
[42/5df762] process > NFCORE_SMRNASEQ:SMRNASEQ:IN... [100%] 1 of 1 ✔
[-        ] process > NFCORE_SMRNASEQ:SMRNASEQ:CA... -
[7e/e6e4e8] process > NFCORE_SMRNASEQ:SMRNASEQ:FA... [  0%] 0 of 36
[2d/75d37d] process > NFCORE_SMRNASEQ:SMRNASEQ:FA... [ 25%] 9 of 36
[3d/c7c0b4] process > NFCORE_SMRNASEQ:SMRNASEQ:FA... [  0%] 0 of 9
[11/5e5f40] process > NFCORE_SMRNASEQ:SMRNASEQ:MI... [  0%] 0 of 9
[dc/eb752f] process > NFCORE_SMRNASEQ:SMRNASEQ:GE... [100%] 1 of 1 ✔
[e3/2bf711] process > NFCORE_SMRNASEQ:SMRNASEQ:GE... [  0%] 0 of 9
[-        ] process > NFCORE_SMRNASEQ:SMRNASEQ:GE... -
[-        ] process > NFCORE_SMRNASEQ:SMRNASEQ:GE... -
[-        ] process > NFCORE_SMRNASEQ:SMRNASEQ:GE... -
[-        ] process > NFCORE_SMRNASEQ:SMRNASEQ:GE... -
[-        ] process > NFCORE_SMRNASEQ:SMRNASEQ:GE... -
[-        ] process > NFCORE_SMRNASEQ:SMRNASEQ:GE... -
[-        ] process > NFCORE_SMRNASEQ:SMRNASEQ:GE... -
[-        ] process > NFCORE_SMRNASEQ:SMRNASEQ:GE... -
Pulling Singularity image https://depot.galaxyproject.org/singularity/mirtrace:1.0.1--hdfd78af_1 [cache /mnt/lts/nfs_fs02/bioinfo_core_jabsom/hanqiu/new_pipeline_test/work/singularity/depot.galaxyproject.org-singularity-mirtrace-1.0.1--hdfd78af_1.img]
Pulling Singularity image https://depot.galaxyproject.org/singularity/mulled-v2-ffbf83a6b0ab6ec567a336cf349b80637135bca3:40128b496751b037e2bd85f6789e83d4ff8a4837-0 [cache /mnt/lts/nfs_fs02/bioinfo_core_jabsom/hanqiu/new_pipeline_test/work/singularity/depot.galaxyproject.org-singularity-mulled-v2-ffbf83a6b0ab6ec567a336cf349b80637135bca3-40128b496751b037e2bd85f6789e83d4ff8a4837-0.img]
WARN: Singularity cache directory has not been defined -- Remote image will be stored in the path: /mnt/lts/nfs_fs02/bioinfo_core_jabsom/hanqiu/new_pipeline_test/work/singularity -- Use env variable NXF_SINGULARITY_CACHEDIR to specify a different location

executor >  slurm (93)
[42/5df762] process > NFCORE_SMRNASEQ:SMRNASEQ:IN... [100%] 1 of 1 ✔
[-        ] process > NFCORE_SMRNASEQ:SMRNASEQ:CA... -
[7e/e6e4e8] process > NFCORE_SMRNASEQ:SMRNASEQ:FA... [  0%] 0 of 36
[2d/75d37d] process > NFCORE_SMRNASEQ:SMRNASEQ:FA... [ 25%] 9 of 36
[51/82eeb0] process > NFCORE_SMRNASEQ:SMRNASEQ:FA... [  0%] 0 of 9
[86/f81d0b] process > NFCORE_SMRNASEQ:SMRNASEQ:MI... [  0%] 0 of 9
[dc/eb752f] process > NFCORE_SMRNASEQ:SMRNASEQ:GE... [100%] 1 of 1 ✔
[e3/2bf711] process > NFCORE_SMRNASEQ:SMRNASEQ:GE... [  0%] 0 of 9
[-        ] process > NFCORE_SMRNASEQ:SMRNASEQ:GE... -
[-        ] process > NFCORE_SMRNASEQ:SMRNASEQ:GE... -
[-        ] process > NFCORE_SMRNASEQ:SMRNASEQ:GE... -
[-        ] process > NFCORE_SMRNASEQ:SMRNASEQ:GE... -
[-        ] process > NFCORE_SMRNASEQ:SMRNASEQ:GE... -
[-        ] process > NFCORE_SMRNASEQ:SMRNASEQ:GE... -
[-        ] process > NFCORE_SMRNASEQ:SMRNASEQ:GE... -
[-        ] process > NFCORE_SMRNASEQ:SMRNASEQ:GE... -
Pulling Singularity image https://depot.galaxyproject.org/singularity/mirtrace:1.0.1--hdfd78af_1 [cache /mnt/lts/nfs_fs02/bioinfo_core_jabsom/hanqiu/new_pipeline_test/work/singularity/depot.galaxyproject.org-singularity-mirtrace-1.0.1--hdfd78af_1.img]
Pulling Singularity image https://depot.galaxyproject.org/singularity/mulled-v2-ffbf83a6b0ab6ec567a336cf349b80637135bca3:40128b496751b037e2bd85f6789e83d4ff8a4837-0 [cache /mnt/lts/nfs_fs02/bioinfo_core_jabsom/hanqiu/new_pipeline_test/work/singularity/depot.galaxyproject.org-singularity-mulled-v2-ffbf83a6b0ab6ec567a336cf349b80637135bca3-40128b496751b037e2bd85f6789e83d4ff8a4837-0.img]
WARN: Singularity cache directory has not been defined -- Remote image will be stored in the path: /mnt/lts/nfs_fs02/bioinfo_core_jabsom/hanqiu/new_pipeline_test/work/singularity -- Use env variable NXF_SINGULARITY_CACHEDIR to specify a different location

executor >  slurm (96)
[42/5df762] process > NFCORE_SMRNASEQ:SMRNASEQ:IN... [100%] 1 of 1 ✔
[-        ] process > NFCORE_SMRNASEQ:SMRNASEQ:CA... -
[7e/e6e4e8] process > NFCORE_SMRNASEQ:SMRNASEQ:FA... [  0%] 0 of 36
[2d/75d37d] process > NFCORE_SMRNASEQ:SMRNASEQ:FA... [ 25%] 9 of 36
[0e/21ed16] process > NFCORE_SMRNASEQ:SMRNASEQ:FA... [  0%] 0 of 9
[e3/ada2fc] process > NFCORE_SMRNASEQ:SMRNASEQ:MI... [  0%] 0 of 9
[dc/eb752f] process > NFCORE_SMRNASEQ:SMRNASEQ:GE... [100%] 1 of 1 ✔
[41/31ff57] process > NFCORE_SMRNASEQ:SMRNASEQ:GE... [  0%] 0 of 9
[-        ] process > NFCORE_SMRNASEQ:SMRNASEQ:GE... -
[-        ] process > NFCORE_SMRNASEQ:SMRNASEQ:GE... -
[-        ] process > NFCORE_SMRNASEQ:SMRNASEQ:GE... -
[-        ] process > NFCORE_SMRNASEQ:SMRNASEQ:GE... -
[-        ] process > NFCORE_SMRNASEQ:SMRNASEQ:GE... -
[-        ] process > NFCORE_SMRNASEQ:SMRNASEQ:GE... -
[-        ] process > NFCORE_SMRNASEQ:SMRNASEQ:GE... -
[-        ] process > NFCORE_SMRNASEQ:SMRNASEQ:GE... -
Pulling Singularity image https://depot.galaxyproject.org/singularity/mirtrace:1.0.1--hdfd78af_1 [cache /mnt/lts/nfs_fs02/bioinfo_core_jabsom/hanqiu/new_pipeline_test/work/singularity/depot.galaxyproject.org-singularity-mirtrace-1.0.1--hdfd78af_1.img]
Pulling Singularity image https://depot.galaxyproject.org/singularity/mulled-v2-ffbf83a6b0ab6ec567a336cf349b80637135bca3:40128b496751b037e2bd85f6789e83d4ff8a4837-0 [cache /mnt/lts/nfs_fs02/bioinfo_core_jabsom/hanqiu/new_pipeline_test/work/singularity/depot.galaxyproject.org-singularity-mulled-v2-ffbf83a6b0ab6ec567a336cf349b80637135bca3-40128b496751b037e2bd85f6789e83d4ff8a4837-0.img]
WARN: Singularity cache directory has not been defined -- Remote image will be stored in the path: /mnt/lts/nfs_fs02/bioinfo_core_jabsom/hanqiu/new_pipeline_test/work/singularity -- Use env variable NXF_SINGULARITY_CACHEDIR to specify a different location

executor >  slurm (98)
[42/5df762] process > NFCORE_SMRNASEQ:SMRNASEQ:IN... [100%] 1 of 1 ✔
[-        ] process > NFCORE_SMRNASEQ:SMRNASEQ:CA... -
[7e/e6e4e8] process > NFCORE_SMRNASEQ:SMRNASEQ:FA... [  0%] 0 of 36
[2d/75d37d] process > NFCORE_SMRNASEQ:SMRNASEQ:FA... [ 25%] 9 of 36
[0e/21ed16] process > NFCORE_SMRNASEQ:SMRNASEQ:FA... [  0%] 0 of 9
[bc/a611fe] process > NFCORE_SMRNASEQ:SMRNASEQ:MI... [  0%] 0 of 9
[dc/eb752f] process > NFCORE_SMRNASEQ:SMRNASEQ:GE... [100%] 1 of 1 ✔
[73/6021c9] process > NFCORE_SMRNASEQ:SMRNASEQ:GE... [  0%] 0 of 9
[-        ] process > NFCORE_SMRNASEQ:SMRNASEQ:GE... -
[-        ] process > NFCORE_SMRNASEQ:SMRNASEQ:GE... -
[-        ] process > NFCORE_SMRNASEQ:SMRNASEQ:GE... -
[-        ] process > NFCORE_SMRNASEQ:SMRNASEQ:GE... -
[-        ] process > NFCORE_SMRNASEQ:SMRNASEQ:GE... -
[-        ] process > NFCORE_SMRNASEQ:SMRNASEQ:GE... -
[-        ] process > NFCORE_SMRNASEQ:SMRNASEQ:GE... -
[-        ] process > NFCORE_SMRNASEQ:SMRNASEQ:GE... -
Pulling Singularity image https://depot.galaxyproject.org/singularity/mirtrace:1.0.1--hdfd78af_1 [cache /mnt/lts/nfs_fs02/bioinfo_core_jabsom/hanqiu/new_pipeline_test/work/singularity/depot.galaxyproject.org-singularity-mirtrace-1.0.1--hdfd78af_1.img]
Pulling Singularity image https://depot.galaxyproject.org/singularity/mulled-v2-ffbf83a6b0ab6ec567a336cf349b80637135bca3:40128b496751b037e2bd85f6789e83d4ff8a4837-0 [cache /mnt/lts/nfs_fs02/bioinfo_core_jabsom/hanqiu/new_pipeline_test/work/singularity/depot.galaxyproject.org-singularity-mulled-v2-ffbf83a6b0ab6ec567a336cf349b80637135bca3-40128b496751b037e2bd85f6789e83d4ff8a4837-0.img]
WARN: Singularity cache directory has not been defined -- Remote image will be stored in the path: /mnt/lts/nfs_fs02/bioinfo_core_jabsom/hanqiu/new_pipeline_test/work/singularity -- Use env variable NXF_SINGULARITY_CACHEDIR to specify a different location

executor >  slurm (101)
[42/5df762] process > NFCORE_SMRNASEQ:SMRNASEQ:IN... [100%] 1 of 1 ✔
[-        ] process > NFCORE_SMRNASEQ:SMRNASEQ:CA... -
[7e/e6e4e8] process > NFCORE_SMRNASEQ:SMRNASEQ:FA... [  0%] 0 of 36
[2d/75d37d] process > NFCORE_SMRNASEQ:SMRNASEQ:FA... [ 25%] 9 of 36
[21/a5b9f3] process > NFCORE_SMRNASEQ:SMRNASEQ:FA... [  0%] 0 of 9
[78/2719c2] process > NFCORE_SMRNASEQ:SMRNASEQ:MI... [  0%] 0 of 9
[dc/eb752f] process > NFCORE_SMRNASEQ:SMRNASEQ:GE... [100%] 1 of 1 ✔
[4f/be2ec4] process > NFCORE_SMRNASEQ:SMRNASEQ:GE... [  0%] 0 of 9
[-        ] process > NFCORE_SMRNASEQ:SMRNASEQ:GE... -
[-        ] process > NFCORE_SMRNASEQ:SMRNASEQ:GE... -
[-        ] process > NFCORE_SMRNASEQ:SMRNASEQ:GE... -
[-        ] process > NFCORE_SMRNASEQ:SMRNASEQ:GE... -
[-        ] process > NFCORE_SMRNASEQ:SMRNASEQ:GE... -
[-        ] process > NFCORE_SMRNASEQ:SMRNASEQ:GE... -
[-        ] process > NFCORE_SMRNASEQ:SMRNASEQ:GE... -
[-        ] process > NFCORE_SMRNASEQ:SMRNASEQ:GE... -
Pulling Singularity image https://depot.galaxyproject.org/singularity/mirtrace:1.0.1--hdfd78af_1 [cache /mnt/lts/nfs_fs02/bioinfo_core_jabsom/hanqiu/new_pipeline_test/work/singularity/depot.galaxyproject.org-singularity-mirtrace-1.0.1--hdfd78af_1.img]
Pulling Singularity image https://depot.galaxyproject.org/singularity/mulled-v2-ffbf83a6b0ab6ec567a336cf349b80637135bca3:40128b496751b037e2bd85f6789e83d4ff8a4837-0 [cache /mnt/lts/nfs_fs02/bioinfo_core_jabsom/hanqiu/new_pipeline_test/work/singularity/depot.galaxyproject.org-singularity-mulled-v2-ffbf83a6b0ab6ec567a336cf349b80637135bca3-40128b496751b037e2bd85f6789e83d4ff8a4837-0.img]
WARN: Singularity cache directory has not been defined -- Remote image will be stored in the path: /mnt/lts/nfs_fs02/bioinfo_core_jabsom/hanqiu/new_pipeline_test/work/singularity -- Use env variable NXF_SINGULARITY_CACHEDIR to specify a different location

executor >  slurm (101)
[42/5df762] process > NFCORE_SMRNASEQ:SMRNASEQ:IN... [100%] 1 of 1 ✔
[-        ] process > NFCORE_SMRNASEQ:SMRNASEQ:CA... -
[7e/e6e4e8] process > NFCORE_SMRNASEQ:SMRNASEQ:FA... [  0%] 0 of 36
[07/747113] process > NFCORE_SMRNASEQ:SMRNASEQ:FA... [ 27%] 10 of 36
[21/a5b9f3] process > NFCORE_SMRNASEQ:SMRNASEQ:FA... [  0%] 0 of 10
[78/2719c2] process > NFCORE_SMRNASEQ:SMRNASEQ:MI... [  0%] 0 of 10
[dc/eb752f] process > NFCORE_SMRNASEQ:SMRNASEQ:GE... [100%] 1 of 1 ✔
[4f/be2ec4] process > NFCORE_SMRNASEQ:SMRNASEQ:GE... [  0%] 0 of 10
[-        ] process > NFCORE_SMRNASEQ:SMRNASEQ:GE... -
[-        ] process > NFCORE_SMRNASEQ:SMRNASEQ:GE... -
[-        ] process > NFCORE_SMRNASEQ:SMRNASEQ:GE... -
[-        ] process > NFCORE_SMRNASEQ:SMRNASEQ:GE... -
[-        ] process > NFCORE_SMRNASEQ:SMRNASEQ:GE... -
[-        ] process > NFCORE_SMRNASEQ:SMRNASEQ:GE... -
[-        ] process > NFCORE_SMRNASEQ:SMRNASEQ:GE... -
[-        ] process > NFCORE_SMRNASEQ:SMRNASEQ:GE... -




executor >  slurm (104)
[42/5df762] process > NFCORE_SMRNASEQ:SMRNASEQ:IN... [100%] 1 of 1 ✔
[-        ] process > NFCORE_SMRNASEQ:SMRNASEQ:CA... -
[7e/e6e4e8] process > NFCORE_SMRNASEQ:SMRNASEQ:FA... [  0%] 0 of 36
[07/747113] process > NFCORE_SMRNASEQ:SMRNASEQ:FA... [ 27%] 10 of 36
[db/f9a3c9] process > NFCORE_SMRNASEQ:SMRNASEQ:FA... [  0%] 0 of 10
[65/bfb58b] process > NFCORE_SMRNASEQ:SMRNASEQ:MI... [  0%] 0 of 10
[dc/eb752f] process > NFCORE_SMRNASEQ:SMRNASEQ:GE... [100%] 1 of 1 ✔
[55/b78a2d] process > NFCORE_SMRNASEQ:SMRNASEQ:GE... [  0%] 0 of 10
[-        ] process > NFCORE_SMRNASEQ:SMRNASEQ:GE... -
[-        ] process > NFCORE_SMRNASEQ:SMRNASEQ:GE... -
[-        ] process > NFCORE_SMRNASEQ:SMRNASEQ:GE... -
[-        ] process > NFCORE_SMRNASEQ:SMRNASEQ:GE... -
[-        ] process > NFCORE_SMRNASEQ:SMRNASEQ:GE... -
[-        ] process > NFCORE_SMRNASEQ:SMRNASEQ:GE... -
[-        ] process > NFCORE_SMRNASEQ:SMRNASEQ:GE... -
[-        ] process > NFCORE_SMRNASEQ:SMRNASEQ:GE... -




executor >  slurm (104)
[42/5df762] process > NFCORE_SMRNASEQ:SMRNASEQ:IN... [100%] 1 of 1 ✔
[-        ] process > NFCORE_SMRNASEQ:SMRNASEQ:CA... -
[7e/e6e4e8] process > NFCORE_SMRNASEQ:SMRNASEQ:FA... [  0%] 0 of 36
[07/747113] process > NFCORE_SMRNASEQ:SMRNASEQ:FA... [ 27%] 10 of 36
[db/f9a3c9] process > NFCORE_SMRNASEQ:SMRNASEQ:FA... [  0%] 0 of 10
[65/bfb58b] process > NFCORE_SMRNASEQ:SMRNASEQ:MI... [  0%] 0 of 10
[dc/eb752f] process > NFCORE_SMRNASEQ:SMRNASEQ:GE... [100%] 1 of 1 ✔
[55/b78a2d] process > NFCORE_SMRNASEQ:SMRNASEQ:GE... [  0%] 0 of 10
[-        ] process > NFCORE_SMRNASEQ:SMRNASEQ:GE... -
[-        ] process > NFCORE_SMRNASEQ:SMRNASEQ:GE... -
[-        ] process > NFCORE_SMRNASEQ:SMRNASEQ:GE... -
[-        ] process > NFCORE_SMRNASEQ:SMRNASEQ:GE... -
[-        ] process > NFCORE_SMRNASEQ:SMRNASEQ:GE... -
[-        ] process > NFCORE_SMRNASEQ:SMRNASEQ:GE... -
[-        ] process > NFCORE_SMRNASEQ:SMRNASEQ:GE... -
[-        ] process > NFCORE_SMRNASEQ:SMRNASEQ:GE... -

executor >  slurm (106)
[42/5df762] process > NFCORE_SMRNASEQ:SMRNASEQ:IN... [100%] 1 of 1 ✔
[-        ] process > NFCORE_SMRNASEQ:SMRNASEQ:CA... -
[7e/e6e4e8] process > NFCORE_SMRNASEQ:SMRNASEQ:FA... [  0%] 0 of 36
[02/0c76de] process > NFCORE_SMRNASEQ:SMRNASEQ:FA... [ 30%] 11 of 36
[1f/acfeee] process > NFCORE_SMRNASEQ:SMRNASEQ:FA... [  0%] 0 of 11
[65/bfb58b] process > NFCORE_SMRNASEQ:SMRNASEQ:MI... [  0%] 0 of 11
[dc/eb752f] process > NFCORE_SMRNASEQ:SMRNASEQ:GE... [100%] 1 of 1 ✔
[c3/105aba] process > NFCORE_SMRNASEQ:SMRNASEQ:GE... [  0%] 0 of 11
[-        ] process > NFCORE_SMRNASEQ:SMRNASEQ:GE... -
[-        ] process > NFCORE_SMRNASEQ:SMRNASEQ:GE... -
[-        ] process > NFCORE_SMRNASEQ:SMRNASEQ:GE... -
[-        ] process > NFCORE_SMRNASEQ:SMRNASEQ:GE... -
[-        ] process > NFCORE_SMRNASEQ:SMRNASEQ:GE... -
[-        ] process > NFCORE_SMRNASEQ:SMRNASEQ:GE... -
[-        ] process > NFCORE_SMRNASEQ:SMRNASEQ:GE... -
[-        ] process > NFCORE_SMRNASEQ:SMRNASEQ:GE... -

executor >  slurm (107)
[42/5df762] process > NFCORE_SMRNASEQ:SMRNASEQ:IN... [100%] 1 of 1 ✔
[-        ] process > NFCORE_SMRNASEQ:SMRNASEQ:CA... -
[7e/e6e4e8] process > NFCORE_SMRNASEQ:SMRNASEQ:FA... [  0%] 0 of 36
[02/0c76de] process > NFCORE_SMRNASEQ:SMRNASEQ:FA... [ 30%] 11 of 36
[1f/acfeee] process > NFCORE_SMRNASEQ:SMRNASEQ:FA... [  0%] 0 of 11
[e2/8acc09] process > NFCORE_SMRNASEQ:SMRNASEQ:MI... [  0%] 0 of 11
[dc/eb752f] process > NFCORE_SMRNASEQ:SMRNASEQ:GE... [100%] 1 of 1 ✔
[c3/105aba] process > NFCORE_SMRNASEQ:SMRNASEQ:GE... [  0%] 0 of 11
[-        ] process > NFCORE_SMRNASEQ:SMRNASEQ:GE... -
[-        ] process > NFCORE_SMRNASEQ:SMRNASEQ:GE... -
[-        ] process > NFCORE_SMRNASEQ:SMRNASEQ:GE... -
[-        ] process > NFCORE_SMRNASEQ:SMRNASEQ:GE... -
[-        ] process > NFCORE_SMRNASEQ:SMRNASEQ:GE... -
[-        ] process > NFCORE_SMRNASEQ:SMRNASEQ:GE... -
[-        ] process > NFCORE_SMRNASEQ:SMRNASEQ:GE... -
[-        ] process > NFCORE_SMRNASEQ:SMRNASEQ:GE... -

executor >  slurm (107)
[42/5df762] process > NFCORE_SMRNASEQ:SMRNASEQ:IN... [100%] 1 of 1 ✔
[-        ] process > NFCORE_SMRNASEQ:SMRNASEQ:CA... -
[7e/e6e4e8] process > NFCORE_SMRNASEQ:SMRNASEQ:FA... [  0%] 0 of 36
[b7/e3a7e1] process > NFCORE_SMRNASEQ:SMRNASEQ:FA... [ 36%] 13 of 36
[1f/acfeee] process > NFCORE_SMRNASEQ:SMRNASEQ:FA... [  0%] 0 of 13
[e2/8acc09] process > NFCORE_SMRNASEQ:SMRNASEQ:MI... [  0%] 0 of 13
[dc/eb752f] process > NFCORE_SMRNASEQ:SMRNASEQ:GE... [100%] 1 of 1 ✔
[c3/105aba] process > NFCORE_SMRNASEQ:SMRNASEQ:GE... [  0%] 0 of 12
[-        ] process > NFCORE_SMRNASEQ:SMRNASEQ:GE... -
[-        ] process > NFCORE_SMRNASEQ:SMRNASEQ:GE... -
[-        ] process > NFCORE_SMRNASEQ:SMRNASEQ:GE... -
[-        ] process > NFCORE_SMRNASEQ:SMRNASEQ:GE... -
[-        ] process > NFCORE_SMRNASEQ:SMRNASEQ:GE... -
[-        ] process > NFCORE_SMRNASEQ:SMRNASEQ:GE... -
[-        ] process > NFCORE_SMRNASEQ:SMRNASEQ:GE... -
[-        ] process > NFCORE_SMRNASEQ:SMRNASEQ:GE... -

executor >  slurm (110)
[42/5df762] process > NFCORE_SMRNASEQ:SMRNASEQ:IN... [100%] 1 of 1 ✔
[-        ] process > NFCORE_SMRNASEQ:SMRNASEQ:CA... -
[7e/e6e4e8] process > NFCORE_SMRNASEQ:SMRNASEQ:FA... [  0%] 0 of 36
[52/368566] process > NFCORE_SMRNASEQ:SMRNASEQ:FA... [ 50%] 18 of 36
[dd/d678d8] process > NFCORE_SMRNASEQ:SMRNASEQ:FA... [  0%] 0 of 18
[ab/7ed5f7] process > NFCORE_SMRNASEQ:SMRNASEQ:MI... [  0%] 0 of 18
[dc/eb752f] process > NFCORE_SMRNASEQ:SMRNASEQ:GE... [100%] 1 of 1 ✔
[16/e8aa57] process > NFCORE_SMRNASEQ:SMRNASEQ:GE... [  0%] 0 of 18
[-        ] process > NFCORE_SMRNASEQ:SMRNASEQ:GE... -
[-        ] process > NFCORE_SMRNASEQ:SMRNASEQ:GE... -
[-        ] process > NFCORE_SMRNASEQ:SMRNASEQ:GE... -
[-        ] process > NFCORE_SMRNASEQ:SMRNASEQ:GE... -
[-        ] process > NFCORE_SMRNASEQ:SMRNASEQ:GE... -
[-        ] process > NFCORE_SMRNASEQ:SMRNASEQ:GE... -
[-        ] process > NFCORE_SMRNASEQ:SMRNASEQ:GE... -
[-        ] process > NFCORE_SMRNASEQ:SMRNASEQ:GE... -

executor >  slurm (113)
[42/5df762] process > NFCORE_SMRNASEQ:SMRNASEQ:IN... [100%] 1 of 1 ✔
[-        ] process > NFCORE_SMRNASEQ:SMRNASEQ:CA... -
[7e/e6e4e8] process > NFCORE_SMRNASEQ:SMRNASEQ:FA... [  0%] 0 of 36
[52/368566] process > NFCORE_SMRNASEQ:SMRNASEQ:FA... [ 50%] 18 of 36
[54/1ea413] process > NFCORE_SMRNASEQ:SMRNASEQ:FA... [  0%] 0 of 18
[3d/348f76] process > NFCORE_SMRNASEQ:SMRNASEQ:MI... [  0%] 0 of 18
[dc/eb752f] process > NFCORE_SMRNASEQ:SMRNASEQ:GE... [100%] 1 of 1 ✔
[3a/40e910] process > NFCORE_SMRNASEQ:SMRNASEQ:GE... [  0%] 0 of 18
[-        ] process > NFCORE_SMRNASEQ:SMRNASEQ:GE... -
[-        ] process > NFCORE_SMRNASEQ:SMRNASEQ:GE... -
[-        ] process > NFCORE_SMRNASEQ:SMRNASEQ:GE... -
[-        ] process > NFCORE_SMRNASEQ:SMRNASEQ:GE... -
[-        ] process > NFCORE_SMRNASEQ:SMRNASEQ:GE... -
[-        ] process > NFCORE_SMRNASEQ:SMRNASEQ:GE... -
[-        ] process > NFCORE_SMRNASEQ:SMRNASEQ:GE... -
[-        ] process > NFCORE_SMRNASEQ:SMRNASEQ:GE... -

executor >  slurm (117)
[42/5df762] process > NFCORE_SMRNASEQ:SMRNASEQ:IN... [100%] 1 of 1 ✔
[-        ] process > NFCORE_SMRNASEQ:SMRNASEQ:CA... -
[7e/e6e4e8] process > NFCORE_SMRNASEQ:SMRNASEQ:FA... [  0%] 0 of 36
[52/368566] process > NFCORE_SMRNASEQ:SMRNASEQ:FA... [ 50%] 18 of 36
[3c/f00015] process > NFCORE_SMRNASEQ:SMRNASEQ:FA... [  0%] 0 of 18
[a5/57c21c] process > NFCORE_SMRNASEQ:SMRNASEQ:MI... [  0%] 0 of 18
[dc/eb752f] process > NFCORE_SMRNASEQ:SMRNASEQ:GE... [100%] 1 of 1 ✔
[3b/5bda3c] process > NFCORE_SMRNASEQ:SMRNASEQ:GE... [  0%] 0 of 18
[-        ] process > NFCORE_SMRNASEQ:SMRNASEQ:GE... -
[-        ] process > NFCORE_SMRNASEQ:SMRNASEQ:GE... -
[-        ] process > NFCORE_SMRNASEQ:SMRNASEQ:GE... -
[-        ] process > NFCORE_SMRNASEQ:SMRNASEQ:GE... -
[-        ] process > NFCORE_SMRNASEQ:SMRNASEQ:GE... -
[-        ] process > NFCORE_SMRNASEQ:SMRNASEQ:GE... -
[-        ] process > NFCORE_SMRNASEQ:SMRNASEQ:GE... -
[-        ] process > NFCORE_SMRNASEQ:SMRNASEQ:GE... -

executor >  slurm (120)
[42/5df762] process > NFCORE_SMRNASEQ:SMRNASEQ:IN... [100%] 1 of 1 ✔
[-        ] process > NFCORE_SMRNASEQ:SMRNASEQ:CA... -
[7e/e6e4e8] process > NFCORE_SMRNASEQ:SMRNASEQ:FA... [  0%] 0 of 36
[52/368566] process > NFCORE_SMRNASEQ:SMRNASEQ:FA... [ 50%] 18 of 36
[bd/1a58a1] process > NFCORE_SMRNASEQ:SMRNASEQ:FA... [  0%] 0 of 18
[a1/fcad54] process > NFCORE_SMRNASEQ:SMRNASEQ:MI... [  0%] 0 of 18
[dc/eb752f] process > NFCORE_SMRNASEQ:SMRNASEQ:GE... [100%] 1 of 1 ✔
[66/677c1b] process > NFCORE_SMRNASEQ:SMRNASEQ:GE... [  0%] 0 of 18
[-        ] process > NFCORE_SMRNASEQ:SMRNASEQ:GE... -
[-        ] process > NFCORE_SMRNASEQ:SMRNASEQ:GE... -
[-        ] process > NFCORE_SMRNASEQ:SMRNASEQ:GE... -
[-        ] process > NFCORE_SMRNASEQ:SMRNASEQ:GE... -
[-        ] process > NFCORE_SMRNASEQ:SMRNASEQ:GE... -
[-        ] process > NFCORE_SMRNASEQ:SMRNASEQ:GE... -
[-        ] process > NFCORE_SMRNASEQ:SMRNASEQ:GE... -
[-        ] process > NFCORE_SMRNASEQ:SMRNASEQ:GE... -

executor >  slurm (123)
[42/5df762] process > NFCORE_SMRNASEQ:SMRNASEQ:IN... [100%] 1 of 1 ✔
[-        ] process > NFCORE_SMRNASEQ:SMRNASEQ:CA... -
[7e/e6e4e8] process > NFCORE_SMRNASEQ:SMRNASEQ:FA... [  0%] 0 of 36
[52/368566] process > NFCORE_SMRNASEQ:SMRNASEQ:FA... [ 50%] 18 of 36
[5a/3066b5] process > NFCORE_SMRNASEQ:SMRNASEQ:FA... [  0%] 0 of 18
[ac/450052] process > NFCORE_SMRNASEQ:SMRNASEQ:MI... [  0%] 0 of 18
[dc/eb752f] process > NFCORE_SMRNASEQ:SMRNASEQ:GE... [100%] 1 of 1 ✔
[05/856972] process > NFCORE_SMRNASEQ:SMRNASEQ:GE... [  0%] 0 of 18
[-        ] process > NFCORE_SMRNASEQ:SMRNASEQ:GE... -
[-        ] process > NFCORE_SMRNASEQ:SMRNASEQ:GE... -
[-        ] process > NFCORE_SMRNASEQ:SMRNASEQ:GE... -
[-        ] process > NFCORE_SMRNASEQ:SMRNASEQ:GE... -
[-        ] process > NFCORE_SMRNASEQ:SMRNASEQ:GE... -
[-        ] process > NFCORE_SMRNASEQ:SMRNASEQ:GE... -
[-        ] process > NFCORE_SMRNASEQ:SMRNASEQ:GE... -
[-        ] process > NFCORE_SMRNASEQ:SMRNASEQ:GE... -

executor >  slurm (126)
[42/5df762] process > NFCORE_SMRNASEQ:SMRNASEQ:IN... [100%] 1 of 1 ✔
[-        ] process > NFCORE_SMRNASEQ:SMRNASEQ:CA... -
[7e/e6e4e8] process > NFCORE_SMRNASEQ:SMRNASEQ:FA... [  0%] 0 of 36
[52/368566] process > NFCORE_SMRNASEQ:SMRNASEQ:FA... [ 50%] 18 of 36
[1a/c4b3e9] process > NFCORE_SMRNASEQ:SMRNASEQ:FA... [  0%] 0 of 18
[c6/47ec6f] process > NFCORE_SMRNASEQ:SMRNASEQ:MI... [  0%] 0 of 18
[dc/eb752f] process > NFCORE_SMRNASEQ:SMRNASEQ:GE... [100%] 1 of 1 ✔
[45/fd116e] process > NFCORE_SMRNASEQ:SMRNASEQ:GE... [  0%] 0 of 18
[-        ] process > NFCORE_SMRNASEQ:SMRNASEQ:GE... -
[-        ] process > NFCORE_SMRNASEQ:SMRNASEQ:GE... -
[-        ] process > NFCORE_SMRNASEQ:SMRNASEQ:GE... -
[-        ] process > NFCORE_SMRNASEQ:SMRNASEQ:GE... -
[-        ] process > NFCORE_SMRNASEQ:SMRNASEQ:GE... -
[-        ] process > NFCORE_SMRNASEQ:SMRNASEQ:GE... -
[-        ] process > NFCORE_SMRNASEQ:SMRNASEQ:GE... -
[-        ] process > NFCORE_SMRNASEQ:SMRNASEQ:GE... -

executor >  slurm (128)
[42/5df762] process > NFCORE_SMRNASEQ:SMRNASEQ:IN... [100%] 1 of 1 ✔
[-        ] process > NFCORE_SMRNASEQ:SMRNASEQ:CA... -
[7e/e6e4e8] process > NFCORE_SMRNASEQ:SMRNASEQ:FA... [  0%] 0 of 36
[52/368566] process > NFCORE_SMRNASEQ:SMRNASEQ:FA... [ 50%] 18 of 36
[1a/c4b3e9] process > NFCORE_SMRNASEQ:SMRNASEQ:FA... [  0%] 0 of 18
[76/ff0906] process > NFCORE_SMRNASEQ:SMRNASEQ:MI... [  0%] 0 of 18
[dc/eb752f] process > NFCORE_SMRNASEQ:SMRNASEQ:GE... [100%] 1 of 1 ✔
[a6/dcd1d5] process > NFCORE_SMRNASEQ:SMRNASEQ:GE... [  0%] 0 of 18
[-        ] process > NFCORE_SMRNASEQ:SMRNASEQ:GE... -
[-        ] process > NFCORE_SMRNASEQ:SMRNASEQ:GE... -
[-        ] process > NFCORE_SMRNASEQ:SMRNASEQ:GE... -
[-        ] process > NFCORE_SMRNASEQ:SMRNASEQ:GE... -
[-        ] process > NFCORE_SMRNASEQ:SMRNASEQ:GE... -
[-        ] process > NFCORE_SMRNASEQ:SMRNASEQ:GE... -
[-        ] process > NFCORE_SMRNASEQ:SMRNASEQ:GE... -
[-        ] process > NFCORE_SMRNASEQ:SMRNASEQ:GE... -

executor >  slurm (128)
[42/5df762] process > NFCORE_SMRNASEQ:SMRNASEQ:IN... [100%] 1 of 1 ✔
[-        ] process > NFCORE_SMRNASEQ:SMRNASEQ:CA... -
[7e/e6e4e8] process > NFCORE_SMRNASEQ:SMRNASEQ:FA... [  0%] 0 of 36
[52/368566] process > NFCORE_SMRNASEQ:SMRNASEQ:FA... [ 50%] 18 of 36
[1a/c4b3e9] process > NFCORE_SMRNASEQ:SMRNASEQ:FA... [  0%] 0 of 18
[76/ff0906] process > NFCORE_SMRNASEQ:SMRNASEQ:MI... [  0%] 0 of 18
[dc/eb752f] process > NFCORE_SMRNASEQ:SMRNASEQ:GE... [100%] 1 of 1 ✔
[a6/dcd1d5] process > NFCORE_SMRNASEQ:SMRNASEQ:GE... [  0%] 0 of 18
[-        ] process > NFCORE_SMRNASEQ:SMRNASEQ:GE... -
[-        ] process > NFCORE_SMRNASEQ:SMRNASEQ:GE... -
[-        ] process > NFCORE_SMRNASEQ:SMRNASEQ:GE... -
[-        ] process > NFCORE_SMRNASEQ:SMRNASEQ:GE... -
[-        ] process > NFCORE_SMRNASEQ:SMRNASEQ:GE... -
[-        ] process > NFCORE_SMRNASEQ:SMRNASEQ:GE... -
[-        ] process > NFCORE_SMRNASEQ:SMRNASEQ:GE... -
[-        ] process > NFCORE_SMRNASEQ:SMRNASEQ:GE... -

executor >  slurm (130)
[42/5df762] process > NFCORE_SMRNASEQ:SMRNASEQ:IN... [100%] 1 of 1 ✔
[-        ] process > NFCORE_SMRNASEQ:SMRNASEQ:CA... -
[7e/e6e4e8] process > NFCORE_SMRNASEQ:SMRNASEQ:FA... [  0%] 0 of 36
[6f/691cfc] process > NFCORE_SMRNASEQ:SMRNASEQ:FA... [ 55%] 20 of 36
[64/dc896f] process > NFCORE_SMRNASEQ:SMRNASEQ:FA... [  0%] 0 of 20
[32/62a652] process > NFCORE_SMRNASEQ:SMRNASEQ:MI... [  0%] 0 of 20
[dc/eb752f] process > NFCORE_SMRNASEQ:SMRNASEQ:GE... [100%] 1 of 1 ✔
[a6/dcd1d5] process > NFCORE_SMRNASEQ:SMRNASEQ:GE... [  0%] 0 of 20
[-        ] process > NFCORE_SMRNASEQ:SMRNASEQ:GE... -
[-        ] process > NFCORE_SMRNASEQ:SMRNASEQ:GE... -
[-        ] process > NFCORE_SMRNASEQ:SMRNASEQ:GE... -
[-        ] process > NFCORE_SMRNASEQ:SMRNASEQ:GE... -
[-        ] process > NFCORE_SMRNASEQ:SMRNASEQ:GE... -
[-        ] process > NFCORE_SMRNASEQ:SMRNASEQ:GE... -
[-        ] process > NFCORE_SMRNASEQ:SMRNASEQ:GE... -
[-        ] process > NFCORE_SMRNASEQ:SMRNASEQ:GE... -

executor >  slurm (134)
[42/5df762] process > NFCORE_SMRNASEQ:SMRNASEQ:IN... [100%] 1 of 1 ✔
[-        ] process > NFCORE_SMRNASEQ:SMRNASEQ:CA... -
[7e/e6e4e8] process > NFCORE_SMRNASEQ:SMRNASEQ:FA... [  0%] 0 of 36
[6f/691cfc] process > NFCORE_SMRNASEQ:SMRNASEQ:FA... [ 55%] 20 of 36
[07/dd2f4e] process > NFCORE_SMRNASEQ:SMRNASEQ:FA... [  0%] 0 of 20
[b3/7d3e81] process > NFCORE_SMRNASEQ:SMRNASEQ:MI... [  0%] 0 of 20
[dc/eb752f] process > NFCORE_SMRNASEQ:SMRNASEQ:GE... [100%] 1 of 1 ✔
[3e/294e4d] process > NFCORE_SMRNASEQ:SMRNASEQ:GE... [  0%] 0 of 20
[-        ] process > NFCORE_SMRNASEQ:SMRNASEQ:GE... -
[-        ] process > NFCORE_SMRNASEQ:SMRNASEQ:GE... -
[-        ] process > NFCORE_SMRNASEQ:SMRNASEQ:GE... -
[-        ] process > NFCORE_SMRNASEQ:SMRNASEQ:GE... -
[-        ] process > NFCORE_SMRNASEQ:SMRNASEQ:GE... -
[-        ] process > NFCORE_SMRNASEQ:SMRNASEQ:GE... -
[-        ] process > NFCORE_SMRNASEQ:SMRNASEQ:GE... -
[-        ] process > NFCORE_SMRNASEQ:SMRNASEQ:GE... -

executor >  slurm (134)
[42/5df762] process > NFCORE_SMRNASEQ:SMRNASEQ:IN... [100%] 1 of 1 ✔
[-        ] process > NFCORE_SMRNASEQ:SMRNASEQ:CA... -
[7e/e6e4e8] process > NFCORE_SMRNASEQ:SMRNASEQ:FA... [  0%] 0 of 36
[6f/691cfc] process > NFCORE_SMRNASEQ:SMRNASEQ:FA... [ 55%] 20 of 36
[07/dd2f4e] process > NFCORE_SMRNASEQ:SMRNASEQ:FA... [  0%] 0 of 20
[b3/7d3e81] process > NFCORE_SMRNASEQ:SMRNASEQ:MI... [  0%] 0 of 20
[dc/eb752f] process > NFCORE_SMRNASEQ:SMRNASEQ:GE... [100%] 1 of 1 ✔
[3e/294e4d] process > NFCORE_SMRNASEQ:SMRNASEQ:GE... [  0%] 0 of 20
[-        ] process > NFCORE_SMRNASEQ:SMRNASEQ:GE... -
[-        ] process > NFCORE_SMRNASEQ:SMRNASEQ:GE... -
[-        ] process > NFCORE_SMRNASEQ:SMRNASEQ:GE... -
[-        ] process > NFCORE_SMRNASEQ:SMRNASEQ:GE... -
[-        ] process > NFCORE_SMRNASEQ:SMRNASEQ:GE... -
[-        ] process > NFCORE_SMRNASEQ:SMRNASEQ:GE... -
[-        ] process > NFCORE_SMRNASEQ:SMRNASEQ:GE... -
[-        ] process > NFCORE_SMRNASEQ:SMRNASEQ:GE... -

executor >  slurm (135)
[42/5df762] process > NFCORE_SMRNASEQ:SMRNASEQ:IN... [100%] 1 of 1 ✔
[-        ] process > NFCORE_SMRNASEQ:SMRNASEQ:CA... -
[7e/e6e4e8] process > NFCORE_SMRNASEQ:SMRNASEQ:FA... [  0%] 0 of 36
[51/846cc8] process > NFCORE_SMRNASEQ:SMRNASEQ:FA... [ 58%] 21 of 36
[07/dd2f4e] process > NFCORE_SMRNASEQ:SMRNASEQ:FA... [  0%] 0 of 21
[b3/7d3e81] process > NFCORE_SMRNASEQ:SMRNASEQ:MI... [  0%] 0 of 21
[dc/eb752f] process > NFCORE_SMRNASEQ:SMRNASEQ:GE... [100%] 1 of 1 ✔
[62/8636a4] process > NFCORE_SMRNASEQ:SMRNASEQ:GE... [  0%] 0 of 21
[-        ] process > NFCORE_SMRNASEQ:SMRNASEQ:GE... -
[-        ] process > NFCORE_SMRNASEQ:SMRNASEQ:GE... -
[-        ] process > NFCORE_SMRNASEQ:SMRNASEQ:GE... -
[-        ] process > NFCORE_SMRNASEQ:SMRNASEQ:GE... -
[-        ] process > NFCORE_SMRNASEQ:SMRNASEQ:GE... -
[-        ] process > NFCORE_SMRNASEQ:SMRNASEQ:GE... -
[-        ] process > NFCORE_SMRNASEQ:SMRNASEQ:GE... -
[-        ] process > NFCORE_SMRNASEQ:SMRNASEQ:GE... -

executor >  slurm (137)
[42/5df762] process > NFCORE_SMRNASEQ:SMRNASEQ:IN... [100%] 1 of 1 ✔
[-        ] process > NFCORE_SMRNASEQ:SMRNASEQ:CA... -
[7e/e6e4e8] process > NFCORE_SMRNASEQ:SMRNASEQ:FA... [  0%] 0 of 36
[51/846cc8] process > NFCORE_SMRNASEQ:SMRNASEQ:FA... [ 58%] 21 of 36
[b2/33ad21] process > NFCORE_SMRNASEQ:SMRNASEQ:FA... [  0%] 0 of 21
[83/b8e5be] process > NFCORE_SMRNASEQ:SMRNASEQ:MI... [  0%] 0 of 21
[dc/eb752f] process > NFCORE_SMRNASEQ:SMRNASEQ:GE... [100%] 1 of 1 ✔
[62/8636a4] process > NFCORE_SMRNASEQ:SMRNASEQ:GE... [  0%] 0 of 21
[-        ] process > NFCORE_SMRNASEQ:SMRNASEQ:GE... -
[-        ] process > NFCORE_SMRNASEQ:SMRNASEQ:GE... -
[-        ] process > NFCORE_SMRNASEQ:SMRNASEQ:GE... -
[-        ] process > NFCORE_SMRNASEQ:SMRNASEQ:GE... -
[-        ] process > NFCORE_SMRNASEQ:SMRNASEQ:GE... -
[-        ] process > NFCORE_SMRNASEQ:SMRNASEQ:GE... -
[-        ] process > NFCORE_SMRNASEQ:SMRNASEQ:GE... -
[-        ] process > NFCORE_SMRNASEQ:SMRNASEQ:GE... -

executor >  slurm (138)
[42/5df762] process > NFCORE_SMRNASEQ:SMRNASEQ:IN... [100%] 1 of 1 ✔
[-        ] process > NFCORE_SMRNASEQ:SMRNASEQ:CA... -
[7e/e6e4e8] process > NFCORE_SMRNASEQ:SMRNASEQ:FA... [  0%] 0 of 36
[5f/b5a113] process > NFCORE_SMRNASEQ:SMRNASEQ:FA... [ 61%] 22 of 36
[12/4b5edc] process > NFCORE_SMRNASEQ:SMRNASEQ:FA... [  0%] 0 of 22
[83/b8e5be] process > NFCORE_SMRNASEQ:SMRNASEQ:MI... [  0%] 0 of 22
[dc/eb752f] process > NFCORE_SMRNASEQ:SMRNASEQ:GE... [100%] 1 of 1 ✔
[62/8636a4] process > NFCORE_SMRNASEQ:SMRNASEQ:GE... [  0%] 0 of 22
[-        ] process > NFCORE_SMRNASEQ:SMRNASEQ:GE... -
[-        ] process > NFCORE_SMRNASEQ:SMRNASEQ:GE... -
[-        ] process > NFCORE_SMRNASEQ:SMRNASEQ:GE... -
[-        ] process > NFCORE_SMRNASEQ:SMRNASEQ:GE... -
[-        ] process > NFCORE_SMRNASEQ:SMRNASEQ:GE... -
[-        ] process > NFCORE_SMRNASEQ:SMRNASEQ:GE... -
[-        ] process > NFCORE_SMRNASEQ:SMRNASEQ:GE... -
[-        ] process > NFCORE_SMRNASEQ:SMRNASEQ:GE... -

executor >  slurm (140)
[42/5df762] process > NFCORE_SMRNASEQ:SMRNASEQ:IN... [100%] 1 of 1 ✔
[-        ] process > NFCORE_SMRNASEQ:SMRNASEQ:CA... -
[7e/e6e4e8] process > NFCORE_SMRNASEQ:SMRNASEQ:FA... [  0%] 0 of 36
[5f/b5a113] process > NFCORE_SMRNASEQ:SMRNASEQ:FA... [ 61%] 22 of 36
[12/4b5edc] process > NFCORE_SMRNASEQ:SMRNASEQ:FA... [  0%] 0 of 22
[23/8de1b9] process > NFCORE_SMRNASEQ:SMRNASEQ:MI... [  0%] 0 of 22
[dc/eb752f] process > NFCORE_SMRNASEQ:SMRNASEQ:GE... [100%] 1 of 1 ✔
[4c/988ef8] process > NFCORE_SMRNASEQ:SMRNASEQ:GE... [  0%] 0 of 22
[-        ] process > NFCORE_SMRNASEQ:SMRNASEQ:GE... -
[-        ] process > NFCORE_SMRNASEQ:SMRNASEQ:GE... -
[-        ] process > NFCORE_SMRNASEQ:SMRNASEQ:GE... -
[-        ] process > NFCORE_SMRNASEQ:SMRNASEQ:GE... -
[-        ] process > NFCORE_SMRNASEQ:SMRNASEQ:GE... -
[-        ] process > NFCORE_SMRNASEQ:SMRNASEQ:GE... -
[-        ] process > NFCORE_SMRNASEQ:SMRNASEQ:GE... -
[-        ] process > NFCORE_SMRNASEQ:SMRNASEQ:GE... -

executor >  slurm (141)
[42/5df762] process > NFCORE_SMRNASEQ:SMRNASEQ:IN... [100%] 1 of 1 ✔
[-        ] process > NFCORE_SMRNASEQ:SMRNASEQ:CA... -
[7e/e6e4e8] process > NFCORE_SMRNASEQ:SMRNASEQ:FA... [  0%] 0 of 36
[42/97837d] process > NFCORE_SMRNASEQ:SMRNASEQ:FA... [ 63%] 23 of 36
[12/4b5edc] process > NFCORE_SMRNASEQ:SMRNASEQ:FA... [  0%] 0 of 23
[23/8de1b9] process > NFCORE_SMRNASEQ:SMRNASEQ:MI... [  0%] 0 of 23
[dc/eb752f] process > NFCORE_SMRNASEQ:SMRNASEQ:GE... [100%] 1 of 1 ✔
[b0/5972b3] process > NFCORE_SMRNASEQ:SMRNASEQ:GE... [  0%] 0 of 23
[-        ] process > NFCORE_SMRNASEQ:SMRNASEQ:GE... -
[-        ] process > NFCORE_SMRNASEQ:SMRNASEQ:GE... -
[-        ] process > NFCORE_SMRNASEQ:SMRNASEQ:GE... -
[-        ] process > NFCORE_SMRNASEQ:SMRNASEQ:GE... -
[-        ] process > NFCORE_SMRNASEQ:SMRNASEQ:GE... -
[-        ] process > NFCORE_SMRNASEQ:SMRNASEQ:GE... -
[-        ] process > NFCORE_SMRNASEQ:SMRNASEQ:GE... -
[-        ] process > NFCORE_SMRNASEQ:SMRNASEQ:GE... -

executor >  slurm (143)
[42/5df762] process > NFCORE_SMRNASEQ:SMRNASEQ:IN... [100%] 1 of 1 ✔
[-        ] process > NFCORE_SMRNASEQ:SMRNASEQ:CA... -
[7e/e6e4e8] process > NFCORE_SMRNASEQ:SMRNASEQ:FA... [  0%] 0 of 36
[42/97837d] process > NFCORE_SMRNASEQ:SMRNASEQ:FA... [ 63%] 23 of 36
[c5/115197] process > NFCORE_SMRNASEQ:SMRNASEQ:FA... [  0%] 0 of 23
[59/baf34f] process > NFCORE_SMRNASEQ:SMRNASEQ:MI... [  0%] 0 of 23
[dc/eb752f] process > NFCORE_SMRNASEQ:SMRNASEQ:GE... [100%] 1 of 1 ✔
[b0/5972b3] process > NFCORE_SMRNASEQ:SMRNASEQ:GE... [  0%] 0 of 23
[-        ] process > NFCORE_SMRNASEQ:SMRNASEQ:GE... -
[-        ] process > NFCORE_SMRNASEQ:SMRNASEQ:GE... -
[-        ] process > NFCORE_SMRNASEQ:SMRNASEQ:GE... -
[-        ] process > NFCORE_SMRNASEQ:SMRNASEQ:GE... -
[-        ] process > NFCORE_SMRNASEQ:SMRNASEQ:GE... -
[-        ] process > NFCORE_SMRNASEQ:SMRNASEQ:GE... -
[-        ] process > NFCORE_SMRNASEQ:SMRNASEQ:GE... -
[-        ] process > NFCORE_SMRNASEQ:SMRNASEQ:GE... -

executor >  slurm (145)
[42/5df762] process > NFCORE_SMRNASEQ:SMRNASEQ:IN... [100%] 1 of 1 ✔
[-        ] process > NFCORE_SMRNASEQ:SMRNASEQ:CA... -
[7e/e6e4e8] process > NFCORE_SMRNASEQ:SMRNASEQ:FA... [  0%] 0 of 36
[e9/870e43] process > NFCORE_SMRNASEQ:SMRNASEQ:FA... [ 66%] 24 of 36
[b9/d22493] process > NFCORE_SMRNASEQ:SMRNASEQ:FA... [  0%] 0 of 24
[2a/673b1b] process > NFCORE_SMRNASEQ:SMRNASEQ:MI... [  0%] 0 of 24
[dc/eb752f] process > NFCORE_SMRNASEQ:SMRNASEQ:GE... [100%] 1 of 1 ✔
[b0/5972b3] process > NFCORE_SMRNASEQ:SMRNASEQ:GE... [  0%] 0 of 24
[-        ] process > NFCORE_SMRNASEQ:SMRNASEQ:GE... -
[-        ] process > NFCORE_SMRNASEQ:SMRNASEQ:GE... -
[-        ] process > NFCORE_SMRNASEQ:SMRNASEQ:GE... -
[-        ] process > NFCORE_SMRNASEQ:SMRNASEQ:GE... -
[-        ] process > NFCORE_SMRNASEQ:SMRNASEQ:GE... -
[-        ] process > NFCORE_SMRNASEQ:SMRNASEQ:GE... -
[-        ] process > NFCORE_SMRNASEQ:SMRNASEQ:GE... -
[-        ] process > NFCORE_SMRNASEQ:SMRNASEQ:GE... -

executor >  slurm (146)
[42/5df762] process > NFCORE_SMRNASEQ:SMRNASEQ:IN... [100%] 1 of 1 ✔
[-        ] process > NFCORE_SMRNASEQ:SMRNASEQ:CA... -
[7e/e6e4e8] process > NFCORE_SMRNASEQ:SMRNASEQ:FA... [  0%] 0 of 36
[e9/870e43] process > NFCORE_SMRNASEQ:SMRNASEQ:FA... [ 66%] 24 of 36
[b9/d22493] process > NFCORE_SMRNASEQ:SMRNASEQ:FA... [  0%] 0 of 24
[2a/673b1b] process > NFCORE_SMRNASEQ:SMRNASEQ:MI... [  0%] 0 of 24
[dc/eb752f] process > NFCORE_SMRNASEQ:SMRNASEQ:GE... [100%] 1 of 1 ✔
[6c/2a7fc5] process > NFCORE_SMRNASEQ:SMRNASEQ:GE... [  0%] 0 of 24
[-        ] process > NFCORE_SMRNASEQ:SMRNASEQ:GE... -
[-        ] process > NFCORE_SMRNASEQ:SMRNASEQ:GE... -
[-        ] process > NFCORE_SMRNASEQ:SMRNASEQ:GE... -
[-        ] process > NFCORE_SMRNASEQ:SMRNASEQ:GE... -
[-        ] process > NFCORE_SMRNASEQ:SMRNASEQ:GE... -
[-        ] process > NFCORE_SMRNASEQ:SMRNASEQ:GE... -
[-        ] process > NFCORE_SMRNASEQ:SMRNASEQ:GE... -
[-        ] process > NFCORE_SMRNASEQ:SMRNASEQ:GE... -

executor >  slurm (148)
[42/5df762] process > NFCORE_SMRNASEQ:SMRNASEQ:IN... [100%] 1 of 1 ✔
[-        ] process > NFCORE_SMRNASEQ:SMRNASEQ:CA... -
[7e/e6e4e8] process > NFCORE_SMRNASEQ:SMRNASEQ:FA... [  0%] 0 of 36
[8a/1c1239] process > NFCORE_SMRNASEQ:SMRNASEQ:FA... [ 83%] 30 of 36
[9e/000601] process > NFCORE_SMRNASEQ:SMRNASEQ:FA... [  0%] 0 of 30
[2a/673b1b] process > NFCORE_SMRNASEQ:SMRNASEQ:MI... [  0%] 0 of 30
[dc/eb752f] process > NFCORE_SMRNASEQ:SMRNASEQ:GE... [100%] 1 of 1 ✔
[59/9061d9] process > NFCORE_SMRNASEQ:SMRNASEQ:GE... [  0%] 0 of 30
[-        ] process > NFCORE_SMRNASEQ:SMRNASEQ:GE... -
[-        ] process > NFCORE_SMRNASEQ:SMRNASEQ:GE... -
[-        ] process > NFCORE_SMRNASEQ:SMRNASEQ:GE... -
[-        ] process > NFCORE_SMRNASEQ:SMRNASEQ:GE... -
[-        ] process > NFCORE_SMRNASEQ:SMRNASEQ:GE... -
[-        ] process > NFCORE_SMRNASEQ:SMRNASEQ:GE... -
[-        ] process > NFCORE_SMRNASEQ:SMRNASEQ:GE... -
[-        ] process > NFCORE_SMRNASEQ:SMRNASEQ:GE... -

executor >  slurm (151)
[42/5df762] process > NFCORE_SMRNASEQ:SMRNASEQ:IN... [100%] 1 of 1 ✔
[-        ] process > NFCORE_SMRNASEQ:SMRNASEQ:CA... -
[7e/e6e4e8] process > NFCORE_SMRNASEQ:SMRNASEQ:FA... [  0%] 0 of 36
[8a/1c1239] process > NFCORE_SMRNASEQ:SMRNASEQ:FA... [ 83%] 30 of 36
[5a/74cbe1] process > NFCORE_SMRNASEQ:SMRNASEQ:FA... [  0%] 0 of 30
[53/9ceb4b] process > NFCORE_SMRNASEQ:SMRNASEQ:MI... [  0%] 0 of 30
[dc/eb752f] process > NFCORE_SMRNASEQ:SMRNASEQ:GE... [100%] 1 of 1 ✔
[59/9061d9] process > NFCORE_SMRNASEQ:SMRNASEQ:GE... [  0%] 0 of 30
[-        ] process > NFCORE_SMRNASEQ:SMRNASEQ:GE... -
[-        ] process > NFCORE_SMRNASEQ:SMRNASEQ:GE... -
[-        ] process > NFCORE_SMRNASEQ:SMRNASEQ:GE... -
[-        ] process > NFCORE_SMRNASEQ:SMRNASEQ:GE... -
[-        ] process > NFCORE_SMRNASEQ:SMRNASEQ:GE... -
[-        ] process > NFCORE_SMRNASEQ:SMRNASEQ:GE... -
[-        ] process > NFCORE_SMRNASEQ:SMRNASEQ:GE... -
[-        ] process > NFCORE_SMRNASEQ:SMRNASEQ:GE... -

executor >  slurm (153)
[42/5df762] process > NFCORE_SMRNASEQ:SMRNASEQ:IN... [100%] 1 of 1 ✔
[-        ] process > NFCORE_SMRNASEQ:SMRNASEQ:CA... -
[7e/e6e4e8] process > NFCORE_SMRNASEQ:SMRNASEQ:FA... [  0%] 0 of 36
[8a/1c1239] process > NFCORE_SMRNASEQ:SMRNASEQ:FA... [ 83%] 30 of 36
[61/06aa7f] process > NFCORE_SMRNASEQ:SMRNASEQ:FA... [  0%] 0 of 30
[53/9ceb4b] process > NFCORE_SMRNASEQ:SMRNASEQ:MI... [  0%] 0 of 30
[dc/eb752f] process > NFCORE_SMRNASEQ:SMRNASEQ:GE... [100%] 1 of 1 ✔
[7a/215fdb] process > NFCORE_SMRNASEQ:SMRNASEQ:GE... [  0%] 0 of 30
[-        ] process > NFCORE_SMRNASEQ:SMRNASEQ:GE... -
[-        ] process > NFCORE_SMRNASEQ:SMRNASEQ:GE... -
[-        ] process > NFCORE_SMRNASEQ:SMRNASEQ:GE... -
[-        ] process > NFCORE_SMRNASEQ:SMRNASEQ:GE... -
[-        ] process > NFCORE_SMRNASEQ:SMRNASEQ:GE... -
[-        ] process > NFCORE_SMRNASEQ:SMRNASEQ:GE... -
[-        ] process > NFCORE_SMRNASEQ:SMRNASEQ:GE... -
[-        ] process > NFCORE_SMRNASEQ:SMRNASEQ:GE... -

executor >  slurm (156)
[42/5df762] process > NFCORE_SMRNASEQ:SMRNASEQ:IN... [100%] 1 of 1 ✔
[-        ] process > NFCORE_SMRNASEQ:SMRNASEQ:CA... -
[7e/e6e4e8] process > NFCORE_SMRNASEQ:SMRNASEQ:FA... [  0%] 0 of 36
[8a/1c1239] process > NFCORE_SMRNASEQ:SMRNASEQ:FA... [ 83%] 30 of 36
[c4/3aad67] process > NFCORE_SMRNASEQ:SMRNASEQ:FA... [  0%] 0 of 30
[6a/1a6052] process > NFCORE_SMRNASEQ:SMRNASEQ:MI... [  0%] 0 of 30
[dc/eb752f] process > NFCORE_SMRNASEQ:SMRNASEQ:GE... [100%] 1 of 1 ✔
[fb/e35dfc] process > NFCORE_SMRNASEQ:SMRNASEQ:GE... [  0%] 0 of 30
[-        ] process > NFCORE_SMRNASEQ:SMRNASEQ:GE... -
[-        ] process > NFCORE_SMRNASEQ:SMRNASEQ:GE... -
[-        ] process > NFCORE_SMRNASEQ:SMRNASEQ:GE... -
[-        ] process > NFCORE_SMRNASEQ:SMRNASEQ:GE... -
[-        ] process > NFCORE_SMRNASEQ:SMRNASEQ:GE... -
[-        ] process > NFCORE_SMRNASEQ:SMRNASEQ:GE... -
[-        ] process > NFCORE_SMRNASEQ:SMRNASEQ:GE... -
[-        ] process > NFCORE_SMRNASEQ:SMRNASEQ:GE... -

executor >  slurm (158)
[42/5df762] process > NFCORE_SMRNASEQ:SMRNASEQ:IN... [100%] 1 of 1 ✔
[-        ] process > NFCORE_SMRNASEQ:SMRNASEQ:CA... -
[7e/e6e4e8] process > NFCORE_SMRNASEQ:SMRNASEQ:FA... [  0%] 0 of 36
[8a/1c1239] process > NFCORE_SMRNASEQ:SMRNASEQ:FA... [ 83%] 30 of 36
[c4/3aad67] process > NFCORE_SMRNASEQ:SMRNASEQ:FA... [  0%] 0 of 30
[8e/8eac8e] process > NFCORE_SMRNASEQ:SMRNASEQ:MI... [  0%] 0 of 30
[dc/eb752f] process > NFCORE_SMRNASEQ:SMRNASEQ:GE... [100%] 1 of 1 ✔
[a3/2e142a] process > NFCORE_SMRNASEQ:SMRNASEQ:GE... [  0%] 0 of 30
[-        ] process > NFCORE_SMRNASEQ:SMRNASEQ:GE... -
[-        ] process > NFCORE_SMRNASEQ:SMRNASEQ:GE... -
[-        ] process > NFCORE_SMRNASEQ:SMRNASEQ:GE... -
[-        ] process > NFCORE_SMRNASEQ:SMRNASEQ:GE... -
[-        ] process > NFCORE_SMRNASEQ:SMRNASEQ:GE... -
[-        ] process > NFCORE_SMRNASEQ:SMRNASEQ:GE... -
[-        ] process > NFCORE_SMRNASEQ:SMRNASEQ:GE... -
[-        ] process > NFCORE_SMRNASEQ:SMRNASEQ:GE... -

executor >  slurm (161)
[42/5df762] process > NFCORE_SMRNASEQ:SMRNASEQ:IN... [100%] 1 of 1 ✔
[-        ] process > NFCORE_SMRNASEQ:SMRNASEQ:CA... -
[7e/e6e4e8] process > NFCORE_SMRNASEQ:SMRNASEQ:FA... [  0%] 0 of 36
[8a/1c1239] process > NFCORE_SMRNASEQ:SMRNASEQ:FA... [ 83%] 30 of 36
[72/538f89] process > NFCORE_SMRNASEQ:SMRNASEQ:FA... [  0%] 0 of 30
[e4/074b3b] process > NFCORE_SMRNASEQ:SMRNASEQ:MI... [  0%] 0 of 30
[dc/eb752f] process > NFCORE_SMRNASEQ:SMRNASEQ:GE... [100%] 1 of 1 ✔
[4e/024641] process > NFCORE_SMRNASEQ:SMRNASEQ:GE... [  0%] 0 of 30
[-        ] process > NFCORE_SMRNASEQ:SMRNASEQ:GE... -
[-        ] process > NFCORE_SMRNASEQ:SMRNASEQ:GE... -
[-        ] process > NFCORE_SMRNASEQ:SMRNASEQ:GE... -
[-        ] process > NFCORE_SMRNASEQ:SMRNASEQ:GE... -
[-        ] process > NFCORE_SMRNASEQ:SMRNASEQ:GE... -
[-        ] process > NFCORE_SMRNASEQ:SMRNASEQ:GE... -
[-        ] process > NFCORE_SMRNASEQ:SMRNASEQ:GE... -
[-        ] process > NFCORE_SMRNASEQ:SMRNASEQ:GE... -

executor >  slurm (164)
[42/5df762] process > NFCORE_SMRNASEQ:SMRNASEQ:IN... [100%] 1 of 1 ✔
[-        ] process > NFCORE_SMRNASEQ:SMRNASEQ:CA... -
[7e/e6e4e8] process > NFCORE_SMRNASEQ:SMRNASEQ:FA... [  0%] 0 of 36
[8a/1c1239] process > NFCORE_SMRNASEQ:SMRNASEQ:FA... [ 83%] 30 of 36
[e5/dd5bb1] process > NFCORE_SMRNASEQ:SMRNASEQ:FA... [  0%] 0 of 30
[34/44ba12] process > NFCORE_SMRNASEQ:SMRNASEQ:MI... [  0%] 0 of 30
[dc/eb752f] process > NFCORE_SMRNASEQ:SMRNASEQ:GE... [100%] 1 of 1 ✔
[ed/b508b1] process > NFCORE_SMRNASEQ:SMRNASEQ:GE... [  0%] 0 of 30
[-        ] process > NFCORE_SMRNASEQ:SMRNASEQ:GE... -
[-        ] process > NFCORE_SMRNASEQ:SMRNASEQ:GE... -
[-        ] process > NFCORE_SMRNASEQ:SMRNASEQ:GE... -
[-        ] process > NFCORE_SMRNASEQ:SMRNASEQ:GE... -
[-        ] process > NFCORE_SMRNASEQ:SMRNASEQ:GE... -
[-        ] process > NFCORE_SMRNASEQ:SMRNASEQ:GE... -
[-        ] process > NFCORE_SMRNASEQ:SMRNASEQ:GE... -
[-        ] process > NFCORE_SMRNASEQ:SMRNASEQ:GE... -

executor >  slurm (164)
[42/5df762] process > NFCORE_SMRNASEQ:SMRNASEQ:IN... [100%] 1 of 1 ✔
[-        ] process > NFCORE_SMRNASEQ:SMRNASEQ:CA... -
[7e/e6e4e8] process > NFCORE_SMRNASEQ:SMRNASEQ:FA... [  0%] 0 of 36
[8a/1c1239] process > NFCORE_SMRNASEQ:SMRNASEQ:FA... [ 83%] 30 of 36
[e5/dd5bb1] process > NFCORE_SMRNASEQ:SMRNASEQ:FA... [  0%] 0 of 30
[34/44ba12] process > NFCORE_SMRNASEQ:SMRNASEQ:MI... [  0%] 0 of 30
[dc/eb752f] process > NFCORE_SMRNASEQ:SMRNASEQ:GE... [100%] 1 of 1 ✔
[ed/b508b1] process > NFCORE_SMRNASEQ:SMRNASEQ:GE... [  0%] 0 of 30
[-        ] process > NFCORE_SMRNASEQ:SMRNASEQ:GE... -
[-        ] process > NFCORE_SMRNASEQ:SMRNASEQ:GE... -
[-        ] process > NFCORE_SMRNASEQ:SMRNASEQ:GE... -
[-        ] process > NFCORE_SMRNASEQ:SMRNASEQ:GE... -
[-        ] process > NFCORE_SMRNASEQ:SMRNASEQ:GE... -
[-        ] process > NFCORE_SMRNASEQ:SMRNASEQ:GE... -
[-        ] process > NFCORE_SMRNASEQ:SMRNASEQ:GE... -
[-        ] process > NFCORE_SMRNASEQ:SMRNASEQ:GE... -

executor >  slurm (164)
[42/5df762] process > NFCORE_SMRNASEQ:SMRNASEQ:IN... [100%] 1 of 1 ✔
[-        ] process > NFCORE_SMRNASEQ:SMRNASEQ:CA... -
[7e/e6e4e8] process > NFCORE_SMRNASEQ:SMRNASEQ:FA... [  0%] 0 of 36
[cc/8ce70a] process > NFCORE_SMRNASEQ:SMRNASEQ:FA... [ 86%] 31 of 36
[e5/dd5bb1] process > NFCORE_SMRNASEQ:SMRNASEQ:FA... [  0%] 0 of 31
[34/44ba12] process > NFCORE_SMRNASEQ:SMRNASEQ:MI... [  0%] 0 of 31
[dc/eb752f] process > NFCORE_SMRNASEQ:SMRNASEQ:GE... [100%] 1 of 1 ✔
[ed/b508b1] process > NFCORE_SMRNASEQ:SMRNASEQ:GE... [  0%] 0 of 31
[-        ] process > NFCORE_SMRNASEQ:SMRNASEQ:GE... -
[-        ] process > NFCORE_SMRNASEQ:SMRNASEQ:GE... -
[-        ] process > NFCORE_SMRNASEQ:SMRNASEQ:GE... -
[-        ] process > NFCORE_SMRNASEQ:SMRNASEQ:GE... -
[-        ] process > NFCORE_SMRNASEQ:SMRNASEQ:GE... -
[-        ] process > NFCORE_SMRNASEQ:SMRNASEQ:GE... -
[-        ] process > NFCORE_SMRNASEQ:SMRNASEQ:GE... -
[-        ] process > NFCORE_SMRNASEQ:SMRNASEQ:GE... -

executor >  slurm (167)
[42/5df762] process > NFCORE_SMRNASEQ:SMRNASEQ:IN... [100%] 1 of 1 ✔
[-        ] process > NFCORE_SMRNASEQ:SMRNASEQ:CA... -
[7e/e6e4e8] process > NFCORE_SMRNASEQ:SMRNASEQ:FA... [  0%] 0 of 36
[cc/8ce70a] process > NFCORE_SMRNASEQ:SMRNASEQ:FA... [ 86%] 31 of 36
[be/622c45] process > NFCORE_SMRNASEQ:SMRNASEQ:FA... [  0%] 0 of 31
[bd/eed07e] process > NFCORE_SMRNASEQ:SMRNASEQ:MI... [  0%] 0 of 31
[dc/eb752f] process > NFCORE_SMRNASEQ:SMRNASEQ:GE... [100%] 1 of 1 ✔
[11/50caec] process > NFCORE_SMRNASEQ:SMRNASEQ:GE... [  0%] 0 of 31
[-        ] process > NFCORE_SMRNASEQ:SMRNASEQ:GE... -
[-        ] process > NFCORE_SMRNASEQ:SMRNASEQ:GE... -
[-        ] process > NFCORE_SMRNASEQ:SMRNASEQ:GE... -
[-        ] process > NFCORE_SMRNASEQ:SMRNASEQ:GE... -
[-        ] process > NFCORE_SMRNASEQ:SMRNASEQ:GE... -
[-        ] process > NFCORE_SMRNASEQ:SMRNASEQ:GE... -
[-        ] process > NFCORE_SMRNASEQ:SMRNASEQ:GE... -
[-        ] process > NFCORE_SMRNASEQ:SMRNASEQ:GE... -

executor >  slurm (168)
[42/5df762] process > NFCORE_SMRNASEQ:SMRNASEQ:IN... [100%] 1 of 1 ✔
[-        ] process > NFCORE_SMRNASEQ:SMRNASEQ:CA... -
[7e/e6e4e8] process > NFCORE_SMRNASEQ:SMRNASEQ:FA... [  0%] 0 of 36
[f5/32d4ab] process > NFCORE_SMRNASEQ:SMRNASEQ:FA... [ 88%] 32 of 36
[bc/441c1e] process > NFCORE_SMRNASEQ:SMRNASEQ:FA... [  0%] 0 of 32
[bd/eed07e] process > NFCORE_SMRNASEQ:SMRNASEQ:MI... [  0%] 0 of 32
[dc/eb752f] process > NFCORE_SMRNASEQ:SMRNASEQ:GE... [100%] 1 of 1 ✔
[11/50caec] process > NFCORE_SMRNASEQ:SMRNASEQ:GE... [  0%] 0 of 32
[-        ] process > NFCORE_SMRNASEQ:SMRNASEQ:GE... -
[-        ] process > NFCORE_SMRNASEQ:SMRNASEQ:GE... -
[-        ] process > NFCORE_SMRNASEQ:SMRNASEQ:GE... -
[-        ] process > NFCORE_SMRNASEQ:SMRNASEQ:GE... -
[-        ] process > NFCORE_SMRNASEQ:SMRNASEQ:GE... -
[-        ] process > NFCORE_SMRNASEQ:SMRNASEQ:GE... -
[-        ] process > NFCORE_SMRNASEQ:SMRNASEQ:GE... -
[-        ] process > NFCORE_SMRNASEQ:SMRNASEQ:GE... -

executor >  slurm (170)
[42/5df762] process > NFCORE_SMRNASEQ:SMRNASEQ:IN... [100%] 1 of 1 ✔
[-        ] process > NFCORE_SMRNASEQ:SMRNASEQ:CA... -
[7e/e6e4e8] process > NFCORE_SMRNASEQ:SMRNASEQ:FA... [  0%] 0 of 36
[f5/32d4ab] process > NFCORE_SMRNASEQ:SMRNASEQ:FA... [ 88%] 32 of 36
[bc/441c1e] process > NFCORE_SMRNASEQ:SMRNASEQ:FA... [  0%] 0 of 32
[97/07591b] process > NFCORE_SMRNASEQ:SMRNASEQ:MI... [  0%] 0 of 32
[dc/eb752f] process > NFCORE_SMRNASEQ:SMRNASEQ:GE... [100%] 1 of 1 ✔
[96/8829a3] process > NFCORE_SMRNASEQ:SMRNASEQ:GE... [  0%] 0 of 32
[-        ] process > NFCORE_SMRNASEQ:SMRNASEQ:GE... -
[-        ] process > NFCORE_SMRNASEQ:SMRNASEQ:GE... -
[-        ] process > NFCORE_SMRNASEQ:SMRNASEQ:GE... -
[-        ] process > NFCORE_SMRNASEQ:SMRNASEQ:GE... -
[-        ] process > NFCORE_SMRNASEQ:SMRNASEQ:GE... -
[-        ] process > NFCORE_SMRNASEQ:SMRNASEQ:GE... -
[-        ] process > NFCORE_SMRNASEQ:SMRNASEQ:GE... -
[-        ] process > NFCORE_SMRNASEQ:SMRNASEQ:GE... -

executor >  slurm (171)
[42/5df762] process > NFCORE_SMRNASEQ:SMRNASEQ:IN... [100%] 1 of 1 ✔
[-        ] process > NFCORE_SMRNASEQ:SMRNASEQ:CA... -
[65/5e32ca] process > NFCORE_SMRNASEQ:SMRNASEQ:FA... [ 11%] 4 of 36
[8d/39736e] process > NFCORE_SMRNASEQ:SMRNASEQ:FA... [100%] 36 of 36 ✔
[84/785292] process > NFCORE_SMRNASEQ:SMRNASEQ:FA... [  0%] 0 of 36
[97/07591b] process > NFCORE_SMRNASEQ:SMRNASEQ:MI... [  0%] 0 of 36
[dc/eb752f] process > NFCORE_SMRNASEQ:SMRNASEQ:GE... [100%] 1 of 1 ✔
[96/8829a3] process > NFCORE_SMRNASEQ:SMRNASEQ:GE... [  0%] 0 of 36
[-        ] process > NFCORE_SMRNASEQ:SMRNASEQ:GE... -
[-        ] process > NFCORE_SMRNASEQ:SMRNASEQ:GE... -
[-        ] process > NFCORE_SMRNASEQ:SMRNASEQ:GE... -
[-        ] process > NFCORE_SMRNASEQ:SMRNASEQ:GE... -
[-        ] process > NFCORE_SMRNASEQ:SMRNASEQ:GE... -
[-        ] process > NFCORE_SMRNASEQ:SMRNASEQ:GE... -
[-        ] process > NFCORE_SMRNASEQ:SMRNASEQ:GE... -
[-        ] process > NFCORE_SMRNASEQ:SMRNASEQ:GE... -

executor >  slurm (174)
[42/5df762] process > NFCORE_SMRNASEQ:SMRNASEQ:IN... [100%] 1 of 1 ✔
[-        ] process > NFCORE_SMRNASEQ:SMRNASEQ:CA... -
[65/5e32ca] process > NFCORE_SMRNASEQ:SMRNASEQ:FA... [ 11%] 4 of 36
[8d/39736e] process > NFCORE_SMRNASEQ:SMRNASEQ:FA... [100%] 36 of 36 ✔
[a6/2882d1] process > NFCORE_SMRNASEQ:SMRNASEQ:FA... [  0%] 0 of 36
[35/e1ffca] process > NFCORE_SMRNASEQ:SMRNASEQ:MI... [  0%] 0 of 36
[dc/eb752f] process > NFCORE_SMRNASEQ:SMRNASEQ:GE... [100%] 1 of 1 ✔
[5f/19d063] process > NFCORE_SMRNASEQ:SMRNASEQ:GE... [  0%] 0 of 36
[-        ] process > NFCORE_SMRNASEQ:SMRNASEQ:GE... -
[-        ] process > NFCORE_SMRNASEQ:SMRNASEQ:GE... -
[-        ] process > NFCORE_SMRNASEQ:SMRNASEQ:GE... -
[-        ] process > NFCORE_SMRNASEQ:SMRNASEQ:GE... -
[-        ] process > NFCORE_SMRNASEQ:SMRNASEQ:GE... -
[-        ] process > NFCORE_SMRNASEQ:SMRNASEQ:GE... -
[-        ] process > NFCORE_SMRNASEQ:SMRNASEQ:GE... -
[-        ] process > NFCORE_SMRNASEQ:SMRNASEQ:GE... -

executor >  slurm (177)
[42/5df762] process > NFCORE_SMRNASEQ:SMRNASEQ:IN... [100%] 1 of 1 ✔
[-        ] process > NFCORE_SMRNASEQ:SMRNASEQ:CA... -
[65/5e32ca] process > NFCORE_SMRNASEQ:SMRNASEQ:FA... [ 11%] 4 of 36
[8d/39736e] process > NFCORE_SMRNASEQ:SMRNASEQ:FA... [100%] 36 of 36 ✔
[a6/2882d1] process > NFCORE_SMRNASEQ:SMRNASEQ:FA... [  0%] 0 of 36
[54/b39ece] process > NFCORE_SMRNASEQ:SMRNASEQ:MI... [  0%] 0 of 36
[dc/eb752f] process > NFCORE_SMRNASEQ:SMRNASEQ:GE... [100%] 1 of 1 ✔
[7b/e06c62] process > NFCORE_SMRNASEQ:SMRNASEQ:GE... [  0%] 0 of 36
[-        ] process > NFCORE_SMRNASEQ:SMRNASEQ:GE... -
[-        ] process > NFCORE_SMRNASEQ:SMRNASEQ:GE... -
[-        ] process > NFCORE_SMRNASEQ:SMRNASEQ:GE... -
[-        ] process > NFCORE_SMRNASEQ:SMRNASEQ:GE... -
[-        ] process > NFCORE_SMRNASEQ:SMRNASEQ:GE... -
[-        ] process > NFCORE_SMRNASEQ:SMRNASEQ:GE... -
[-        ] process > NFCORE_SMRNASEQ:SMRNASEQ:GE... -
[-        ] process > NFCORE_SMRNASEQ:SMRNASEQ:GE... -

executor >  slurm (181)
[42/5df762] process > NFCORE_SMRNASEQ:SMRNASEQ:IN... [100%] 1 of 1 ✔
[-        ] process > NFCORE_SMRNASEQ:SMRNASEQ:CA... -
[65/5e32ca] process > NFCORE_SMRNASEQ:SMRNASEQ:FA... [ 11%] 4 of 36
[8d/39736e] process > NFCORE_SMRNASEQ:SMRNASEQ:FA... [100%] 36 of 36 ✔
[80/e7ad7f] process > NFCORE_SMRNASEQ:SMRNASEQ:FA... [  0%] 0 of 36
[93/cf1bf1] process > NFCORE_SMRNASEQ:SMRNASEQ:MI... [  0%] 0 of 36
[dc/eb752f] process > NFCORE_SMRNASEQ:SMRNASEQ:GE... [100%] 1 of 1 ✔
[bd/d96d74] process > NFCORE_SMRNASEQ:SMRNASEQ:GE... [  0%] 0 of 36
[-        ] process > NFCORE_SMRNASEQ:SMRNASEQ:GE... -
[-        ] process > NFCORE_SMRNASEQ:SMRNASEQ:GE... -
[-        ] process > NFCORE_SMRNASEQ:SMRNASEQ:GE... -
[-        ] process > NFCORE_SMRNASEQ:SMRNASEQ:GE... -
[-        ] process > NFCORE_SMRNASEQ:SMRNASEQ:GE... -
[-        ] process > NFCORE_SMRNASEQ:SMRNASEQ:GE... -
[-        ] process > NFCORE_SMRNASEQ:SMRNASEQ:GE... -
[-        ] process > NFCORE_SMRNASEQ:SMRNASEQ:GE... -

executor >  slurm (182)
[42/5df762] process > NFCORE_SMRNASEQ:SMRNASEQ:IN... [100%] 1 of 1 ✔
[-        ] process > NFCORE_SMRNASEQ:SMRNASEQ:CA... -
[65/5e32ca] process > NFCORE_SMRNASEQ:SMRNASEQ:FA... [ 11%] 4 of 36
[8d/39736e] process > NFCORE_SMRNASEQ:SMRNASEQ:FA... [100%] 36 of 36 ✔
[80/e7ad7f] process > NFCORE_SMRNASEQ:SMRNASEQ:FA... [  0%] 0 of 36
[93/cf1bf1] process > NFCORE_SMRNASEQ:SMRNASEQ:MI... [  0%] 0 of 36
[dc/eb752f] process > NFCORE_SMRNASEQ:SMRNASEQ:GE... [100%] 1 of 1 ✔
[96/d15d25] process > NFCORE_SMRNASEQ:SMRNASEQ:GE... [  0%] 0 of 36
[-        ] process > NFCORE_SMRNASEQ:SMRNASEQ:GE... -
[-        ] process > NFCORE_SMRNASEQ:SMRNASEQ:GE... -
[-        ] process > NFCORE_SMRNASEQ:SMRNASEQ:GE... -
[-        ] process > NFCORE_SMRNASEQ:SMRNASEQ:GE... -
[-        ] process > NFCORE_SMRNASEQ:SMRNASEQ:GE... -
[-        ] process > NFCORE_SMRNASEQ:SMRNASEQ:GE... -
[-        ] process > NFCORE_SMRNASEQ:SMRNASEQ:GE... -
[-        ] process > NFCORE_SMRNASEQ:SMRNASEQ:GE... -

executor >  slurm (182)
[42/5df762] process > NFCORE_SMRNASEQ:SMRNASEQ:IN... [100%] 1 of 1 ✔
[-        ] process > NFCORE_SMRNASEQ:SMRNASEQ:CA... -
[e8/a1bdac] process > NFCORE_SMRNASEQ:SMRNASEQ:FA... [ 13%] 5 of 36
[8d/39736e] process > NFCORE_SMRNASEQ:SMRNASEQ:FA... [100%] 36 of 36 ✔
[80/e7ad7f] process > NFCORE_SMRNASEQ:SMRNASEQ:FA... [  0%] 0 of 36
[93/cf1bf1] process > NFCORE_SMRNASEQ:SMRNASEQ:MI... [  0%] 0 of 36
[dc/eb752f] process > NFCORE_SMRNASEQ:SMRNASEQ:GE... [100%] 1 of 1 ✔
[96/d15d25] process > NFCORE_SMRNASEQ:SMRNASEQ:GE... [  0%] 0 of 36
[-        ] process > NFCORE_SMRNASEQ:SMRNASEQ:GE... -
[-        ] process > NFCORE_SMRNASEQ:SMRNASEQ:GE... -
[-        ] process > NFCORE_SMRNASEQ:SMRNASEQ:GE... -
[-        ] process > NFCORE_SMRNASEQ:SMRNASEQ:GE... -
[-        ] process > NFCORE_SMRNASEQ:SMRNASEQ:GE... -
[-        ] process > NFCORE_SMRNASEQ:SMRNASEQ:GE... -
[-        ] process > NFCORE_SMRNASEQ:SMRNASEQ:GE... -
[-        ] process > NFCORE_SMRNASEQ:SMRNASEQ:GE... -

executor >  slurm (182)
[42/5df762] process > NFCORE_SMRNASEQ:SMRNASEQ:IN... [100%] 1 of 1 ✔
[-        ] process > NFCORE_SMRNASEQ:SMRNASEQ:CA... -
[c6/f583e9] process > NFCORE_SMRNASEQ:SMRNASEQ:FA... [ 16%] 6 of 36
[8d/39736e] process > NFCORE_SMRNASEQ:SMRNASEQ:FA... [100%] 36 of 36 ✔
[80/e7ad7f] process > NFCORE_SMRNASEQ:SMRNASEQ:FA... [  0%] 0 of 36
[93/cf1bf1] process > NFCORE_SMRNASEQ:SMRNASEQ:MI... [  0%] 0 of 36
[dc/eb752f] process > NFCORE_SMRNASEQ:SMRNASEQ:GE... [100%] 1 of 1 ✔
[96/d15d25] process > NFCORE_SMRNASEQ:SMRNASEQ:GE... [  0%] 0 of 36
[-        ] process > NFCORE_SMRNASEQ:SMRNASEQ:GE... -
[-        ] process > NFCORE_SMRNASEQ:SMRNASEQ:GE... -
[-        ] process > NFCORE_SMRNASEQ:SMRNASEQ:GE... -
[-        ] process > NFCORE_SMRNASEQ:SMRNASEQ:GE... -
[-        ] process > NFCORE_SMRNASEQ:SMRNASEQ:GE... -
[-        ] process > NFCORE_SMRNASEQ:SMRNASEQ:GE... -
[-        ] process > NFCORE_SMRNASEQ:SMRNASEQ:GE... -
[-        ] process > NFCORE_SMRNASEQ:SMRNASEQ:GE... -

executor >  slurm (182)
[42/5df762] process > NFCORE_SMRNASEQ:SMRNASEQ:IN... [100%] 1 of 1 ✔
[-        ] process > NFCORE_SMRNASEQ:SMRNASEQ:CA... -
[c6/f583e9] process > NFCORE_SMRNASEQ:SMRNASEQ:FA... [ 16%] 6 of 36
[8d/39736e] process > NFCORE_SMRNASEQ:SMRNASEQ:FA... [100%] 36 of 36 ✔
[80/e7ad7f] process > NFCORE_SMRNASEQ:SMRNASEQ:FA... [  0%] 0 of 36
[93/cf1bf1] process > NFCORE_SMRNASEQ:SMRNASEQ:MI... [  0%] 0 of 36
[dc/eb752f] process > NFCORE_SMRNASEQ:SMRNASEQ:GE... [100%] 1 of 1 ✔
[96/d15d25] process > NFCORE_SMRNASEQ:SMRNASEQ:GE... [  0%] 0 of 36
[-        ] process > NFCORE_SMRNASEQ:SMRNASEQ:GE... -
[-        ] process > NFCORE_SMRNASEQ:SMRNASEQ:GE... -
[-        ] process > NFCORE_SMRNASEQ:SMRNASEQ:GE... -
[-        ] process > NFCORE_SMRNASEQ:SMRNASEQ:GE... -
[-        ] process > NFCORE_SMRNASEQ:SMRNASEQ:GE... -
[-        ] process > NFCORE_SMRNASEQ:SMRNASEQ:GE... -
[-        ] process > NFCORE_SMRNASEQ:SMRNASEQ:GE... -
[-        ] process > NFCORE_SMRNASEQ:SMRNASEQ:GE... -

executor >  slurm (182)
[42/5df762] process > NFCORE_SMRNASEQ:SMRNASEQ:IN... [100%] 1 of 1 ✔
[-        ] process > NFCORE_SMRNASEQ:SMRNASEQ:CA... -
[c6/f583e9] process > NFCORE_SMRNASEQ:SMRNASEQ:FA... [ 16%] 6 of 36
[8d/39736e] process > NFCORE_SMRNASEQ:SMRNASEQ:FA... [100%] 36 of 36 ✔
[80/e7ad7f] process > NFCORE_SMRNASEQ:SMRNASEQ:FA... [  0%] 0 of 36
[93/cf1bf1] process > NFCORE_SMRNASEQ:SMRNASEQ:MI... [  0%] 0 of 36
[dc/eb752f] process > NFCORE_SMRNASEQ:SMRNASEQ:GE... [100%] 1 of 1 ✔
[96/d15d25] process > NFCORE_SMRNASEQ:SMRNASEQ:GE... [  0%] 0 of 36
[-        ] process > NFCORE_SMRNASEQ:SMRNASEQ:GE... -
[-        ] process > NFCORE_SMRNASEQ:SMRNASEQ:GE... -
[-        ] process > NFCORE_SMRNASEQ:SMRNASEQ:GE... -
[-        ] process > NFCORE_SMRNASEQ:SMRNASEQ:GE... -
[-        ] process > NFCORE_SMRNASEQ:SMRNASEQ:GE... -
[-        ] process > NFCORE_SMRNASEQ:SMRNASEQ:GE... -
[-        ] process > NFCORE_SMRNASEQ:SMRNASEQ:GE... -
[-        ] process > NFCORE_SMRNASEQ:SMRNASEQ:GE... -

executor >  slurm (182)
[42/5df762] process > NFCORE_SMRNASEQ:SMRNASEQ:IN... [100%] 1 of 1 ✔
[-        ] process > NFCORE_SMRNASEQ:SMRNASEQ:CA... -
[c6/f583e9] process > NFCORE_SMRNASEQ:SMRNASEQ:FA... [ 16%] 6 of 36
[8d/39736e] process > NFCORE_SMRNASEQ:SMRNASEQ:FA... [100%] 36 of 36 ✔
[80/e7ad7f] process > NFCORE_SMRNASEQ:SMRNASEQ:FA... [  0%] 0 of 36
[93/cf1bf1] process > NFCORE_SMRNASEQ:SMRNASEQ:MI... [  0%] 0 of 36
[dc/eb752f] process > NFCORE_SMRNASEQ:SMRNASEQ:GE... [100%] 1 of 1 ✔
[96/d15d25] process > NFCORE_SMRNASEQ:SMRNASEQ:GE... [  0%] 0 of 36
[-        ] process > NFCORE_SMRNASEQ:SMRNASEQ:GE... -
[-        ] process > NFCORE_SMRNASEQ:SMRNASEQ:GE... -
[-        ] process > NFCORE_SMRNASEQ:SMRNASEQ:GE... -
[-        ] process > NFCORE_SMRNASEQ:SMRNASEQ:GE... -
[-        ] process > NFCORE_SMRNASEQ:SMRNASEQ:GE... -
[-        ] process > NFCORE_SMRNASEQ:SMRNASEQ:GE... -
[-        ] process > NFCORE_SMRNASEQ:SMRNASEQ:GE... -
[-        ] process > NFCORE_SMRNASEQ:SMRNASEQ:GE... -

executor >  slurm (182)
[42/5df762] process > NFCORE_SMRNASEQ:SMRNASEQ:IN... [100%] 1 of 1 ✔
[-        ] process > NFCORE_SMRNASEQ:SMRNASEQ:CA... -
[a6/eb756d] process > NFCORE_SMRNASEQ:SMRNASEQ:FA... [ 19%] 7 of 36
[8d/39736e] process > NFCORE_SMRNASEQ:SMRNASEQ:FA... [100%] 36 of 36 ✔
[80/e7ad7f] process > NFCORE_SMRNASEQ:SMRNASEQ:FA... [  0%] 0 of 36
[93/cf1bf1] process > NFCORE_SMRNASEQ:SMRNASEQ:MI... [  0%] 0 of 36
[dc/eb752f] process > NFCORE_SMRNASEQ:SMRNASEQ:GE... [100%] 1 of 1 ✔
[96/d15d25] process > NFCORE_SMRNASEQ:SMRNASEQ:GE... [  0%] 0 of 36
[-        ] process > NFCORE_SMRNASEQ:SMRNASEQ:GE... -
[-        ] process > NFCORE_SMRNASEQ:SMRNASEQ:GE... -
[-        ] process > NFCORE_SMRNASEQ:SMRNASEQ:GE... -
[-        ] process > NFCORE_SMRNASEQ:SMRNASEQ:GE... -
[-        ] process > NFCORE_SMRNASEQ:SMRNASEQ:GE... -
[-        ] process > NFCORE_SMRNASEQ:SMRNASEQ:GE... -
[-        ] process > NFCORE_SMRNASEQ:SMRNASEQ:GE... -
[-        ] process > NFCORE_SMRNASEQ:SMRNASEQ:GE... -

executor >  slurm (182)
[42/5df762] process > NFCORE_SMRNASEQ:SMRNASEQ:IN... [100%] 1 of 1 ✔
[-        ] process > NFCORE_SMRNASEQ:SMRNASEQ:CA... -
[fa/4041b6] process > NFCORE_SMRNASEQ:SMRNASEQ:FA... [ 41%] 15 of 36
[8d/39736e] process > NFCORE_SMRNASEQ:SMRNASEQ:FA... [100%] 36 of 36 ✔
[80/e7ad7f] process > NFCORE_SMRNASEQ:SMRNASEQ:FA... [  0%] 0 of 36
[93/cf1bf1] process > NFCORE_SMRNASEQ:SMRNASEQ:MI... [  0%] 0 of 36
[dc/eb752f] process > NFCORE_SMRNASEQ:SMRNASEQ:GE... [100%] 1 of 1 ✔
[96/d15d25] process > NFCORE_SMRNASEQ:SMRNASEQ:GE... [  0%] 0 of 36
[-        ] process > NFCORE_SMRNASEQ:SMRNASEQ:GE... -
[-        ] process > NFCORE_SMRNASEQ:SMRNASEQ:GE... -
[-        ] process > NFCORE_SMRNASEQ:SMRNASEQ:GE... -
[-        ] process > NFCORE_SMRNASEQ:SMRNASEQ:GE... -
[-        ] process > NFCORE_SMRNASEQ:SMRNASEQ:GE... -
[-        ] process > NFCORE_SMRNASEQ:SMRNASEQ:GE... -
[-        ] process > NFCORE_SMRNASEQ:SMRNASEQ:GE... -
[-        ] process > NFCORE_SMRNASEQ:SMRNASEQ:GE... -

executor >  slurm (182)
[42/5df762] process > NFCORE_SMRNASEQ:SMRNASEQ:IN... [100%] 1 of 1 ✔
[-        ] process > NFCORE_SMRNASEQ:SMRNASEQ:CA... -
[d7/8d9acc] process > NFCORE_SMRNASEQ:SMRNASEQ:FA... [ 44%] 16 of 36
[8d/39736e] process > NFCORE_SMRNASEQ:SMRNASEQ:FA... [100%] 36 of 36 ✔
[80/e7ad7f] process > NFCORE_SMRNASEQ:SMRNASEQ:FA... [  0%] 0 of 36
[93/cf1bf1] process > NFCORE_SMRNASEQ:SMRNASEQ:MI... [  0%] 0 of 36
[dc/eb752f] process > NFCORE_SMRNASEQ:SMRNASEQ:GE... [100%] 1 of 1 ✔
[96/d15d25] process > NFCORE_SMRNASEQ:SMRNASEQ:GE... [  0%] 0 of 36
[-        ] process > NFCORE_SMRNASEQ:SMRNASEQ:GE... -
[-        ] process > NFCORE_SMRNASEQ:SMRNASEQ:GE... -
[-        ] process > NFCORE_SMRNASEQ:SMRNASEQ:GE... -
[-        ] process > NFCORE_SMRNASEQ:SMRNASEQ:GE... -
[-        ] process > NFCORE_SMRNASEQ:SMRNASEQ:GE... -
[-        ] process > NFCORE_SMRNASEQ:SMRNASEQ:GE... -
[-        ] process > NFCORE_SMRNASEQ:SMRNASEQ:GE... -
[-        ] process > NFCORE_SMRNASEQ:SMRNASEQ:GE... -

executor >  slurm (182)
[42/5df762] process > NFCORE_SMRNASEQ:SMRNASEQ:IN... [100%] 1 of 1 ✔
[-        ] process > NFCORE_SMRNASEQ:SMRNASEQ:CA... -
[d7/8d9acc] process > NFCORE_SMRNASEQ:SMRNASEQ:FA... [ 44%] 16 of 36
[8d/39736e] process > NFCORE_SMRNASEQ:SMRNASEQ:FA... [100%] 36 of 36 ✔
[80/e7ad7f] process > NFCORE_SMRNASEQ:SMRNASEQ:FA... [  0%] 0 of 36
[93/cf1bf1] process > NFCORE_SMRNASEQ:SMRNASEQ:MI... [  0%] 0 of 36
[dc/eb752f] process > NFCORE_SMRNASEQ:SMRNASEQ:GE... [100%] 1 of 1 ✔
[96/d15d25] process > NFCORE_SMRNASEQ:SMRNASEQ:GE... [  0%] 0 of 36
[-        ] process > NFCORE_SMRNASEQ:SMRNASEQ:GE... -
[-        ] process > NFCORE_SMRNASEQ:SMRNASEQ:GE... -
[-        ] process > NFCORE_SMRNASEQ:SMRNASEQ:GE... -
[-        ] process > NFCORE_SMRNASEQ:SMRNASEQ:GE... -
[-        ] process > NFCORE_SMRNASEQ:SMRNASEQ:GE... -
[-        ] process > NFCORE_SMRNASEQ:SMRNASEQ:GE... -
[-        ] process > NFCORE_SMRNASEQ:SMRNASEQ:GE... -
[-        ] process > NFCORE_SMRNASEQ:SMRNASEQ:GE... -

executor >  slurm (182)
[42/5df762] process > NFCORE_SMRNASEQ:SMRNASEQ:IN... [100%] 1 of 1 ✔
[-        ] process > NFCORE_SMRNASEQ:SMRNASEQ:CA... -
[d7/8d9acc] process > NFCORE_SMRNASEQ:SMRNASEQ:FA... [ 44%] 16 of 36
[8d/39736e] process > NFCORE_SMRNASEQ:SMRNASEQ:FA... [100%] 36 of 36 ✔
[80/e7ad7f] process > NFCORE_SMRNASEQ:SMRNASEQ:FA... [  0%] 0 of 36
[93/cf1bf1] process > NFCORE_SMRNASEQ:SMRNASEQ:MI... [  0%] 0 of 36
[dc/eb752f] process > NFCORE_SMRNASEQ:SMRNASEQ:GE... [100%] 1 of 1 ✔
[96/d15d25] process > NFCORE_SMRNASEQ:SMRNASEQ:GE... [  0%] 0 of 36
[-        ] process > NFCORE_SMRNASEQ:SMRNASEQ:GE... -
[-        ] process > NFCORE_SMRNASEQ:SMRNASEQ:GE... -
[-        ] process > NFCORE_SMRNASEQ:SMRNASEQ:GE... -
[-        ] process > NFCORE_SMRNASEQ:SMRNASEQ:GE... -
[-        ] process > NFCORE_SMRNASEQ:SMRNASEQ:GE... -
[-        ] process > NFCORE_SMRNASEQ:SMRNASEQ:GE... -
[-        ] process > NFCORE_SMRNASEQ:SMRNASEQ:GE... -
[-        ] process > NFCORE_SMRNASEQ:SMRNASEQ:GE... -

executor >  slurm (182)
[42/5df762] process > NFCORE_SMRNASEQ:SMRNASEQ:IN... [100%] 1 of 1 ✔
[-        ] process > NFCORE_SMRNASEQ:SMRNASEQ:CA... -
[09/40bda2] process > NFCORE_SMRNASEQ:SMRNASEQ:FA... [ 47%] 17 of 36
[8d/39736e] process > NFCORE_SMRNASEQ:SMRNASEQ:FA... [100%] 36 of 36 ✔
[80/e7ad7f] process > NFCORE_SMRNASEQ:SMRNASEQ:FA... [  0%] 0 of 36
[93/cf1bf1] process > NFCORE_SMRNASEQ:SMRNASEQ:MI... [  0%] 0 of 36
[dc/eb752f] process > NFCORE_SMRNASEQ:SMRNASEQ:GE... [100%] 1 of 1 ✔
[96/d15d25] process > NFCORE_SMRNASEQ:SMRNASEQ:GE... [  0%] 0 of 36
[-        ] process > NFCORE_SMRNASEQ:SMRNASEQ:GE... -
[-        ] process > NFCORE_SMRNASEQ:SMRNASEQ:GE... -
[-        ] process > NFCORE_SMRNASEQ:SMRNASEQ:GE... -
[-        ] process > NFCORE_SMRNASEQ:SMRNASEQ:GE... -
[-        ] process > NFCORE_SMRNASEQ:SMRNASEQ:GE... -
[-        ] process > NFCORE_SMRNASEQ:SMRNASEQ:GE... -
[-        ] process > NFCORE_SMRNASEQ:SMRNASEQ:GE... -
[-        ] process > NFCORE_SMRNASEQ:SMRNASEQ:GE... -

executor >  slurm (182)
[42/5df762] process > NFCORE_SMRNASEQ:SMRNASEQ:IN... [100%] 1 of 1 ✔
[-        ] process > NFCORE_SMRNASEQ:SMRNASEQ:CA... -
[94/0990ab] process > NFCORE_SMRNASEQ:SMRNASEQ:FA... [ 66%] 24 of 36
[8d/39736e] process > NFCORE_SMRNASEQ:SMRNASEQ:FA... [100%] 36 of 36 ✔
[80/e7ad7f] process > NFCORE_SMRNASEQ:SMRNASEQ:FA... [  0%] 0 of 36
[93/cf1bf1] process > NFCORE_SMRNASEQ:SMRNASEQ:MI... [  0%] 0 of 36
[dc/eb752f] process > NFCORE_SMRNASEQ:SMRNASEQ:GE... [100%] 1 of 1 ✔
[96/d15d25] process > NFCORE_SMRNASEQ:SMRNASEQ:GE... [  0%] 0 of 36
[-        ] process > NFCORE_SMRNASEQ:SMRNASEQ:GE... -
[-        ] process > NFCORE_SMRNASEQ:SMRNASEQ:GE... -
[-        ] process > NFCORE_SMRNASEQ:SMRNASEQ:GE... -
[-        ] process > NFCORE_SMRNASEQ:SMRNASEQ:GE... -
[-        ] process > NFCORE_SMRNASEQ:SMRNASEQ:GE... -
[-        ] process > NFCORE_SMRNASEQ:SMRNASEQ:GE... -
[-        ] process > NFCORE_SMRNASEQ:SMRNASEQ:GE... -
[-        ] process > NFCORE_SMRNASEQ:SMRNASEQ:GE... -

executor >  slurm (182)
[42/5df762] process > NFCORE_SMRNASEQ:SMRNASEQ:IN... [100%] 1 of 1 ✔
[-        ] process > NFCORE_SMRNASEQ:SMRNASEQ:CA... -
[c7/6eb899] process > NFCORE_SMRNASEQ:SMRNASEQ:FA... [ 72%] 26 of 36
[8d/39736e] process > NFCORE_SMRNASEQ:SMRNASEQ:FA... [100%] 36 of 36 ✔
[80/e7ad7f] process > NFCORE_SMRNASEQ:SMRNASEQ:FA... [  0%] 0 of 36
[93/cf1bf1] process > NFCORE_SMRNASEQ:SMRNASEQ:MI... [  0%] 0 of 36
[dc/eb752f] process > NFCORE_SMRNASEQ:SMRNASEQ:GE... [100%] 1 of 1 ✔
[96/d15d25] process > NFCORE_SMRNASEQ:SMRNASEQ:GE... [  0%] 0 of 36
[-        ] process > NFCORE_SMRNASEQ:SMRNASEQ:GE... -
[-        ] process > NFCORE_SMRNASEQ:SMRNASEQ:GE... -
[-        ] process > NFCORE_SMRNASEQ:SMRNASEQ:GE... -
[-        ] process > NFCORE_SMRNASEQ:SMRNASEQ:GE... -
[-        ] process > NFCORE_SMRNASEQ:SMRNASEQ:GE... -
[-        ] process > NFCORE_SMRNASEQ:SMRNASEQ:GE... -
[-        ] process > NFCORE_SMRNASEQ:SMRNASEQ:GE... -
[-        ] process > NFCORE_SMRNASEQ:SMRNASEQ:GE... -

executor >  slurm (182)
[42/5df762] process > NFCORE_SMRNASEQ:SMRNASEQ:IN... [100%] 1 of 1 ✔
[-        ] process > NFCORE_SMRNASEQ:SMRNASEQ:CA... -
[c7/6eb899] process > NFCORE_SMRNASEQ:SMRNASEQ:FA... [ 72%] 26 of 36
[8d/39736e] process > NFCORE_SMRNASEQ:SMRNASEQ:FA... [100%] 36 of 36 ✔
[80/e7ad7f] process > NFCORE_SMRNASEQ:SMRNASEQ:FA... [  0%] 0 of 36
[93/cf1bf1] process > NFCORE_SMRNASEQ:SMRNASEQ:MI... [  0%] 0 of 36
[dc/eb752f] process > NFCORE_SMRNASEQ:SMRNASEQ:GE... [100%] 1 of 1 ✔
[96/d15d25] process > NFCORE_SMRNASEQ:SMRNASEQ:GE... [  0%] 0 of 36
[-        ] process > NFCORE_SMRNASEQ:SMRNASEQ:GE... -
[-        ] process > NFCORE_SMRNASEQ:SMRNASEQ:GE... -
[-        ] process > NFCORE_SMRNASEQ:SMRNASEQ:GE... -
[-        ] process > NFCORE_SMRNASEQ:SMRNASEQ:GE... -
[-        ] process > NFCORE_SMRNASEQ:SMRNASEQ:GE... -
[-        ] process > NFCORE_SMRNASEQ:SMRNASEQ:GE... -
[-        ] process > NFCORE_SMRNASEQ:SMRNASEQ:GE... -
[-        ] process > NFCORE_SMRNASEQ:SMRNASEQ:GE... -

executor >  slurm (182)
[42/5df762] process > NFCORE_SMRNASEQ:SMRNASEQ:IN... [100%] 1 of 1 ✔
[-        ] process > NFCORE_SMRNASEQ:SMRNASEQ:CA... -
[c7/6eb899] process > NFCORE_SMRNASEQ:SMRNASEQ:FA... [ 72%] 26 of 36
[8d/39736e] process > NFCORE_SMRNASEQ:SMRNASEQ:FA... [100%] 36 of 36 ✔
[80/e7ad7f] process > NFCORE_SMRNASEQ:SMRNASEQ:FA... [  0%] 0 of 36
[93/cf1bf1] process > NFCORE_SMRNASEQ:SMRNASEQ:MI... [  0%] 0 of 36
[dc/eb752f] process > NFCORE_SMRNASEQ:SMRNASEQ:GE... [100%] 1 of 1 ✔
[96/d15d25] process > NFCORE_SMRNASEQ:SMRNASEQ:GE... [  0%] 0 of 36
[-        ] process > NFCORE_SMRNASEQ:SMRNASEQ:GE... -
[-        ] process > NFCORE_SMRNASEQ:SMRNASEQ:GE... -
[-        ] process > NFCORE_SMRNASEQ:SMRNASEQ:GE... -
[-        ] process > NFCORE_SMRNASEQ:SMRNASEQ:GE... -
[-        ] process > NFCORE_SMRNASEQ:SMRNASEQ:GE... -
[-        ] process > NFCORE_SMRNASEQ:SMRNASEQ:GE... -
[-        ] process > NFCORE_SMRNASEQ:SMRNASEQ:GE... -
[-        ] process > NFCORE_SMRNASEQ:SMRNASEQ:GE... -

executor >  slurm (182)
[42/5df762] process > NFCORE_SMRNASEQ:SMRNASEQ:IN... [100%] 1 of 1 ✔
[-        ] process > NFCORE_SMRNASEQ:SMRNASEQ:CA... -
[c7/6eb899] process > NFCORE_SMRNASEQ:SMRNASEQ:FA... [ 72%] 26 of 36
[8d/39736e] process > NFCORE_SMRNASEQ:SMRNASEQ:FA... [100%] 36 of 36 ✔
[db/6282e9] process > NFCORE_SMRNASEQ:SMRNASEQ:FA... [  2%] 1 of 36
[93/cf1bf1] process > NFCORE_SMRNASEQ:SMRNASEQ:MI... [  0%] 0 of 36
[dc/eb752f] process > NFCORE_SMRNASEQ:SMRNASEQ:GE... [100%] 1 of 1 ✔
[96/d15d25] process > NFCORE_SMRNASEQ:SMRNASEQ:GE... [  0%] 0 of 36
[-        ] process > NFCORE_SMRNASEQ:SMRNASEQ:GE... -
[-        ] process > NFCORE_SMRNASEQ:SMRNASEQ:GE... -
[-        ] process > NFCORE_SMRNASEQ:SMRNASEQ:GE... -
[-        ] process > NFCORE_SMRNASEQ:SMRNASEQ:GE... -
[-        ] process > NFCORE_SMRNASEQ:SMRNASEQ:GE... -
[-        ] process > NFCORE_SMRNASEQ:SMRNASEQ:GE... -
[-        ] process > NFCORE_SMRNASEQ:SMRNASEQ:GE... -
[-        ] process > NFCORE_SMRNASEQ:SMRNASEQ:GE... -

executor >  slurm (182)
[42/5df762] process > NFCORE_SMRNASEQ:SMRNASEQ:IN... [100%] 1 of 1 ✔
[-        ] process > NFCORE_SMRNASEQ:SMRNASEQ:CA... -
[c7/6eb899] process > NFCORE_SMRNASEQ:SMRNASEQ:FA... [ 72%] 26 of 36
[8d/39736e] process > NFCORE_SMRNASEQ:SMRNASEQ:FA... [100%] 36 of 36 ✔
[db/6282e9] process > NFCORE_SMRNASEQ:SMRNASEQ:FA... [  2%] 1 of 36
[93/cf1bf1] process > NFCORE_SMRNASEQ:SMRNASEQ:MI... [  0%] 0 of 36
[dc/eb752f] process > NFCORE_SMRNASEQ:SMRNASEQ:GE... [100%] 1 of 1 ✔
[96/d15d25] process > NFCORE_SMRNASEQ:SMRNASEQ:GE... [  0%] 0 of 36
[-        ] process > NFCORE_SMRNASEQ:SMRNASEQ:GE... -
[-        ] process > NFCORE_SMRNASEQ:SMRNASEQ:GE... -
[-        ] process > NFCORE_SMRNASEQ:SMRNASEQ:GE... -
[-        ] process > NFCORE_SMRNASEQ:SMRNASEQ:GE... -
[-        ] process > NFCORE_SMRNASEQ:SMRNASEQ:GE... -
[-        ] process > NFCORE_SMRNASEQ:SMRNASEQ:GE... -
[-        ] process > NFCORE_SMRNASEQ:SMRNASEQ:GE... -
[-        ] process > NFCORE_SMRNASEQ:SMRNASEQ:GE... -

executor >  slurm (182)
[42/5df762] process > NFCORE_SMRNASEQ:SMRNASEQ:IN... [100%] 1 of 1 ✔
[-        ] process > NFCORE_SMRNASEQ:SMRNASEQ:CA... -
[e6/f79982] process > NFCORE_SMRNASEQ:SMRNASEQ:FA... [ 75%] 27 of 36
[8d/39736e] process > NFCORE_SMRNASEQ:SMRNASEQ:FA... [100%] 36 of 36 ✔
[db/6282e9] process > NFCORE_SMRNASEQ:SMRNASEQ:FA... [  2%] 1 of 36
[93/cf1bf1] process > NFCORE_SMRNASEQ:SMRNASEQ:MI... [  0%] 0 of 36
[dc/eb752f] process > NFCORE_SMRNASEQ:SMRNASEQ:GE... [100%] 1 of 1 ✔
[96/d15d25] process > NFCORE_SMRNASEQ:SMRNASEQ:GE... [  0%] 0 of 36
[-        ] process > NFCORE_SMRNASEQ:SMRNASEQ:GE... -
[-        ] process > NFCORE_SMRNASEQ:SMRNASEQ:GE... -
[-        ] process > NFCORE_SMRNASEQ:SMRNASEQ:GE... -
[-        ] process > NFCORE_SMRNASEQ:SMRNASEQ:GE... -
[-        ] process > NFCORE_SMRNASEQ:SMRNASEQ:GE... -
[-        ] process > NFCORE_SMRNASEQ:SMRNASEQ:GE... -
[-        ] process > NFCORE_SMRNASEQ:SMRNASEQ:GE... -
[-        ] process > NFCORE_SMRNASEQ:SMRNASEQ:GE... -

executor >  slurm (182)
[42/5df762] process > NFCORE_SMRNASEQ:SMRNASEQ:IN... [100%] 1 of 1 ✔
[-        ] process > NFCORE_SMRNASEQ:SMRNASEQ:CA... -
[7e/e6e4e8] process > NFCORE_SMRNASEQ:SMRNASEQ:FA... [ 97%] 35 of 36
[8d/39736e] process > NFCORE_SMRNASEQ:SMRNASEQ:FA... [100%] 36 of 36 ✔
[db/6282e9] process > NFCORE_SMRNASEQ:SMRNASEQ:FA... [  2%] 1 of 36
[93/cf1bf1] process > NFCORE_SMRNASEQ:SMRNASEQ:MI... [  0%] 0 of 36
[dc/eb752f] process > NFCORE_SMRNASEQ:SMRNASEQ:GE... [100%] 1 of 1 ✔
[96/d15d25] process > NFCORE_SMRNASEQ:SMRNASEQ:GE... [  0%] 0 of 36
[-        ] process > NFCORE_SMRNASEQ:SMRNASEQ:GE... -
[-        ] process > NFCORE_SMRNASEQ:SMRNASEQ:GE... -
[-        ] process > NFCORE_SMRNASEQ:SMRNASEQ:GE... -
[-        ] process > NFCORE_SMRNASEQ:SMRNASEQ:GE... -
[-        ] process > NFCORE_SMRNASEQ:SMRNASEQ:GE... -
[-        ] process > NFCORE_SMRNASEQ:SMRNASEQ:GE... -
[-        ] process > NFCORE_SMRNASEQ:SMRNASEQ:GE... -
[-        ] process > NFCORE_SMRNASEQ:SMRNASEQ:GE... -

executor >  slurm (182)
[42/5df762] process > NFCORE_SMRNASEQ:SMRNASEQ:IN... [100%] 1 of 1 ✔
[-        ] process > NFCORE_SMRNASEQ:SMRNASEQ:CA... -
[7e/e6e4e8] process > NFCORE_SMRNASEQ:SMRNASEQ:FA... [ 97%] 35 of 36
[8d/39736e] process > NFCORE_SMRNASEQ:SMRNASEQ:FA... [100%] 36 of 36 ✔
[db/6282e9] process > NFCORE_SMRNASEQ:SMRNASEQ:FA... [  2%] 1 of 36
[93/cf1bf1] process > NFCORE_SMRNASEQ:SMRNASEQ:MI... [  0%] 0 of 36
[dc/eb752f] process > NFCORE_SMRNASEQ:SMRNASEQ:GE... [100%] 1 of 1 ✔
[96/d15d25] process > NFCORE_SMRNASEQ:SMRNASEQ:GE... [  0%] 0 of 36
[-        ] process > NFCORE_SMRNASEQ:SMRNASEQ:GE... -
[-        ] process > NFCORE_SMRNASEQ:SMRNASEQ:GE... -
[-        ] process > NFCORE_SMRNASEQ:SMRNASEQ:GE... -
[-        ] process > NFCORE_SMRNASEQ:SMRNASEQ:GE... -
[-        ] process > NFCORE_SMRNASEQ:SMRNASEQ:GE... -
[-        ] process > NFCORE_SMRNASEQ:SMRNASEQ:GE... -
[-        ] process > NFCORE_SMRNASEQ:SMRNASEQ:GE... -
[-        ] process > NFCORE_SMRNASEQ:SMRNASEQ:GE... -

executor >  slurm (182)
[42/5df762] process > NFCORE_SMRNASEQ:SMRNASEQ:IN... [100%] 1 of 1 ✔
[-        ] process > NFCORE_SMRNASEQ:SMRNASEQ:CA... -
[f6/dbdb26] process > NFCORE_SMRNASEQ:SMRNASEQ:FA... [100%] 36 of 36 ✔
[8d/39736e] process > NFCORE_SMRNASEQ:SMRNASEQ:FA... [100%] 36 of 36 ✔
[db/6282e9] process > NFCORE_SMRNASEQ:SMRNASEQ:FA... [  2%] 1 of 36
[93/cf1bf1] process > NFCORE_SMRNASEQ:SMRNASEQ:MI... [  0%] 0 of 36
[dc/eb752f] process > NFCORE_SMRNASEQ:SMRNASEQ:GE... [100%] 1 of 1 ✔
[96/d15d25] process > NFCORE_SMRNASEQ:SMRNASEQ:GE... [  0%] 0 of 36
[-        ] process > NFCORE_SMRNASEQ:SMRNASEQ:GE... -
[-        ] process > NFCORE_SMRNASEQ:SMRNASEQ:GE... -
[-        ] process > NFCORE_SMRNASEQ:SMRNASEQ:GE... -
[-        ] process > NFCORE_SMRNASEQ:SMRNASEQ:GE... -
[-        ] process > NFCORE_SMRNASEQ:SMRNASEQ:GE... -
[-        ] process > NFCORE_SMRNASEQ:SMRNASEQ:GE... -
[-        ] process > NFCORE_SMRNASEQ:SMRNASEQ:GE... -
[-        ] process > NFCORE_SMRNASEQ:SMRNASEQ:GE... -

executor >  slurm (182)
[42/5df762] process > NFCORE_SMRNASEQ:SMRNASEQ:IN... [100%] 1 of 1 ✔
[-        ] process > NFCORE_SMRNASEQ:SMRNASEQ:CA... -
[f6/dbdb26] process > NFCORE_SMRNASEQ:SMRNASEQ:FA... [100%] 36 of 36 ✔
[8d/39736e] process > NFCORE_SMRNASEQ:SMRNASEQ:FA... [100%] 36 of 36 ✔
[db/6282e9] process > NFCORE_SMRNASEQ:SMRNASEQ:FA... [  2%] 1 of 36
[93/cf1bf1] process > NFCORE_SMRNASEQ:SMRNASEQ:MI... [  0%] 0 of 36
[dc/eb752f] process > NFCORE_SMRNASEQ:SMRNASEQ:GE... [100%] 1 of 1 ✔
[96/d15d25] process > NFCORE_SMRNASEQ:SMRNASEQ:GE... [  0%] 0 of 36
[-        ] process > NFCORE_SMRNASEQ:SMRNASEQ:GE... -
[-        ] process > NFCORE_SMRNASEQ:SMRNASEQ:GE... -
[-        ] process > NFCORE_SMRNASEQ:SMRNASEQ:GE... -
[-        ] process > NFCORE_SMRNASEQ:SMRNASEQ:GE... -
[-        ] process > NFCORE_SMRNASEQ:SMRNASEQ:GE... -
[-        ] process > NFCORE_SMRNASEQ:SMRNASEQ:GE... -
[-        ] process > NFCORE_SMRNASEQ:SMRNASEQ:GE... -
[-        ] process > NFCORE_SMRNASEQ:SMRNASEQ:GE... -

executor >  slurm (182)
[42/5df762] process > NFCORE_SMRNASEQ:SMRNASEQ:IN... [100%] 1 of 1 ✔
[-        ] process > NFCORE_SMRNASEQ:SMRNASEQ:CA... -
[f6/dbdb26] process > NFCORE_SMRNASEQ:SMRNASEQ:FA... [100%] 36 of 36 ✔
[8d/39736e] process > NFCORE_SMRNASEQ:SMRNASEQ:FA... [100%] 36 of 36 ✔
[db/6282e9] process > NFCORE_SMRNASEQ:SMRNASEQ:FA... [  2%] 1 of 36
[93/cf1bf1] process > NFCORE_SMRNASEQ:SMRNASEQ:MI... [  0%] 0 of 36
[dc/eb752f] process > NFCORE_SMRNASEQ:SMRNASEQ:GE... [100%] 1 of 1 ✔
[96/d15d25] process > NFCORE_SMRNASEQ:SMRNASEQ:GE... [  0%] 0 of 36
[-        ] process > NFCORE_SMRNASEQ:SMRNASEQ:GE... -
[-        ] process > NFCORE_SMRNASEQ:SMRNASEQ:GE... -
[-        ] process > NFCORE_SMRNASEQ:SMRNASEQ:GE... -
[-        ] process > NFCORE_SMRNASEQ:SMRNASEQ:GE... -
[-        ] process > NFCORE_SMRNASEQ:SMRNASEQ:GE... -
[-        ] process > NFCORE_SMRNASEQ:SMRNASEQ:GE... -
[-        ] process > NFCORE_SMRNASEQ:SMRNASEQ:GE... -
[-        ] process > NFCORE_SMRNASEQ:SMRNASEQ:GE... -

executor >  slurm (182)
[42/5df762] process > NFCORE_SMRNASEQ:SMRNASEQ:IN... [100%] 1 of 1 ✔
[-        ] process > NFCORE_SMRNASEQ:SMRNASEQ:CA... -
[f6/dbdb26] process > NFCORE_SMRNASEQ:SMRNASEQ:FA... [100%] 36 of 36 ✔
[8d/39736e] process > NFCORE_SMRNASEQ:SMRNASEQ:FA... [100%] 36 of 36 ✔
[8a/307e5e] process > NFCORE_SMRNASEQ:SMRNASEQ:FA... [ 11%] 4 of 36
[93/cf1bf1] process > NFCORE_SMRNASEQ:SMRNASEQ:MI... [  0%] 0 of 36
[dc/eb752f] process > NFCORE_SMRNASEQ:SMRNASEQ:GE... [100%] 1 of 1 ✔
[96/d15d25] process > NFCORE_SMRNASEQ:SMRNASEQ:GE... [  0%] 0 of 36
[-        ] process > NFCORE_SMRNASEQ:SMRNASEQ:GE... -
[-        ] process > NFCORE_SMRNASEQ:SMRNASEQ:GE... -
[-        ] process > NFCORE_SMRNASEQ:SMRNASEQ:GE... -
[-        ] process > NFCORE_SMRNASEQ:SMRNASEQ:GE... -
[-        ] process > NFCORE_SMRNASEQ:SMRNASEQ:GE... -
[-        ] process > NFCORE_SMRNASEQ:SMRNASEQ:GE... -
[-        ] process > NFCORE_SMRNASEQ:SMRNASEQ:GE... -
[-        ] process > NFCORE_SMRNASEQ:SMRNASEQ:GE... -

executor >  slurm (182)
[42/5df762] process > NFCORE_SMRNASEQ:SMRNASEQ:IN... [100%] 1 of 1 ✔
[-        ] process > NFCORE_SMRNASEQ:SMRNASEQ:CA... -
[f6/dbdb26] process > NFCORE_SMRNASEQ:SMRNASEQ:FA... [100%] 36 of 36 ✔
[8d/39736e] process > NFCORE_SMRNASEQ:SMRNASEQ:FA... [100%] 36 of 36 ✔
[8a/307e5e] process > NFCORE_SMRNASEQ:SMRNASEQ:FA... [ 11%] 4 of 36
[93/cf1bf1] process > NFCORE_SMRNASEQ:SMRNASEQ:MI... [  0%] 0 of 36
[dc/eb752f] process > NFCORE_SMRNASEQ:SMRNASEQ:GE... [100%] 1 of 1 ✔
[f6/2b04b9] process > NFCORE_SMRNASEQ:SMRNASEQ:GE... [  2%] 1 of 36
[-        ] process > NFCORE_SMRNASEQ:SMRNASEQ:GE... -
[-        ] process > NFCORE_SMRNASEQ:SMRNASEQ:GE... -
[-        ] process > NFCORE_SMRNASEQ:SMRNASEQ:GE... -
[-        ] process > NFCORE_SMRNASEQ:SMRNASEQ:GE... -
[-        ] process > NFCORE_SMRNASEQ:SMRNASEQ:GE... -
[-        ] process > NFCORE_SMRNASEQ:SMRNASEQ:GE... -
[-        ] process > NFCORE_SMRNASEQ:SMRNASEQ:GE... -
[-        ] process > NFCORE_SMRNASEQ:SMRNASEQ:GE... -
Pulling Singularity image https://depot.galaxyproject.org/singularity/samtools:1.15.1--h1170115_0 [cache /mnt/lts/nfs_fs02/bioinfo_core_jabsom/hanqiu/new_pipeline_test/work/singularity/depot.galaxyproject.org-singularity-samtools-1.15.1--h1170115_0.img]
WARN: Singularity cache directory has not been defined -- Remote image will be stored in the path: /mnt/lts/nfs_fs02/bioinfo_core_jabsom/hanqiu/new_pipeline_test/work/singularity -- Use env variable NXF_SINGULARITY_CACHEDIR to specify a different location

executor >  slurm (182)
[42/5df762] process > NFCORE_SMRNASEQ:SMRNASEQ:IN... [100%] 1 of 1 ✔
[-        ] process > NFCORE_SMRNASEQ:SMRNASEQ:CA... -
[f6/dbdb26] process > NFCORE_SMRNASEQ:SMRNASEQ:FA... [100%] 36 of 36 ✔
[8d/39736e] process > NFCORE_SMRNASEQ:SMRNASEQ:FA... [100%] 36 of 36 ✔
[8a/307e5e] process > NFCORE_SMRNASEQ:SMRNASEQ:FA... [ 11%] 4 of 36
[93/cf1bf1] process > NFCORE_SMRNASEQ:SMRNASEQ:MI... [  0%] 0 of 36
[dc/eb752f] process > NFCORE_SMRNASEQ:SMRNASEQ:GE... [100%] 1 of 1 ✔
[f6/2b04b9] process > NFCORE_SMRNASEQ:SMRNASEQ:GE... [  2%] 1 of 36
[-        ] process > NFCORE_SMRNASEQ:SMRNASEQ:GE... [  0%] 0 of 1
[-        ] process > NFCORE_SMRNASEQ:SMRNASEQ:GE... -
[-        ] process > NFCORE_SMRNASEQ:SMRNASEQ:GE... -
[-        ] process > NFCORE_SMRNASEQ:SMRNASEQ:GE... -
[-        ] process > NFCORE_SMRNASEQ:SMRNASEQ:GE... -
[-        ] process > NFCORE_SMRNASEQ:SMRNASEQ:GE... -
[-        ] process > NFCORE_SMRNASEQ:SMRNASEQ:GE... -
[-        ] process > NFCORE_SMRNASEQ:SMRNASEQ:GE... -
Pulling Singularity image https://depot.galaxyproject.org/singularity/samtools:1.15.1--h1170115_0 [cache /mnt/lts/nfs_fs02/bioinfo_core_jabsom/hanqiu/new_pipeline_test/work/singularity/depot.galaxyproject.org-singularity-samtools-1.15.1--h1170115_0.img]
WARN: Singularity cache directory has not been defined -- Remote image will be stored in the path: /mnt/lts/nfs_fs02/bioinfo_core_jabsom/hanqiu/new_pipeline_test/work/singularity -- Use env variable NXF_SINGULARITY_CACHEDIR to specify a different location

executor >  slurm (183)
[42/5df762] process > NFCORE_SMRNASEQ:SMRNASEQ:IN... [100%] 1 of 1 ✔
[-        ] process > NFCORE_SMRNASEQ:SMRNASEQ:CA... -
[f6/dbdb26] process > NFCORE_SMRNASEQ:SMRNASEQ:FA... [100%] 36 of 36 ✔
[8d/39736e] process > NFCORE_SMRNASEQ:SMRNASEQ:FA... [100%] 36 of 36 ✔
[8a/307e5e] process > NFCORE_SMRNASEQ:SMRNASEQ:FA... [ 11%] 4 of 36
[93/cf1bf1] process > NFCORE_SMRNASEQ:SMRNASEQ:MI... [  0%] 0 of 36
[dc/eb752f] process > NFCORE_SMRNASEQ:SMRNASEQ:GE... [100%] 1 of 1 ✔
[f6/2b04b9] process > NFCORE_SMRNASEQ:SMRNASEQ:GE... [  2%] 1 of 36
[33/c70f59] process > NFCORE_SMRNASEQ:SMRNASEQ:GE... [  0%] 0 of 1
[-        ] process > NFCORE_SMRNASEQ:SMRNASEQ:GE... -
[-        ] process > NFCORE_SMRNASEQ:SMRNASEQ:GE... -
[-        ] process > NFCORE_SMRNASEQ:SMRNASEQ:GE... -
[-        ] process > NFCORE_SMRNASEQ:SMRNASEQ:GE... -
[-        ] process > NFCORE_SMRNASEQ:SMRNASEQ:GE... -
[-        ] process > NFCORE_SMRNASEQ:SMRNASEQ:GE... -
[-        ] process > NFCORE_SMRNASEQ:SMRNASEQ:GE... -
Pulling Singularity image https://depot.galaxyproject.org/singularity/samtools:1.15.1--h1170115_0 [cache /mnt/lts/nfs_fs02/bioinfo_core_jabsom/hanqiu/new_pipeline_test/work/singularity/depot.galaxyproject.org-singularity-samtools-1.15.1--h1170115_0.img]
WARN: Singularity cache directory has not been defined -- Remote image will be stored in the path: /mnt/lts/nfs_fs02/bioinfo_core_jabsom/hanqiu/new_pipeline_test/work/singularity -- Use env variable NXF_SINGULARITY_CACHEDIR to specify a different location

executor >  slurm (184)
[42/5df762] process > NFCORE_SMRNASEQ:SMRNASEQ:IN... [100%] 1 of 1 ✔
[-        ] process > NFCORE_SMRNASEQ:SMRNASEQ:CA... -
[f6/dbdb26] process > NFCORE_SMRNASEQ:SMRNASEQ:FA... [100%] 36 of 36 ✔
[8d/39736e] process > NFCORE_SMRNASEQ:SMRNASEQ:FA... [100%] 36 of 36 ✔
[8a/307e5e] process > NFCORE_SMRNASEQ:SMRNASEQ:FA... [ 11%] 4 of 36
[93/cf1bf1] process > NFCORE_SMRNASEQ:SMRNASEQ:MI... [  0%] 0 of 36
[dc/eb752f] process > NFCORE_SMRNASEQ:SMRNASEQ:GE... [100%] 1 of 1 ✔
[ca/c37ce2] process > NFCORE_SMRNASEQ:SMRNASEQ:GE... [  5%] 2 of 36
[ba/c6089c] process > NFCORE_SMRNASEQ:SMRNASEQ:GE... [  0%] 0 of 2
[-        ] process > NFCORE_SMRNASEQ:SMRNASEQ:GE... -
[-        ] process > NFCORE_SMRNASEQ:SMRNASEQ:GE... -
[-        ] process > NFCORE_SMRNASEQ:SMRNASEQ:GE... -
[-        ] process > NFCORE_SMRNASEQ:SMRNASEQ:GE... -
[-        ] process > NFCORE_SMRNASEQ:SMRNASEQ:GE... -
[-        ] process > NFCORE_SMRNASEQ:SMRNASEQ:GE... -
[-        ] process > NFCORE_SMRNASEQ:SMRNASEQ:GE... -
Pulling Singularity image https://depot.galaxyproject.org/singularity/samtools:1.15.1--h1170115_0 [cache /mnt/lts/nfs_fs02/bioinfo_core_jabsom/hanqiu/new_pipeline_test/work/singularity/depot.galaxyproject.org-singularity-samtools-1.15.1--h1170115_0.img]
WARN: Singularity cache directory has not been defined -- Remote image will be stored in the path: /mnt/lts/nfs_fs02/bioinfo_core_jabsom/hanqiu/new_pipeline_test/work/singularity -- Use env variable NXF_SINGULARITY_CACHEDIR to specify a different location

executor >  slurm (184)
[42/5df762] process > NFCORE_SMRNASEQ:SMRNASEQ:IN... [100%] 1 of 1 ✔
[-        ] process > NFCORE_SMRNASEQ:SMRNASEQ:CA... -
[f6/dbdb26] process > NFCORE_SMRNASEQ:SMRNASEQ:FA... [100%] 36 of 36 ✔
[8d/39736e] process > NFCORE_SMRNASEQ:SMRNASEQ:FA... [100%] 36 of 36 ✔
[8a/307e5e] process > NFCORE_SMRNASEQ:SMRNASEQ:FA... [ 11%] 4 of 36
[93/cf1bf1] process > NFCORE_SMRNASEQ:SMRNASEQ:MI... [  0%] 0 of 36
[dc/eb752f] process > NFCORE_SMRNASEQ:SMRNASEQ:GE... [100%] 1 of 1 ✔
[ca/c37ce2] process > NFCORE_SMRNASEQ:SMRNASEQ:GE... [  5%] 2 of 36
[ba/c6089c] process > NFCORE_SMRNASEQ:SMRNASEQ:GE... [  0%] 0 of 2
[-        ] process > NFCORE_SMRNASEQ:SMRNASEQ:GE... -
[-        ] process > NFCORE_SMRNASEQ:SMRNASEQ:GE... -
[-        ] process > NFCORE_SMRNASEQ:SMRNASEQ:GE... -
[-        ] process > NFCORE_SMRNASEQ:SMRNASEQ:GE... -
[-        ] process > NFCORE_SMRNASEQ:SMRNASEQ:GE... -
[-        ] process > NFCORE_SMRNASEQ:SMRNASEQ:GE... -
[-        ] process > NFCORE_SMRNASEQ:SMRNASEQ:GE... -



executor >  slurm (184)
[42/5df762] process > NFCORE_SMRNASEQ:SMRNASEQ:IN... [100%] 1 of 1 ✔
[-        ] process > NFCORE_SMRNASEQ:SMRNASEQ:CA... -
[f6/dbdb26] process > NFCORE_SMRNASEQ:SMRNASEQ:FA... [100%] 36 of 36 ✔
[8d/39736e] process > NFCORE_SMRNASEQ:SMRNASEQ:FA... [100%] 36 of 36 ✔
[8a/307e5e] process > NFCORE_SMRNASEQ:SMRNASEQ:FA... [ 11%] 4 of 36
[93/cf1bf1] process > NFCORE_SMRNASEQ:SMRNASEQ:MI... [  0%] 0 of 36
[dc/eb752f] process > NFCORE_SMRNASEQ:SMRNASEQ:GE... [100%] 1 of 1 ✔
[e8/8b0e5a] process > NFCORE_SMRNASEQ:SMRNASEQ:GE... [  8%] 3 of 36
[ba/c6089c] process > NFCORE_SMRNASEQ:SMRNASEQ:GE... [  0%] 0 of 2
[-        ] process > NFCORE_SMRNASEQ:SMRNASEQ:GE... -
[-        ] process > NFCORE_SMRNASEQ:SMRNASEQ:GE... -
[-        ] process > NFCORE_SMRNASEQ:SMRNASEQ:GE... -
[-        ] process > NFCORE_SMRNASEQ:SMRNASEQ:GE... -
[-        ] process > NFCORE_SMRNASEQ:SMRNASEQ:GE... -
[-        ] process > NFCORE_SMRNASEQ:SMRNASEQ:GE... -
[-        ] process > NFCORE_SMRNASEQ:SMRNASEQ:GE... -



executor >  slurm (185)
[42/5df762] process > NFCORE_SMRNASEQ:SMRNASEQ:IN... [100%] 1 of 1 ✔
[-        ] process > NFCORE_SMRNASEQ:SMRNASEQ:CA... -
[f6/dbdb26] process > NFCORE_SMRNASEQ:SMRNASEQ:FA... [100%] 36 of 36 ✔
[8d/39736e] process > NFCORE_SMRNASEQ:SMRNASEQ:FA... [100%] 36 of 36 ✔
[8a/307e5e] process > NFCORE_SMRNASEQ:SMRNASEQ:FA... [ 11%] 4 of 36
[93/cf1bf1] process > NFCORE_SMRNASEQ:SMRNASEQ:MI... [  0%] 0 of 36
[dc/eb752f] process > NFCORE_SMRNASEQ:SMRNASEQ:GE... [100%] 1 of 1 ✔
[e8/8b0e5a] process > NFCORE_SMRNASEQ:SMRNASEQ:GE... [  8%] 3 of 36
[14/34374f] process > NFCORE_SMRNASEQ:SMRNASEQ:GE... [  0%] 0 of 3
[-        ] process > NFCORE_SMRNASEQ:SMRNASEQ:GE... -
[-        ] process > NFCORE_SMRNASEQ:SMRNASEQ:GE... -
[-        ] process > NFCORE_SMRNASEQ:SMRNASEQ:GE... -
[-        ] process > NFCORE_SMRNASEQ:SMRNASEQ:GE... -
[-        ] process > NFCORE_SMRNASEQ:SMRNASEQ:GE... -
[-        ] process > NFCORE_SMRNASEQ:SMRNASEQ:GE... -
[-        ] process > NFCORE_SMRNASEQ:SMRNASEQ:GE... -

executor >  slurm (185)
[42/5df762] process > NFCORE_SMRNASEQ:SMRNASEQ:IN... [100%] 1 of 1 ✔
[-        ] process > NFCORE_SMRNASEQ:SMRNASEQ:CA... -
[f6/dbdb26] process > NFCORE_SMRNASEQ:SMRNASEQ:FA... [100%] 36 of 36 ✔
[8d/39736e] process > NFCORE_SMRNASEQ:SMRNASEQ:FA... [100%] 36 of 36 ✔
[8a/307e5e] process > NFCORE_SMRNASEQ:SMRNASEQ:FA... [ 11%] 4 of 36
[93/cf1bf1] process > NFCORE_SMRNASEQ:SMRNASEQ:MI... [  0%] 0 of 36
[dc/eb752f] process > NFCORE_SMRNASEQ:SMRNASEQ:GE... [100%] 1 of 1 ✔
[c9/852321] process > NFCORE_SMRNASEQ:SMRNASEQ:GE... [ 11%] 4 of 36
[14/34374f] process > NFCORE_SMRNASEQ:SMRNASEQ:GE... [  0%] 0 of 4
[-        ] process > NFCORE_SMRNASEQ:SMRNASEQ:GE... -
[-        ] process > NFCORE_SMRNASEQ:SMRNASEQ:GE... -
[-        ] process > NFCORE_SMRNASEQ:SMRNASEQ:GE... -
[-        ] process > NFCORE_SMRNASEQ:SMRNASEQ:GE... -
[-        ] process > NFCORE_SMRNASEQ:SMRNASEQ:GE... -
[-        ] process > NFCORE_SMRNASEQ:SMRNASEQ:GE... -
[-        ] process > NFCORE_SMRNASEQ:SMRNASEQ:GE... -

executor >  slurm (186)
[42/5df762] process > NFCORE_SMRNASEQ:SMRNASEQ:IN... [100%] 1 of 1 ✔
[-        ] process > NFCORE_SMRNASEQ:SMRNASEQ:CA... -
[f6/dbdb26] process > NFCORE_SMRNASEQ:SMRNASEQ:FA... [100%] 36 of 36 ✔
[8d/39736e] process > NFCORE_SMRNASEQ:SMRNASEQ:FA... [100%] 36 of 36 ✔
[8a/307e5e] process > NFCORE_SMRNASEQ:SMRNASEQ:FA... [ 11%] 4 of 36
[93/cf1bf1] process > NFCORE_SMRNASEQ:SMRNASEQ:MI... [  0%] 0 of 36
[dc/eb752f] process > NFCORE_SMRNASEQ:SMRNASEQ:GE... [100%] 1 of 1 ✔
[c9/852321] process > NFCORE_SMRNASEQ:SMRNASEQ:GE... [ 11%] 4 of 36
[a6/41fce5] process > NFCORE_SMRNASEQ:SMRNASEQ:GE... [  0%] 0 of 4
[-        ] process > NFCORE_SMRNASEQ:SMRNASEQ:GE... -
[-        ] process > NFCORE_SMRNASEQ:SMRNASEQ:GE... -
[-        ] process > NFCORE_SMRNASEQ:SMRNASEQ:GE... -
[-        ] process > NFCORE_SMRNASEQ:SMRNASEQ:GE... -
[-        ] process > NFCORE_SMRNASEQ:SMRNASEQ:GE... -
[-        ] process > NFCORE_SMRNASEQ:SMRNASEQ:GE... -
[-        ] process > NFCORE_SMRNASEQ:SMRNASEQ:GE... -

executor >  slurm (186)
[42/5df762] process > NFCORE_SMRNASEQ:SMRNASEQ:IN... [100%] 1 of 1 ✔
[-        ] process > NFCORE_SMRNASEQ:SMRNASEQ:CA... -
[f6/dbdb26] process > NFCORE_SMRNASEQ:SMRNASEQ:FA... [100%] 36 of 36 ✔
[8d/39736e] process > NFCORE_SMRNASEQ:SMRNASEQ:FA... [100%] 36 of 36 ✔
[8a/307e5e] process > NFCORE_SMRNASEQ:SMRNASEQ:FA... [ 11%] 4 of 36
[0a/29bc48] process > NFCORE_SMRNASEQ:SMRNASEQ:MI... [  8%] 3 of 36
[dc/eb752f] process > NFCORE_SMRNASEQ:SMRNASEQ:GE... [100%] 1 of 1 ✔
[c9/852321] process > NFCORE_SMRNASEQ:SMRNASEQ:GE... [ 11%] 4 of 36
[a6/41fce5] process > NFCORE_SMRNASEQ:SMRNASEQ:GE... [  0%] 0 of 4
[-        ] process > NFCORE_SMRNASEQ:SMRNASEQ:GE... -
[-        ] process > NFCORE_SMRNASEQ:SMRNASEQ:GE... -
[-        ] process > NFCORE_SMRNASEQ:SMRNASEQ:GE... -
[-        ] process > NFCORE_SMRNASEQ:SMRNASEQ:GE... -
[-        ] process > NFCORE_SMRNASEQ:SMRNASEQ:GE... -
[-        ] process > NFCORE_SMRNASEQ:SMRNASEQ:GE... -
[-        ] process > NFCORE_SMRNASEQ:SMRNASEQ:GE... -

executor >  slurm (186)
[42/5df762] process > NFCORE_SMRNASEQ:SMRNASEQ:IN... [100%] 1 of 1 ✔
[-        ] process > NFCORE_SMRNASEQ:SMRNASEQ:CA... -
[f6/dbdb26] process > NFCORE_SMRNASEQ:SMRNASEQ:FA... [100%] 36 of 36 ✔
[8d/39736e] process > NFCORE_SMRNASEQ:SMRNASEQ:FA... [100%] 36 of 36 ✔
[51/82eeb0] process > NFCORE_SMRNASEQ:SMRNASEQ:FA... [ 16%] 6 of 36
[3f/12a5f8] process > NFCORE_SMRNASEQ:SMRNASEQ:MI... [ 11%] 4 of 36
[dc/eb752f] process > NFCORE_SMRNASEQ:SMRNASEQ:GE... [100%] 1 of 1 ✔
[c9/852321] process > NFCORE_SMRNASEQ:SMRNASEQ:GE... [ 11%] 4 of 36
[a6/41fce5] process > NFCORE_SMRNASEQ:SMRNASEQ:GE... [  0%] 0 of 4
[-        ] process > NFCORE_SMRNASEQ:SMRNASEQ:GE... -
[-        ] process > NFCORE_SMRNASEQ:SMRNASEQ:GE... -
[-        ] process > NFCORE_SMRNASEQ:SMRNASEQ:GE... -
[-        ] process > NFCORE_SMRNASEQ:SMRNASEQ:GE... -
[-        ] process > NFCORE_SMRNASEQ:SMRNASEQ:GE... -
[-        ] process > NFCORE_SMRNASEQ:SMRNASEQ:GE... -
[-        ] process > NFCORE_SMRNASEQ:SMRNASEQ:GE... -

executor >  slurm (186)
[42/5df762] process > NFCORE_SMRNASEQ:SMRNASEQ:IN... [100%] 1 of 1 ✔
[-        ] process > NFCORE_SMRNASEQ:SMRNASEQ:CA... -
[f6/dbdb26] process > NFCORE_SMRNASEQ:SMRNASEQ:FA... [100%] 36 of 36 ✔
[8d/39736e] process > NFCORE_SMRNASEQ:SMRNASEQ:FA... [100%] 36 of 36 ✔
[51/82eeb0] process > NFCORE_SMRNASEQ:SMRNASEQ:FA... [ 16%] 6 of 36
[e3/ada2fc] process > NFCORE_SMRNASEQ:SMRNASEQ:MI... [ 16%] 6 of 36
[dc/eb752f] process > NFCORE_SMRNASEQ:SMRNASEQ:GE... [100%] 1 of 1 ✔
[e3/2bf711] process > NFCORE_SMRNASEQ:SMRNASEQ:GE... [ 13%] 5 of 36
[a6/41fce5] process > NFCORE_SMRNASEQ:SMRNASEQ:GE... [  0%] 0 of 5
[-        ] process > NFCORE_SMRNASEQ:SMRNASEQ:GE... -
[-        ] process > NFCORE_SMRNASEQ:SMRNASEQ:GE... -
[-        ] process > NFCORE_SMRNASEQ:SMRNASEQ:GE... -
[-        ] process > NFCORE_SMRNASEQ:SMRNASEQ:GE... -
[-        ] process > NFCORE_SMRNASEQ:SMRNASEQ:GE... -
[-        ] process > NFCORE_SMRNASEQ:SMRNASEQ:GE... -
[-        ] process > NFCORE_SMRNASEQ:SMRNASEQ:GE... -

executor >  slurm (187)
[42/5df762] process > NFCORE_SMRNASEQ:SMRNASEQ:IN... [100%] 1 of 1 ✔
[-        ] process > NFCORE_SMRNASEQ:SMRNASEQ:CA... -
[f6/dbdb26] process > NFCORE_SMRNASEQ:SMRNASEQ:FA... [100%] 36 of 36 ✔
[8d/39736e] process > NFCORE_SMRNASEQ:SMRNASEQ:FA... [100%] 36 of 36 ✔
[51/82eeb0] process > NFCORE_SMRNASEQ:SMRNASEQ:FA... [ 16%] 6 of 36
[e3/ada2fc] process > NFCORE_SMRNASEQ:SMRNASEQ:MI... [ 16%] 6 of 36
[dc/eb752f] process > NFCORE_SMRNASEQ:SMRNASEQ:GE... [100%] 1 of 1 ✔
[e3/2bf711] process > NFCORE_SMRNASEQ:SMRNASEQ:GE... [ 13%] 5 of 36
[f5/1097dc] process > NFCORE_SMRNASEQ:SMRNASEQ:GE... [  0%] 0 of 5
[-        ] process > NFCORE_SMRNASEQ:SMRNASEQ:GE... -
[-        ] process > NFCORE_SMRNASEQ:SMRNASEQ:GE... -
[-        ] process > NFCORE_SMRNASEQ:SMRNASEQ:GE... -
[-        ] process > NFCORE_SMRNASEQ:SMRNASEQ:GE... -
[-        ] process > NFCORE_SMRNASEQ:SMRNASEQ:GE... -
[-        ] process > NFCORE_SMRNASEQ:SMRNASEQ:GE... -
[-        ] process > NFCORE_SMRNASEQ:SMRNASEQ:GE... -

executor >  slurm (187)
[42/5df762] process > NFCORE_SMRNASEQ:SMRNASEQ:IN... [100%] 1 of 1 ✔
[-        ] process > NFCORE_SMRNASEQ:SMRNASEQ:CA... -
[f6/dbdb26] process > NFCORE_SMRNASEQ:SMRNASEQ:FA... [100%] 36 of 36 ✔
[8d/39736e] process > NFCORE_SMRNASEQ:SMRNASEQ:FA... [100%] 36 of 36 ✔
[51/82eeb0] process > NFCORE_SMRNASEQ:SMRNASEQ:FA... [ 16%] 6 of 36
[e3/ada2fc] process > NFCORE_SMRNASEQ:SMRNASEQ:MI... [ 16%] 6 of 36
[dc/eb752f] process > NFCORE_SMRNASEQ:SMRNASEQ:GE... [100%] 1 of 1 ✔
[e3/2bf711] process > NFCORE_SMRNASEQ:SMRNASEQ:GE... [ 13%] 5 of 36
[f5/1097dc] process > NFCORE_SMRNASEQ:SMRNASEQ:GE... [  0%] 0 of 5
[-        ] process > NFCORE_SMRNASEQ:SMRNASEQ:GE... -
[-        ] process > NFCORE_SMRNASEQ:SMRNASEQ:GE... -
[-        ] process > NFCORE_SMRNASEQ:SMRNASEQ:GE... -
[-        ] process > NFCORE_SMRNASEQ:SMRNASEQ:GE... -
[-        ] process > NFCORE_SMRNASEQ:SMRNASEQ:GE... -
[-        ] process > NFCORE_SMRNASEQ:SMRNASEQ:GE... -
[-        ] process > NFCORE_SMRNASEQ:SMRNASEQ:GE... -

executor >  slurm (188)
[42/5df762] process > NFCORE_SMRNASEQ:SMRNASEQ:IN... [100%] 1 of 1 ✔
[-        ] process > NFCORE_SMRNASEQ:SMRNASEQ:CA... -
[f6/dbdb26] process > NFCORE_SMRNASEQ:SMRNASEQ:FA... [100%] 36 of 36 ✔
[8d/39736e] process > NFCORE_SMRNASEQ:SMRNASEQ:FA... [100%] 36 of 36 ✔
[db/f9a3c9] process > NFCORE_SMRNASEQ:SMRNASEQ:FA... [ 22%] 8 of 36
[e3/ada2fc] process > NFCORE_SMRNASEQ:SMRNASEQ:MI... [ 16%] 6 of 36
[dc/eb752f] process > NFCORE_SMRNASEQ:SMRNASEQ:GE... [100%] 1 of 1 ✔
[41/31ff57] process > NFCORE_SMRNASEQ:SMRNASEQ:GE... [ 16%] 6 of 36
[10/dfb4b3] process > NFCORE_SMRNASEQ:SMRNASEQ:GE... [  0%] 0 of 6
[-        ] process > NFCORE_SMRNASEQ:SMRNASEQ:GE... -
[-        ] process > NFCORE_SMRNASEQ:SMRNASEQ:GE... -
[-        ] process > NFCORE_SMRNASEQ:SMRNASEQ:GE... -
[-        ] process > NFCORE_SMRNASEQ:SMRNASEQ:GE... -
[-        ] process > NFCORE_SMRNASEQ:SMRNASEQ:GE... -
[-        ] process > NFCORE_SMRNASEQ:SMRNASEQ:GE... -
[-        ] process > NFCORE_SMRNASEQ:SMRNASEQ:GE... -

executor >  slurm (188)
[42/5df762] process > NFCORE_SMRNASEQ:SMRNASEQ:IN... [100%] 1 of 1 ✔
[-        ] process > NFCORE_SMRNASEQ:SMRNASEQ:CA... -
[f6/dbdb26] process > NFCORE_SMRNASEQ:SMRNASEQ:FA... [100%] 36 of 36 ✔
[8d/39736e] process > NFCORE_SMRNASEQ:SMRNASEQ:FA... [100%] 36 of 36 ✔
[db/f9a3c9] process > NFCORE_SMRNASEQ:SMRNASEQ:FA... [ 22%] 8 of 36
[e3/ada2fc] process > NFCORE_SMRNASEQ:SMRNASEQ:MI... [ 16%] 6 of 36
[dc/eb752f] process > NFCORE_SMRNASEQ:SMRNASEQ:GE... [100%] 1 of 1 ✔
[41/31ff57] process > NFCORE_SMRNASEQ:SMRNASEQ:GE... [ 16%] 6 of 36
[10/dfb4b3] process > NFCORE_SMRNASEQ:SMRNASEQ:GE... [  0%] 0 of 6
[-        ] process > NFCORE_SMRNASEQ:SMRNASEQ:GE... -
[-        ] process > NFCORE_SMRNASEQ:SMRNASEQ:GE... -
[-        ] process > NFCORE_SMRNASEQ:SMRNASEQ:GE... -
[-        ] process > NFCORE_SMRNASEQ:SMRNASEQ:GE... -
[-        ] process > NFCORE_SMRNASEQ:SMRNASEQ:GE... -
[-        ] process > NFCORE_SMRNASEQ:SMRNASEQ:GE... -
[-        ] process > NFCORE_SMRNASEQ:SMRNASEQ:GE... -

executor >  slurm (188)
[42/5df762] process > NFCORE_SMRNASEQ:SMRNASEQ:IN... [100%] 1 of 1 ✔
[-        ] process > NFCORE_SMRNASEQ:SMRNASEQ:CA... -
[f6/dbdb26] process > NFCORE_SMRNASEQ:SMRNASEQ:FA... [100%] 36 of 36 ✔
[8d/39736e] process > NFCORE_SMRNASEQ:SMRNASEQ:FA... [100%] 36 of 36 ✔
[db/f9a3c9] process > NFCORE_SMRNASEQ:SMRNASEQ:FA... [ 22%] 8 of 36
[86/f81d0b] process > NFCORE_SMRNASEQ:SMRNASEQ:MI... [ 19%] 7 of 36
[dc/eb752f] process > NFCORE_SMRNASEQ:SMRNASEQ:GE... [100%] 1 of 1 ✔
[41/31ff57] process > NFCORE_SMRNASEQ:SMRNASEQ:GE... [ 16%] 6 of 36
[10/dfb4b3] process > NFCORE_SMRNASEQ:SMRNASEQ:GE... [  0%] 0 of 6
[-        ] process > NFCORE_SMRNASEQ:SMRNASEQ:GE... -
[-        ] process > NFCORE_SMRNASEQ:SMRNASEQ:GE... -
[-        ] process > NFCORE_SMRNASEQ:SMRNASEQ:GE... -
[-        ] process > NFCORE_SMRNASEQ:SMRNASEQ:GE... -
[-        ] process > NFCORE_SMRNASEQ:SMRNASEQ:GE... -
[-        ] process > NFCORE_SMRNASEQ:SMRNASEQ:GE... -
[-        ] process > NFCORE_SMRNASEQ:SMRNASEQ:GE... -

executor >  slurm (188)
[42/5df762] process > NFCORE_SMRNASEQ:SMRNASEQ:IN... [100%] 1 of 1 ✔
[-        ] process > NFCORE_SMRNASEQ:SMRNASEQ:CA... -
[f6/dbdb26] process > NFCORE_SMRNASEQ:SMRNASEQ:FA... [100%] 36 of 36 ✔
[8d/39736e] process > NFCORE_SMRNASEQ:SMRNASEQ:FA... [100%] 36 of 36 ✔
[0e/21ed16] process > NFCORE_SMRNASEQ:SMRNASEQ:FA... [ 25%] 9 of 36
[86/f81d0b] process > NFCORE_SMRNASEQ:SMRNASEQ:MI... [ 19%] 7 of 36
[dc/eb752f] process > NFCORE_SMRNASEQ:SMRNASEQ:GE... [100%] 1 of 1 ✔
[41/31ff57] process > NFCORE_SMRNASEQ:SMRNASEQ:GE... [ 16%] 6 of 36
[10/dfb4b3] process > NFCORE_SMRNASEQ:SMRNASEQ:GE... [  0%] 0 of 6
[-        ] process > NFCORE_SMRNASEQ:SMRNASEQ:GE... -
[-        ] process > NFCORE_SMRNASEQ:SMRNASEQ:GE... -
[-        ] process > NFCORE_SMRNASEQ:SMRNASEQ:GE... -
[-        ] process > NFCORE_SMRNASEQ:SMRNASEQ:GE... -
[-        ] process > NFCORE_SMRNASEQ:SMRNASEQ:GE... -
[-        ] process > NFCORE_SMRNASEQ:SMRNASEQ:GE... -
[-        ] process > NFCORE_SMRNASEQ:SMRNASEQ:GE... -

executor >  slurm (188)
[42/5df762] process > NFCORE_SMRNASEQ:SMRNASEQ:IN... [100%] 1 of 1 ✔
[-        ] process > NFCORE_SMRNASEQ:SMRNASEQ:CA... -
[f6/dbdb26] process > NFCORE_SMRNASEQ:SMRNASEQ:FA... [100%] 36 of 36 ✔
[8d/39736e] process > NFCORE_SMRNASEQ:SMRNASEQ:FA... [100%] 36 of 36 ✔
[21/a5b9f3] process > NFCORE_SMRNASEQ:SMRNASEQ:FA... [ 27%] 10 of 36
[86/f81d0b] process > NFCORE_SMRNASEQ:SMRNASEQ:MI... [ 19%] 7 of 36
[dc/eb752f] process > NFCORE_SMRNASEQ:SMRNASEQ:GE... [100%] 1 of 1 ✔
[41/31ff57] process > NFCORE_SMRNASEQ:SMRNASEQ:GE... [ 16%] 6 of 36
[10/dfb4b3] process > NFCORE_SMRNASEQ:SMRNASEQ:GE... [  0%] 0 of 6
[-        ] process > NFCORE_SMRNASEQ:SMRNASEQ:GE... -
[-        ] process > NFCORE_SMRNASEQ:SMRNASEQ:GE... -
[-        ] process > NFCORE_SMRNASEQ:SMRNASEQ:GE... -
[-        ] process > NFCORE_SMRNASEQ:SMRNASEQ:GE... -
[-        ] process > NFCORE_SMRNASEQ:SMRNASEQ:GE... -
[-        ] process > NFCORE_SMRNASEQ:SMRNASEQ:GE... -
[-        ] process > NFCORE_SMRNASEQ:SMRNASEQ:GE... -

executor >  slurm (188)
[42/5df762] process > NFCORE_SMRNASEQ:SMRNASEQ:IN... [100%] 1 of 1 ✔
[-        ] process > NFCORE_SMRNASEQ:SMRNASEQ:CA... -
[f6/dbdb26] process > NFCORE_SMRNASEQ:SMRNASEQ:FA... [100%] 36 of 36 ✔
[8d/39736e] process > NFCORE_SMRNASEQ:SMRNASEQ:FA... [100%] 36 of 36 ✔
[21/a5b9f3] process > NFCORE_SMRNASEQ:SMRNASEQ:FA... [ 27%] 10 of 36
[86/f81d0b] process > NFCORE_SMRNASEQ:SMRNASEQ:MI... [ 19%] 7 of 36
[dc/eb752f] process > NFCORE_SMRNASEQ:SMRNASEQ:GE... [100%] 1 of 1 ✔
[04/5a3448] process > NFCORE_SMRNASEQ:SMRNASEQ:GE... [ 19%] 7 of 36
[10/dfb4b3] process > NFCORE_SMRNASEQ:SMRNASEQ:GE... [  0%] 0 of 6
[-        ] process > NFCORE_SMRNASEQ:SMRNASEQ:GE... -
[-        ] process > NFCORE_SMRNASEQ:SMRNASEQ:GE... -
[-        ] process > NFCORE_SMRNASEQ:SMRNASEQ:GE... -
[-        ] process > NFCORE_SMRNASEQ:SMRNASEQ:GE... -
[-        ] process > NFCORE_SMRNASEQ:SMRNASEQ:GE... -
[-        ] process > NFCORE_SMRNASEQ:SMRNASEQ:GE... -
[-        ] process > NFCORE_SMRNASEQ:SMRNASEQ:GE... -

executor >  slurm (189)
[42/5df762] process > NFCORE_SMRNASEQ:SMRNASEQ:IN... [100%] 1 of 1 ✔
[-        ] process > NFCORE_SMRNASEQ:SMRNASEQ:CA... -
[f6/dbdb26] process > NFCORE_SMRNASEQ:SMRNASEQ:FA... [100%] 36 of 36 ✔
[8d/39736e] process > NFCORE_SMRNASEQ:SMRNASEQ:FA... [100%] 36 of 36 ✔
[21/a5b9f3] process > NFCORE_SMRNASEQ:SMRNASEQ:FA... [ 27%] 10 of 36
[86/f81d0b] process > NFCORE_SMRNASEQ:SMRNASEQ:MI... [ 19%] 7 of 36
[dc/eb752f] process > NFCORE_SMRNASEQ:SMRNASEQ:GE... [100%] 1 of 1 ✔
[04/5a3448] process > NFCORE_SMRNASEQ:SMRNASEQ:GE... [ 19%] 7 of 36
[91/d45ae5] process > NFCORE_SMRNASEQ:SMRNASEQ:GE... [  0%] 0 of 7
[-        ] process > NFCORE_SMRNASEQ:SMRNASEQ:GE... -
[-        ] process > NFCORE_SMRNASEQ:SMRNASEQ:GE... -
[-        ] process > NFCORE_SMRNASEQ:SMRNASEQ:GE... -
[-        ] process > NFCORE_SMRNASEQ:SMRNASEQ:GE... -
[-        ] process > NFCORE_SMRNASEQ:SMRNASEQ:GE... -
[-        ] process > NFCORE_SMRNASEQ:SMRNASEQ:GE... -
[-        ] process > NFCORE_SMRNASEQ:SMRNASEQ:GE... -

executor >  slurm (189)
[42/5df762] process > NFCORE_SMRNASEQ:SMRNASEQ:IN... [100%] 1 of 1 ✔
[-        ] process > NFCORE_SMRNASEQ:SMRNASEQ:CA... -
[f6/dbdb26] process > NFCORE_SMRNASEQ:SMRNASEQ:FA... [100%] 36 of 36 ✔
[8d/39736e] process > NFCORE_SMRNASEQ:SMRNASEQ:FA... [100%] 36 of 36 ✔
[21/a5b9f3] process > NFCORE_SMRNASEQ:SMRNASEQ:FA... [ 27%] 10 of 36
[86/f81d0b] process > NFCORE_SMRNASEQ:SMRNASEQ:MI... [ 19%] 7 of 36
[dc/eb752f] process > NFCORE_SMRNASEQ:SMRNASEQ:GE... [100%] 1 of 1 ✔
[04/5a3448] process > NFCORE_SMRNASEQ:SMRNASEQ:GE... [ 19%] 7 of 36
[91/d45ae5] process > NFCORE_SMRNASEQ:SMRNASEQ:GE... [  0%] 0 of 7
[-        ] process > NFCORE_SMRNASEQ:SMRNASEQ:GE... -
[-        ] process > NFCORE_SMRNASEQ:SMRNASEQ:GE... -
[-        ] process > NFCORE_SMRNASEQ:SMRNASEQ:GE... -
[-        ] process > NFCORE_SMRNASEQ:SMRNASEQ:GE... -
[-        ] process > NFCORE_SMRNASEQ:SMRNASEQ:GE... -
[-        ] process > NFCORE_SMRNASEQ:SMRNASEQ:GE... -
[-        ] process > NFCORE_SMRNASEQ:SMRNASEQ:GE... -

executor >  slurm (189)
[42/5df762] process > NFCORE_SMRNASEQ:SMRNASEQ:IN... [100%] 1 of 1 ✔
[-        ] process > NFCORE_SMRNASEQ:SMRNASEQ:CA... -
[f6/dbdb26] process > NFCORE_SMRNASEQ:SMRNASEQ:FA... [100%] 36 of 36 ✔
[8d/39736e] process > NFCORE_SMRNASEQ:SMRNASEQ:FA... [100%] 36 of 36 ✔
[1f/acfeee] process > NFCORE_SMRNASEQ:SMRNASEQ:FA... [ 30%] 11 of 36
[86/f81d0b] process > NFCORE_SMRNASEQ:SMRNASEQ:MI... [ 19%] 7 of 36
[dc/eb752f] process > NFCORE_SMRNASEQ:SMRNASEQ:GE... [100%] 1 of 1 ✔
[4f/be2ec4] process > NFCORE_SMRNASEQ:SMRNASEQ:GE... [ 25%] 9 of 36
[91/d45ae5] process > NFCORE_SMRNASEQ:SMRNASEQ:GE... [  0%] 0 of 9
[-        ] process > NFCORE_SMRNASEQ:SMRNASEQ:GE... -
[-        ] process > NFCORE_SMRNASEQ:SMRNASEQ:GE... -
[-        ] process > NFCORE_SMRNASEQ:SMRNASEQ:GE... -
[-        ] process > NFCORE_SMRNASEQ:SMRNASEQ:GE... -
[-        ] process > NFCORE_SMRNASEQ:SMRNASEQ:GE... -
[-        ] process > NFCORE_SMRNASEQ:SMRNASEQ:GE... -
[-        ] process > NFCORE_SMRNASEQ:SMRNASEQ:GE... -

executor >  slurm (191)
[42/5df762] process > NFCORE_SMRNASEQ:SMRNASEQ:IN... [100%] 1 of 1 ✔
[-        ] process > NFCORE_SMRNASEQ:SMRNASEQ:CA... -
[f6/dbdb26] process > NFCORE_SMRNASEQ:SMRNASEQ:FA... [100%] 36 of 36 ✔
[8d/39736e] process > NFCORE_SMRNASEQ:SMRNASEQ:FA... [100%] 36 of 36 ✔
[1f/acfeee] process > NFCORE_SMRNASEQ:SMRNASEQ:FA... [ 30%] 11 of 36
[86/f81d0b] process > NFCORE_SMRNASEQ:SMRNASEQ:MI... [ 19%] 7 of 36
[dc/eb752f] process > NFCORE_SMRNASEQ:SMRNASEQ:GE... [100%] 1 of 1 ✔
[4f/be2ec4] process > NFCORE_SMRNASEQ:SMRNASEQ:GE... [ 25%] 9 of 36
[e1/0b0049] process > NFCORE_SMRNASEQ:SMRNASEQ:GE... [  0%] 0 of 9
[-        ] process > NFCORE_SMRNASEQ:SMRNASEQ:GE... -
[-        ] process > NFCORE_SMRNASEQ:SMRNASEQ:GE... -
[-        ] process > NFCORE_SMRNASEQ:SMRNASEQ:GE... -
[-        ] process > NFCORE_SMRNASEQ:SMRNASEQ:GE... -
[-        ] process > NFCORE_SMRNASEQ:SMRNASEQ:GE... -
[-        ] process > NFCORE_SMRNASEQ:SMRNASEQ:GE... -
[-        ] process > NFCORE_SMRNASEQ:SMRNASEQ:GE... -

executor >  slurm (192)
[42/5df762] process > NFCORE_SMRNASEQ:SMRNASEQ:IN... [100%] 1 of 1 ✔
[-        ] process > NFCORE_SMRNASEQ:SMRNASEQ:CA... -
[f6/dbdb26] process > NFCORE_SMRNASEQ:SMRNASEQ:FA... [100%] 36 of 36 ✔
[8d/39736e] process > NFCORE_SMRNASEQ:SMRNASEQ:FA... [100%] 36 of 36 ✔
[1f/acfeee] process > NFCORE_SMRNASEQ:SMRNASEQ:FA... [ 30%] 11 of 36
[86/f81d0b] process > NFCORE_SMRNASEQ:SMRNASEQ:MI... [ 19%] 7 of 36
[dc/eb752f] process > NFCORE_SMRNASEQ:SMRNASEQ:GE... [100%] 1 of 1 ✔
[55/b78a2d] process > NFCORE_SMRNASEQ:SMRNASEQ:GE... [ 27%] 10 of 36
[07/df9826] process > NFCORE_SMRNASEQ:SMRNASEQ:GE... [  0%] 0 of 10
[-        ] process > NFCORE_SMRNASEQ:SMRNASEQ:GE... -
[-        ] process > NFCORE_SMRNASEQ:SMRNASEQ:GE... -
[-        ] process > NFCORE_SMRNASEQ:SMRNASEQ:GE... -
[-        ] process > NFCORE_SMRNASEQ:SMRNASEQ:GE... -
[-        ] process > NFCORE_SMRNASEQ:SMRNASEQ:GE... -
[-        ] process > NFCORE_SMRNASEQ:SMRNASEQ:GE... -
[-        ] process > NFCORE_SMRNASEQ:SMRNASEQ:GE... -

executor >  slurm (192)
[42/5df762] process > NFCORE_SMRNASEQ:SMRNASEQ:IN... [100%] 1 of 1 ✔
[-        ] process > NFCORE_SMRNASEQ:SMRNASEQ:CA... -
[f6/dbdb26] process > NFCORE_SMRNASEQ:SMRNASEQ:FA... [100%] 36 of 36 ✔
[8d/39736e] process > NFCORE_SMRNASEQ:SMRNASEQ:FA... [100%] 36 of 36 ✔
[1f/acfeee] process > NFCORE_SMRNASEQ:SMRNASEQ:FA... [ 30%] 11 of 36
[86/f81d0b] process > NFCORE_SMRNASEQ:SMRNASEQ:MI... [ 19%] 7 of 36
[dc/eb752f] process > NFCORE_SMRNASEQ:SMRNASEQ:GE... [100%] 1 of 1 ✔
[55/b78a2d] process > NFCORE_SMRNASEQ:SMRNASEQ:GE... [ 27%] 10 of 36
[07/df9826] process > NFCORE_SMRNASEQ:SMRNASEQ:GE... [  0%] 0 of 10
[-        ] process > NFCORE_SMRNASEQ:SMRNASEQ:GE... -
[-        ] process > NFCORE_SMRNASEQ:SMRNASEQ:GE... -
[-        ] process > NFCORE_SMRNASEQ:SMRNASEQ:GE... -
[-        ] process > NFCORE_SMRNASEQ:SMRNASEQ:GE... -
[-        ] process > NFCORE_SMRNASEQ:SMRNASEQ:GE... -
[-        ] process > NFCORE_SMRNASEQ:SMRNASEQ:GE... -
[-        ] process > NFCORE_SMRNASEQ:SMRNASEQ:GE... -

executor >  slurm (193)
[42/5df762] process > NFCORE_SMRNASEQ:SMRNASEQ:IN... [100%] 1 of 1 ✔
[-        ] process > NFCORE_SMRNASEQ:SMRNASEQ:CA... -
[f6/dbdb26] process > NFCORE_SMRNASEQ:SMRNASEQ:FA... [100%] 36 of 36 ✔
[8d/39736e] process > NFCORE_SMRNASEQ:SMRNASEQ:FA... [100%] 36 of 36 ✔
[1f/acfeee] process > NFCORE_SMRNASEQ:SMRNASEQ:FA... [ 30%] 11 of 36
[86/f81d0b] process > NFCORE_SMRNASEQ:SMRNASEQ:MI... [ 19%] 7 of 36
[dc/eb752f] process > NFCORE_SMRNASEQ:SMRNASEQ:GE... [100%] 1 of 1 ✔
[c3/105aba] process > NFCORE_SMRNASEQ:SMRNASEQ:GE... [ 30%] 11 of 36
[2f/383e86] process > NFCORE_SMRNASEQ:SMRNASEQ:GE... [  0%] 0 of 11
[-        ] process > NFCORE_SMRNASEQ:SMRNASEQ:GE... -
[-        ] process > NFCORE_SMRNASEQ:SMRNASEQ:GE... -
[-        ] process > NFCORE_SMRNASEQ:SMRNASEQ:GE... -
[-        ] process > NFCORE_SMRNASEQ:SMRNASEQ:GE... -
[-        ] process > NFCORE_SMRNASEQ:SMRNASEQ:GE... -
[-        ] process > NFCORE_SMRNASEQ:SMRNASEQ:GE... -
[-        ] process > NFCORE_SMRNASEQ:SMRNASEQ:GE... -

executor >  slurm (193)
[42/5df762] process > NFCORE_SMRNASEQ:SMRNASEQ:IN... [100%] 1 of 1 ✔
[-        ] process > NFCORE_SMRNASEQ:SMRNASEQ:CA... -
[f6/dbdb26] process > NFCORE_SMRNASEQ:SMRNASEQ:FA... [100%] 36 of 36 ✔
[8d/39736e] process > NFCORE_SMRNASEQ:SMRNASEQ:FA... [100%] 36 of 36 ✔
[1f/acfeee] process > NFCORE_SMRNASEQ:SMRNASEQ:FA... [ 30%] 11 of 36
[78/2719c2] process > NFCORE_SMRNASEQ:SMRNASEQ:MI... [ 25%] 9 of 36
[dc/eb752f] process > NFCORE_SMRNASEQ:SMRNASEQ:GE... [100%] 1 of 1 ✔
[c3/105aba] process > NFCORE_SMRNASEQ:SMRNASEQ:GE... [ 30%] 11 of 36
[2f/383e86] process > NFCORE_SMRNASEQ:SMRNASEQ:GE... [  0%] 0 of 11
[-        ] process > NFCORE_SMRNASEQ:SMRNASEQ:GE... -
[-        ] process > NFCORE_SMRNASEQ:SMRNASEQ:GE... -
[-        ] process > NFCORE_SMRNASEQ:SMRNASEQ:GE... -
[-        ] process > NFCORE_SMRNASEQ:SMRNASEQ:GE... -
[-        ] process > NFCORE_SMRNASEQ:SMRNASEQ:GE... -
[-        ] process > NFCORE_SMRNASEQ:SMRNASEQ:GE... -
[-        ] process > NFCORE_SMRNASEQ:SMRNASEQ:GE... -

executor >  slurm (193)
[42/5df762] process > NFCORE_SMRNASEQ:SMRNASEQ:IN... [100%] 1 of 1 ✔
[-        ] process > NFCORE_SMRNASEQ:SMRNASEQ:CA... -
[f6/dbdb26] process > NFCORE_SMRNASEQ:SMRNASEQ:FA... [100%] 36 of 36 ✔
[8d/39736e] process > NFCORE_SMRNASEQ:SMRNASEQ:FA... [100%] 36 of 36 ✔
[1f/acfeee] process > NFCORE_SMRNASEQ:SMRNASEQ:FA... [ 30%] 11 of 36
[e2/8acc09] process > NFCORE_SMRNASEQ:SMRNASEQ:MI... [ 27%] 10 of 36
[dc/eb752f] process > NFCORE_SMRNASEQ:SMRNASEQ:GE... [100%] 1 of 1 ✔
[c3/105aba] process > NFCORE_SMRNASEQ:SMRNASEQ:GE... [ 30%] 11 of 36
[2f/383e86] process > NFCORE_SMRNASEQ:SMRNASEQ:GE... [  0%] 0 of 11
[-        ] process > NFCORE_SMRNASEQ:SMRNASEQ:GE... -
[-        ] process > NFCORE_SMRNASEQ:SMRNASEQ:GE... -
[-        ] process > NFCORE_SMRNASEQ:SMRNASEQ:GE... -
[-        ] process > NFCORE_SMRNASEQ:SMRNASEQ:GE... -
[-        ] process > NFCORE_SMRNASEQ:SMRNASEQ:GE... -
[-        ] process > NFCORE_SMRNASEQ:SMRNASEQ:GE... -
[-        ] process > NFCORE_SMRNASEQ:SMRNASEQ:GE... -

executor >  slurm (193)
[42/5df762] process > NFCORE_SMRNASEQ:SMRNASEQ:IN... [100%] 1 of 1 ✔
[-        ] process > NFCORE_SMRNASEQ:SMRNASEQ:CA... -
[f6/dbdb26] process > NFCORE_SMRNASEQ:SMRNASEQ:FA... [100%] 36 of 36 ✔
[8d/39736e] process > NFCORE_SMRNASEQ:SMRNASEQ:FA... [100%] 36 of 36 ✔
[dd/d678d8] process > NFCORE_SMRNASEQ:SMRNASEQ:FA... [ 33%] 12 of 36
[e2/8acc09] process > NFCORE_SMRNASEQ:SMRNASEQ:MI... [ 27%] 10 of 36
[dc/eb752f] process > NFCORE_SMRNASEQ:SMRNASEQ:GE... [100%] 1 of 1 ✔
[c3/105aba] process > NFCORE_SMRNASEQ:SMRNASEQ:GE... [ 30%] 11 of 36
[2f/383e86] process > NFCORE_SMRNASEQ:SMRNASEQ:GE... [  0%] 0 of 11
[-        ] process > NFCORE_SMRNASEQ:SMRNASEQ:GE... -
[-        ] process > NFCORE_SMRNASEQ:SMRNASEQ:GE... -
[-        ] process > NFCORE_SMRNASEQ:SMRNASEQ:GE... -
[-        ] process > NFCORE_SMRNASEQ:SMRNASEQ:GE... -
[-        ] process > NFCORE_SMRNASEQ:SMRNASEQ:GE... -
[-        ] process > NFCORE_SMRNASEQ:SMRNASEQ:GE... -
[-        ] process > NFCORE_SMRNASEQ:SMRNASEQ:GE... -

executor >  slurm (193)
[42/5df762] process > NFCORE_SMRNASEQ:SMRNASEQ:IN... [100%] 1 of 1 ✔
[-        ] process > NFCORE_SMRNASEQ:SMRNASEQ:CA... -
[f6/dbdb26] process > NFCORE_SMRNASEQ:SMRNASEQ:FA... [100%] 36 of 36 ✔
[8d/39736e] process > NFCORE_SMRNASEQ:SMRNASEQ:FA... [100%] 36 of 36 ✔
[dd/d678d8] process > NFCORE_SMRNASEQ:SMRNASEQ:FA... [ 33%] 12 of 36
[65/bfb58b] process > NFCORE_SMRNASEQ:SMRNASEQ:MI... [ 30%] 11 of 36
[dc/eb752f] process > NFCORE_SMRNASEQ:SMRNASEQ:GE... [100%] 1 of 1 ✔
[c3/105aba] process > NFCORE_SMRNASEQ:SMRNASEQ:GE... [ 30%] 11 of 36
[2f/383e86] process > NFCORE_SMRNASEQ:SMRNASEQ:GE... [  0%] 0 of 11
[-        ] process > NFCORE_SMRNASEQ:SMRNASEQ:GE... -
[-        ] process > NFCORE_SMRNASEQ:SMRNASEQ:GE... -
[-        ] process > NFCORE_SMRNASEQ:SMRNASEQ:GE... -
[-        ] process > NFCORE_SMRNASEQ:SMRNASEQ:GE... -
[-        ] process > NFCORE_SMRNASEQ:SMRNASEQ:GE... -
[-        ] process > NFCORE_SMRNASEQ:SMRNASEQ:GE... -
[-        ] process > NFCORE_SMRNASEQ:SMRNASEQ:GE... -

executor >  slurm (193)
[42/5df762] process > NFCORE_SMRNASEQ:SMRNASEQ:IN... [100%] 1 of 1 ✔
[-        ] process > NFCORE_SMRNASEQ:SMRNASEQ:CA... -
[f6/dbdb26] process > NFCORE_SMRNASEQ:SMRNASEQ:FA... [100%] 36 of 36 ✔
[8d/39736e] process > NFCORE_SMRNASEQ:SMRNASEQ:FA... [100%] 36 of 36 ✔
[dd/d678d8] process > NFCORE_SMRNASEQ:SMRNASEQ:FA... [ 33%] 12 of 36
[65/bfb58b] process > NFCORE_SMRNASEQ:SMRNASEQ:MI... [ 30%] 11 of 36
[dc/eb752f] process > NFCORE_SMRNASEQ:SMRNASEQ:GE... [100%] 1 of 1 ✔
[16/e8aa57] process > NFCORE_SMRNASEQ:SMRNASEQ:GE... [ 33%] 12 of 36
[2f/383e86] process > NFCORE_SMRNASEQ:SMRNASEQ:GE... [  0%] 0 of 12
[-        ] process > NFCORE_SMRNASEQ:SMRNASEQ:GE... -
[-        ] process > NFCORE_SMRNASEQ:SMRNASEQ:GE... -
[-        ] process > NFCORE_SMRNASEQ:SMRNASEQ:GE... -
[-        ] process > NFCORE_SMRNASEQ:SMRNASEQ:GE... -
[-        ] process > NFCORE_SMRNASEQ:SMRNASEQ:GE... -
[-        ] process > NFCORE_SMRNASEQ:SMRNASEQ:GE... -
[-        ] process > NFCORE_SMRNASEQ:SMRNASEQ:GE... -

executor >  slurm (194)
[42/5df762] process > NFCORE_SMRNASEQ:SMRNASEQ:IN... [100%] 1 of 1 ✔
[-        ] process > NFCORE_SMRNASEQ:SMRNASEQ:CA... -
[f6/dbdb26] process > NFCORE_SMRNASEQ:SMRNASEQ:FA... [100%] 36 of 36 ✔
[8d/39736e] process > NFCORE_SMRNASEQ:SMRNASEQ:FA... [100%] 36 of 36 ✔
[dd/d678d8] process > NFCORE_SMRNASEQ:SMRNASEQ:FA... [ 33%] 12 of 36
[65/bfb58b] process > NFCORE_SMRNASEQ:SMRNASEQ:MI... [ 30%] 11 of 36
[dc/eb752f] process > NFCORE_SMRNASEQ:SMRNASEQ:GE... [100%] 1 of 1 ✔
[16/e8aa57] process > NFCORE_SMRNASEQ:SMRNASEQ:GE... [ 33%] 12 of 36
[f8/dcca0f] process > NFCORE_SMRNASEQ:SMRNASEQ:GE... [  0%] 0 of 12
[-        ] process > NFCORE_SMRNASEQ:SMRNASEQ:GE... -
[-        ] process > NFCORE_SMRNASEQ:SMRNASEQ:GE... -
[-        ] process > NFCORE_SMRNASEQ:SMRNASEQ:GE... -
[-        ] process > NFCORE_SMRNASEQ:SMRNASEQ:GE... -
[-        ] process > NFCORE_SMRNASEQ:SMRNASEQ:GE... -
[-        ] process > NFCORE_SMRNASEQ:SMRNASEQ:GE... -
[-        ] process > NFCORE_SMRNASEQ:SMRNASEQ:GE... -

executor >  slurm (194)
[42/5df762] process > NFCORE_SMRNASEQ:SMRNASEQ:IN... [100%] 1 of 1 ✔
[-        ] process > NFCORE_SMRNASEQ:SMRNASEQ:CA... -
[f6/dbdb26] process > NFCORE_SMRNASEQ:SMRNASEQ:FA... [100%] 36 of 36 ✔
[8d/39736e] process > NFCORE_SMRNASEQ:SMRNASEQ:FA... [100%] 36 of 36 ✔
[dd/d678d8] process > NFCORE_SMRNASEQ:SMRNASEQ:FA... [ 33%] 12 of 36
[65/bfb58b] process > NFCORE_SMRNASEQ:SMRNASEQ:MI... [ 30%] 11 of 36
[dc/eb752f] process > NFCORE_SMRNASEQ:SMRNASEQ:GE... [100%] 1 of 1 ✔
[16/e8aa57] process > NFCORE_SMRNASEQ:SMRNASEQ:GE... [ 33%] 12 of 36
[f8/dcca0f] process > NFCORE_SMRNASEQ:SMRNASEQ:GE... [  0%] 0 of 12
[-        ] process > NFCORE_SMRNASEQ:SMRNASEQ:GE... -
[-        ] process > NFCORE_SMRNASEQ:SMRNASEQ:GE... -
[-        ] process > NFCORE_SMRNASEQ:SMRNASEQ:GE... -
[-        ] process > NFCORE_SMRNASEQ:SMRNASEQ:GE... -
[-        ] process > NFCORE_SMRNASEQ:SMRNASEQ:GE... -
[-        ] process > NFCORE_SMRNASEQ:SMRNASEQ:GE... -
[-        ] process > NFCORE_SMRNASEQ:SMRNASEQ:GE... -

executor >  slurm (194)
[42/5df762] process > NFCORE_SMRNASEQ:SMRNASEQ:IN... [100%] 1 of 1 ✔
[-        ] process > NFCORE_SMRNASEQ:SMRNASEQ:CA... -
[f6/dbdb26] process > NFCORE_SMRNASEQ:SMRNASEQ:FA... [100%] 36 of 36 ✔
[8d/39736e] process > NFCORE_SMRNASEQ:SMRNASEQ:FA... [100%] 36 of 36 ✔
[dd/d678d8] process > NFCORE_SMRNASEQ:SMRNASEQ:FA... [ 33%] 12 of 36
[65/bfb58b] process > NFCORE_SMRNASEQ:SMRNASEQ:MI... [ 30%] 11 of 36
[dc/eb752f] process > NFCORE_SMRNASEQ:SMRNASEQ:GE... [100%] 1 of 1 ✔
[16/e8aa57] process > NFCORE_SMRNASEQ:SMRNASEQ:GE... [ 33%] 12 of 36
[f8/dcca0f] process > NFCORE_SMRNASEQ:SMRNASEQ:GE... [  0%] 0 of 12
[-        ] process > NFCORE_SMRNASEQ:SMRNASEQ:GE... -
[-        ] process > NFCORE_SMRNASEQ:SMRNASEQ:GE... -
[-        ] process > NFCORE_SMRNASEQ:SMRNASEQ:GE... -
[-        ] process > NFCORE_SMRNASEQ:SMRNASEQ:GE... -
[-        ] process > NFCORE_SMRNASEQ:SMRNASEQ:GE... -
[-        ] process > NFCORE_SMRNASEQ:SMRNASEQ:GE... -
[-        ] process > NFCORE_SMRNASEQ:SMRNASEQ:GE... -

executor >  slurm (194)
[42/5df762] process > NFCORE_SMRNASEQ:SMRNASEQ:IN... [100%] 1 of 1 ✔
[-        ] process > NFCORE_SMRNASEQ:SMRNASEQ:CA... -
[f6/dbdb26] process > NFCORE_SMRNASEQ:SMRNASEQ:FA... [100%] 36 of 36 ✔
[8d/39736e] process > NFCORE_SMRNASEQ:SMRNASEQ:FA... [100%] 36 of 36 ✔
[54/1ea413] process > NFCORE_SMRNASEQ:SMRNASEQ:FA... [ 36%] 13 of 36
[65/bfb58b] process > NFCORE_SMRNASEQ:SMRNASEQ:MI... [ 30%] 11 of 36
[dc/eb752f] process > NFCORE_SMRNASEQ:SMRNASEQ:GE... [100%] 1 of 1 ✔
[16/e8aa57] process > NFCORE_SMRNASEQ:SMRNASEQ:GE... [ 33%] 12 of 36
[f8/dcca0f] process > NFCORE_SMRNASEQ:SMRNASEQ:GE... [  0%] 0 of 12
[-        ] process > NFCORE_SMRNASEQ:SMRNASEQ:GE... -
[-        ] process > NFCORE_SMRNASEQ:SMRNASEQ:GE... -
[-        ] process > NFCORE_SMRNASEQ:SMRNASEQ:GE... -
[-        ] process > NFCORE_SMRNASEQ:SMRNASEQ:GE... -
[-        ] process > NFCORE_SMRNASEQ:SMRNASEQ:GE... -
[-        ] process > NFCORE_SMRNASEQ:SMRNASEQ:GE... -
[-        ] process > NFCORE_SMRNASEQ:SMRNASEQ:GE... -

executor >  slurm (194)
[42/5df762] process > NFCORE_SMRNASEQ:SMRNASEQ:IN... [100%] 1 of 1 ✔
[-        ] process > NFCORE_SMRNASEQ:SMRNASEQ:CA... -
[f6/dbdb26] process > NFCORE_SMRNASEQ:SMRNASEQ:FA... [100%] 36 of 36 ✔
[8d/39736e] process > NFCORE_SMRNASEQ:SMRNASEQ:FA... [100%] 36 of 36 ✔
[bd/1a58a1] process > NFCORE_SMRNASEQ:SMRNASEQ:FA... [ 44%] 16 of 36
[65/bfb58b] process > NFCORE_SMRNASEQ:SMRNASEQ:MI... [ 30%] 11 of 36
[dc/eb752f] process > NFCORE_SMRNASEQ:SMRNASEQ:GE... [100%] 1 of 1 ✔
[16/e8aa57] process > NFCORE_SMRNASEQ:SMRNASEQ:GE... [ 33%] 12 of 36
[f8/dcca0f] process > NFCORE_SMRNASEQ:SMRNASEQ:GE... [  0%] 0 of 12
[-        ] process > NFCORE_SMRNASEQ:SMRNASEQ:GE... -
[-        ] process > NFCORE_SMRNASEQ:SMRNASEQ:GE... -
[-        ] process > NFCORE_SMRNASEQ:SMRNASEQ:GE... -
[-        ] process > NFCORE_SMRNASEQ:SMRNASEQ:GE... -
[-        ] process > NFCORE_SMRNASEQ:SMRNASEQ:GE... -
[-        ] process > NFCORE_SMRNASEQ:SMRNASEQ:GE... -
[-        ] process > NFCORE_SMRNASEQ:SMRNASEQ:GE... -

executor >  slurm (194)
[42/5df762] process > NFCORE_SMRNASEQ:SMRNASEQ:IN... [100%] 1 of 1 ✔
[-        ] process > NFCORE_SMRNASEQ:SMRNASEQ:CA... -
[f6/dbdb26] process > NFCORE_SMRNASEQ:SMRNASEQ:FA... [100%] 36 of 36 ✔
[8d/39736e] process > NFCORE_SMRNASEQ:SMRNASEQ:FA... [100%] 36 of 36 ✔
[bd/1a58a1] process > NFCORE_SMRNASEQ:SMRNASEQ:FA... [ 44%] 16 of 36
[65/bfb58b] process > NFCORE_SMRNASEQ:SMRNASEQ:MI... [ 30%] 11 of 36
[dc/eb752f] process > NFCORE_SMRNASEQ:SMRNASEQ:GE... [100%] 1 of 1 ✔
[3a/40e910] process > NFCORE_SMRNASEQ:SMRNASEQ:GE... [ 36%] 13 of 36
[f8/dcca0f] process > NFCORE_SMRNASEQ:SMRNASEQ:GE... [  0%] 0 of 12
[-        ] process > NFCORE_SMRNASEQ:SMRNASEQ:GE... -
[-        ] process > NFCORE_SMRNASEQ:SMRNASEQ:GE... -
[-        ] process > NFCORE_SMRNASEQ:SMRNASEQ:GE... -
[-        ] process > NFCORE_SMRNASEQ:SMRNASEQ:GE... -
[-        ] process > NFCORE_SMRNASEQ:SMRNASEQ:GE... -
[-        ] process > NFCORE_SMRNASEQ:SMRNASEQ:GE... -
[-        ] process > NFCORE_SMRNASEQ:SMRNASEQ:GE... -

executor >  slurm (196)
[42/5df762] process > NFCORE_SMRNASEQ:SMRNASEQ:IN... [100%] 1 of 1 ✔
[-        ] process > NFCORE_SMRNASEQ:SMRNASEQ:CA... -
[f6/dbdb26] process > NFCORE_SMRNASEQ:SMRNASEQ:FA... [100%] 36 of 36 ✔
[8d/39736e] process > NFCORE_SMRNASEQ:SMRNASEQ:FA... [100%] 36 of 36 ✔
[bd/1a58a1] process > NFCORE_SMRNASEQ:SMRNASEQ:FA... [ 44%] 16 of 36
[ac/450052] process > NFCORE_SMRNASEQ:SMRNASEQ:MI... [ 38%] 14 of 36
[dc/eb752f] process > NFCORE_SMRNASEQ:SMRNASEQ:GE... [100%] 1 of 1 ✔
[66/677c1b] process > NFCORE_SMRNASEQ:SMRNASEQ:GE... [ 38%] 14 of 36
[c4/6e402c] process > NFCORE_SMRNASEQ:SMRNASEQ:GE... [  0%] 0 of 14
[-        ] process > NFCORE_SMRNASEQ:SMRNASEQ:GE... -
[-        ] process > NFCORE_SMRNASEQ:SMRNASEQ:GE... -
[-        ] process > NFCORE_SMRNASEQ:SMRNASEQ:GE... -
[-        ] process > NFCORE_SMRNASEQ:SMRNASEQ:GE... -
[-        ] process > NFCORE_SMRNASEQ:SMRNASEQ:GE... -
[-        ] process > NFCORE_SMRNASEQ:SMRNASEQ:GE... -
[-        ] process > NFCORE_SMRNASEQ:SMRNASEQ:GE... -

executor >  slurm (196)
[42/5df762] process > NFCORE_SMRNASEQ:SMRNASEQ:IN... [100%] 1 of 1 ✔
[-        ] process > NFCORE_SMRNASEQ:SMRNASEQ:CA... -
[f6/dbdb26] process > NFCORE_SMRNASEQ:SMRNASEQ:FA... [100%] 36 of 36 ✔
[8d/39736e] process > NFCORE_SMRNASEQ:SMRNASEQ:FA... [100%] 36 of 36 ✔
[bd/1a58a1] process > NFCORE_SMRNASEQ:SMRNASEQ:FA... [ 44%] 16 of 36
[ac/450052] process > NFCORE_SMRNASEQ:SMRNASEQ:MI... [ 38%] 14 of 36
[dc/eb752f] process > NFCORE_SMRNASEQ:SMRNASEQ:GE... [100%] 1 of 1 ✔
[66/677c1b] process > NFCORE_SMRNASEQ:SMRNASEQ:GE... [ 38%] 14 of 36
[c4/6e402c] process > NFCORE_SMRNASEQ:SMRNASEQ:GE... [  0%] 0 of 14
[-        ] process > NFCORE_SMRNASEQ:SMRNASEQ:GE... -
[-        ] process > NFCORE_SMRNASEQ:SMRNASEQ:GE... -
[-        ] process > NFCORE_SMRNASEQ:SMRNASEQ:GE... -
[-        ] process > NFCORE_SMRNASEQ:SMRNASEQ:GE... -
[-        ] process > NFCORE_SMRNASEQ:SMRNASEQ:GE... -
[-        ] process > NFCORE_SMRNASEQ:SMRNASEQ:GE... -
[-        ] process > NFCORE_SMRNASEQ:SMRNASEQ:GE... -

executor >  slurm (196)
[42/5df762] process > NFCORE_SMRNASEQ:SMRNASEQ:IN... [100%] 1 of 1 ✔
[-        ] process > NFCORE_SMRNASEQ:SMRNASEQ:CA... -
[f6/dbdb26] process > NFCORE_SMRNASEQ:SMRNASEQ:FA... [100%] 36 of 36 ✔
[8d/39736e] process > NFCORE_SMRNASEQ:SMRNASEQ:FA... [100%] 36 of 36 ✔
[64/dc896f] process > NFCORE_SMRNASEQ:SMRNASEQ:FA... [ 47%] 17 of 36
[ac/450052] process > NFCORE_SMRNASEQ:SMRNASEQ:MI... [ 38%] 14 of 36
[dc/eb752f] process > NFCORE_SMRNASEQ:SMRNASEQ:GE... [100%] 1 of 1 ✔
[66/677c1b] process > NFCORE_SMRNASEQ:SMRNASEQ:GE... [ 38%] 14 of 36
[c4/6e402c] process > NFCORE_SMRNASEQ:SMRNASEQ:GE... [  0%] 0 of 14
[-        ] process > NFCORE_SMRNASEQ:SMRNASEQ:GE... -
[-        ] process > NFCORE_SMRNASEQ:SMRNASEQ:GE... -
[-        ] process > NFCORE_SMRNASEQ:SMRNASEQ:GE... -
[-        ] process > NFCORE_SMRNASEQ:SMRNASEQ:GE... -
[-        ] process > NFCORE_SMRNASEQ:SMRNASEQ:GE... -
[-        ] process > NFCORE_SMRNASEQ:SMRNASEQ:GE... -
[-        ] process > NFCORE_SMRNASEQ:SMRNASEQ:GE... -

executor >  slurm (196)
[42/5df762] process > NFCORE_SMRNASEQ:SMRNASEQ:IN... [100%] 1 of 1 ✔
[-        ] process > NFCORE_SMRNASEQ:SMRNASEQ:CA... -
[f6/dbdb26] process > NFCORE_SMRNASEQ:SMRNASEQ:FA... [100%] 36 of 36 ✔
[8d/39736e] process > NFCORE_SMRNASEQ:SMRNASEQ:FA... [100%] 36 of 36 ✔
[64/dc896f] process > NFCORE_SMRNASEQ:SMRNASEQ:FA... [ 47%] 17 of 36
[ac/450052] process > NFCORE_SMRNASEQ:SMRNASEQ:MI... [ 38%] 14 of 36
[dc/eb752f] process > NFCORE_SMRNASEQ:SMRNASEQ:GE... [100%] 1 of 1 ✔
[66/677c1b] process > NFCORE_SMRNASEQ:SMRNASEQ:GE... [ 38%] 14 of 36
[c4/6e402c] process > NFCORE_SMRNASEQ:SMRNASEQ:GE... [  0%] 0 of 14
[-        ] process > NFCORE_SMRNASEQ:SMRNASEQ:GE... -
[-        ] process > NFCORE_SMRNASEQ:SMRNASEQ:GE... -
[-        ] process > NFCORE_SMRNASEQ:SMRNASEQ:GE... -
[-        ] process > NFCORE_SMRNASEQ:SMRNASEQ:GE... -
[-        ] process > NFCORE_SMRNASEQ:SMRNASEQ:GE... -
[-        ] process > NFCORE_SMRNASEQ:SMRNASEQ:GE... -
[-        ] process > NFCORE_SMRNASEQ:SMRNASEQ:GE... -

executor >  slurm (196)
[42/5df762] process > NFCORE_SMRNASEQ:SMRNASEQ:IN... [100%] 1 of 1 ✔
[-        ] process > NFCORE_SMRNASEQ:SMRNASEQ:CA... -
[f6/dbdb26] process > NFCORE_SMRNASEQ:SMRNASEQ:FA... [100%] 36 of 36 ✔
[8d/39736e] process > NFCORE_SMRNASEQ:SMRNASEQ:FA... [100%] 36 of 36 ✔
[64/dc896f] process > NFCORE_SMRNASEQ:SMRNASEQ:FA... [ 47%] 17 of 36
[3d/348f76] process > NFCORE_SMRNASEQ:SMRNASEQ:MI... [ 41%] 15 of 36
[dc/eb752f] process > NFCORE_SMRNASEQ:SMRNASEQ:GE... [100%] 1 of 1 ✔
[66/677c1b] process > NFCORE_SMRNASEQ:SMRNASEQ:GE... [ 38%] 14 of 36
[c4/6e402c] process > NFCORE_SMRNASEQ:SMRNASEQ:GE... [  0%] 0 of 14
[-        ] process > NFCORE_SMRNASEQ:SMRNASEQ:GE... -
[-        ] process > NFCORE_SMRNASEQ:SMRNASEQ:GE... -
[-        ] process > NFCORE_SMRNASEQ:SMRNASEQ:GE... -
[-        ] process > NFCORE_SMRNASEQ:SMRNASEQ:GE... -
[-        ] process > NFCORE_SMRNASEQ:SMRNASEQ:GE... -
[-        ] process > NFCORE_SMRNASEQ:SMRNASEQ:GE... -
[-        ] process > NFCORE_SMRNASEQ:SMRNASEQ:GE... -

executor >  slurm (196)
[42/5df762] process > NFCORE_SMRNASEQ:SMRNASEQ:IN... [100%] 1 of 1 ✔
[-        ] process > NFCORE_SMRNASEQ:SMRNASEQ:CA... -
[f6/dbdb26] process > NFCORE_SMRNASEQ:SMRNASEQ:FA... [100%] 36 of 36 ✔
[8d/39736e] process > NFCORE_SMRNASEQ:SMRNASEQ:FA... [100%] 36 of 36 ✔
[64/dc896f] process > NFCORE_SMRNASEQ:SMRNASEQ:FA... [ 47%] 17 of 36
[3d/348f76] process > NFCORE_SMRNASEQ:SMRNASEQ:MI... [ 41%] 15 of 36
[dc/eb752f] process > NFCORE_SMRNASEQ:SMRNASEQ:GE... [100%] 1 of 1 ✔
[3b/5bda3c] process > NFCORE_SMRNASEQ:SMRNASEQ:GE... [ 41%] 15 of 36
[c4/6e402c] process > NFCORE_SMRNASEQ:SMRNASEQ:GE... [  0%] 0 of 14
[-        ] process > NFCORE_SMRNASEQ:SMRNASEQ:GE... -
[-        ] process > NFCORE_SMRNASEQ:SMRNASEQ:GE... -
[-        ] process > NFCORE_SMRNASEQ:SMRNASEQ:GE... -
[-        ] process > NFCORE_SMRNASEQ:SMRNASEQ:GE... -
[-        ] process > NFCORE_SMRNASEQ:SMRNASEQ:GE... -
[-        ] process > NFCORE_SMRNASEQ:SMRNASEQ:GE... -
[-        ] process > NFCORE_SMRNASEQ:SMRNASEQ:GE... -

executor >  slurm (197)
[42/5df762] process > NFCORE_SMRNASEQ:SMRNASEQ:IN... [100%] 1 of 1 ✔
[-        ] process > NFCORE_SMRNASEQ:SMRNASEQ:CA... -
[f6/dbdb26] process > NFCORE_SMRNASEQ:SMRNASEQ:FA... [100%] 36 of 36 ✔
[8d/39736e] process > NFCORE_SMRNASEQ:SMRNASEQ:FA... [100%] 36 of 36 ✔
[64/dc896f] process > NFCORE_SMRNASEQ:SMRNASEQ:FA... [ 47%] 17 of 36
[3d/348f76] process > NFCORE_SMRNASEQ:SMRNASEQ:MI... [ 41%] 15 of 36
[dc/eb752f] process > NFCORE_SMRNASEQ:SMRNASEQ:GE... [100%] 1 of 1 ✔
[3b/5bda3c] process > NFCORE_SMRNASEQ:SMRNASEQ:GE... [ 41%] 15 of 36
[13/619c45] process > NFCORE_SMRNASEQ:SMRNASEQ:GE... [  0%] 0 of 15
[-        ] process > NFCORE_SMRNASEQ:SMRNASEQ:GE... -
[-        ] process > NFCORE_SMRNASEQ:SMRNASEQ:GE... -
[-        ] process > NFCORE_SMRNASEQ:SMRNASEQ:GE... -
[-        ] process > NFCORE_SMRNASEQ:SMRNASEQ:GE... -
[-        ] process > NFCORE_SMRNASEQ:SMRNASEQ:GE... -
[-        ] process > NFCORE_SMRNASEQ:SMRNASEQ:GE... -
[-        ] process > NFCORE_SMRNASEQ:SMRNASEQ:GE... -

executor >  slurm (197)
[42/5df762] process > NFCORE_SMRNASEQ:SMRNASEQ:IN... [100%] 1 of 1 ✔
[-        ] process > NFCORE_SMRNASEQ:SMRNASEQ:CA... -
[f6/dbdb26] process > NFCORE_SMRNASEQ:SMRNASEQ:FA... [100%] 36 of 36 ✔
[8d/39736e] process > NFCORE_SMRNASEQ:SMRNASEQ:FA... [100%] 36 of 36 ✔
[5a/3066b5] process > NFCORE_SMRNASEQ:SMRNASEQ:FA... [ 50%] 18 of 36
[c6/47ec6f] process > NFCORE_SMRNASEQ:SMRNASEQ:MI... [ 47%] 17 of 36
[dc/eb752f] process > NFCORE_SMRNASEQ:SMRNASEQ:GE... [100%] 1 of 1 ✔
[45/fd116e] process > NFCORE_SMRNASEQ:SMRNASEQ:GE... [ 47%] 17 of 36
[13/619c45] process > NFCORE_SMRNASEQ:SMRNASEQ:GE... [  0%] 0 of 17
[-        ] process > NFCORE_SMRNASEQ:SMRNASEQ:GE... -
[-        ] process > NFCORE_SMRNASEQ:SMRNASEQ:GE... -
[-        ] process > NFCORE_SMRNASEQ:SMRNASEQ:GE... -
[-        ] process > NFCORE_SMRNASEQ:SMRNASEQ:GE... -
[-        ] process > NFCORE_SMRNASEQ:SMRNASEQ:GE... -
[-        ] process > NFCORE_SMRNASEQ:SMRNASEQ:GE... -
[-        ] process > NFCORE_SMRNASEQ:SMRNASEQ:GE... -

executor >  slurm (200)
[42/5df762] process > NFCORE_SMRNASEQ:SMRNASEQ:IN... [100%] 1 of 1 ✔
[-        ] process > NFCORE_SMRNASEQ:SMRNASEQ:CA... -
[f6/dbdb26] process > NFCORE_SMRNASEQ:SMRNASEQ:FA... [100%] 36 of 36 ✔
[8d/39736e] process > NFCORE_SMRNASEQ:SMRNASEQ:FA... [100%] 36 of 36 ✔
[1a/c4b3e9] process > NFCORE_SMRNASEQ:SMRNASEQ:FA... [ 52%] 19 of 36
[c6/47ec6f] process > NFCORE_SMRNASEQ:SMRNASEQ:MI... [ 47%] 17 of 36
[dc/eb752f] process > NFCORE_SMRNASEQ:SMRNASEQ:GE... [100%] 1 of 1 ✔
[a6/dcd1d5] process > NFCORE_SMRNASEQ:SMRNASEQ:GE... [ 50%] 18 of 36
[02/9bbdcb] process > NFCORE_SMRNASEQ:SMRNASEQ:GE... [  0%] 0 of 18
[-        ] process > NFCORE_SMRNASEQ:SMRNASEQ:GE... -
[-        ] process > NFCORE_SMRNASEQ:SMRNASEQ:GE... -
[-        ] process > NFCORE_SMRNASEQ:SMRNASEQ:GE... -
[-        ] process > NFCORE_SMRNASEQ:SMRNASEQ:GE... -
[-        ] process > NFCORE_SMRNASEQ:SMRNASEQ:GE... -
[-        ] process > NFCORE_SMRNASEQ:SMRNASEQ:GE... -
[-        ] process > NFCORE_SMRNASEQ:SMRNASEQ:GE... -

executor >  slurm (201)
[42/5df762] process > NFCORE_SMRNASEQ:SMRNASEQ:IN... [100%] 1 of 1 ✔
[-        ] process > NFCORE_SMRNASEQ:SMRNASEQ:CA... -
[f6/dbdb26] process > NFCORE_SMRNASEQ:SMRNASEQ:FA... [100%] 36 of 36 ✔
[8d/39736e] process > NFCORE_SMRNASEQ:SMRNASEQ:FA... [100%] 36 of 36 ✔
[1a/c4b3e9] process > NFCORE_SMRNASEQ:SMRNASEQ:FA... [ 52%] 19 of 36
[76/ff0906] process > NFCORE_SMRNASEQ:SMRNASEQ:MI... [ 50%] 18 of 36
[dc/eb752f] process > NFCORE_SMRNASEQ:SMRNASEQ:GE... [100%] 1 of 1 ✔
[5f/170a9c] process > NFCORE_SMRNASEQ:SMRNASEQ:GE... [ 52%] 19 of 36
[16/93cf95] process > NFCORE_SMRNASEQ:SMRNASEQ:GE... [  0%] 0 of 19
[-        ] process > NFCORE_SMRNASEQ:SMRNASEQ:GE... -
[-        ] process > NFCORE_SMRNASEQ:SMRNASEQ:GE... -
[-        ] process > NFCORE_SMRNASEQ:SMRNASEQ:GE... -
[-        ] process > NFCORE_SMRNASEQ:SMRNASEQ:GE... -
[-        ] process > NFCORE_SMRNASEQ:SMRNASEQ:GE... -
[-        ] process > NFCORE_SMRNASEQ:SMRNASEQ:GE... -
[-        ] process > NFCORE_SMRNASEQ:SMRNASEQ:GE... -

executor >  slurm (201)
[42/5df762] process > NFCORE_SMRNASEQ:SMRNASEQ:IN... [100%] 1 of 1 ✔
[-        ] process > NFCORE_SMRNASEQ:SMRNASEQ:CA... -
[f6/dbdb26] process > NFCORE_SMRNASEQ:SMRNASEQ:FA... [100%] 36 of 36 ✔
[8d/39736e] process > NFCORE_SMRNASEQ:SMRNASEQ:FA... [100%] 36 of 36 ✔
[1a/c4b3e9] process > NFCORE_SMRNASEQ:SMRNASEQ:FA... [ 52%] 19 of 36
[32/62a652] process > NFCORE_SMRNASEQ:SMRNASEQ:MI... [ 52%] 19 of 36
[dc/eb752f] process > NFCORE_SMRNASEQ:SMRNASEQ:GE... [100%] 1 of 1 ✔
[5f/170a9c] process > NFCORE_SMRNASEQ:SMRNASEQ:GE... [ 52%] 19 of 36
[16/93cf95] process > NFCORE_SMRNASEQ:SMRNASEQ:GE... [  0%] 0 of 19
[-        ] process > NFCORE_SMRNASEQ:SMRNASEQ:GE... -
[-        ] process > NFCORE_SMRNASEQ:SMRNASEQ:GE... -
[-        ] process > NFCORE_SMRNASEQ:SMRNASEQ:GE... -
[-        ] process > NFCORE_SMRNASEQ:SMRNASEQ:GE... -
[-        ] process > NFCORE_SMRNASEQ:SMRNASEQ:GE... -
[-        ] process > NFCORE_SMRNASEQ:SMRNASEQ:GE... -
[-        ] process > NFCORE_SMRNASEQ:SMRNASEQ:GE... -

executor >  slurm (201)
[42/5df762] process > NFCORE_SMRNASEQ:SMRNASEQ:IN... [100%] 1 of 1 ✔
[-        ] process > NFCORE_SMRNASEQ:SMRNASEQ:CA... -
[f6/dbdb26] process > NFCORE_SMRNASEQ:SMRNASEQ:FA... [100%] 36 of 36 ✔
[8d/39736e] process > NFCORE_SMRNASEQ:SMRNASEQ:FA... [100%] 36 of 36 ✔
[07/dd2f4e] process > NFCORE_SMRNASEQ:SMRNASEQ:FA... [ 55%] 20 of 36
[32/62a652] process > NFCORE_SMRNASEQ:SMRNASEQ:MI... [ 52%] 19 of 36
[dc/eb752f] process > NFCORE_SMRNASEQ:SMRNASEQ:GE... [100%] 1 of 1 ✔
[5f/170a9c] process > NFCORE_SMRNASEQ:SMRNASEQ:GE... [ 52%] 19 of 36
[16/93cf95] process > NFCORE_SMRNASEQ:SMRNASEQ:GE... [  0%] 0 of 19
[-        ] process > NFCORE_SMRNASEQ:SMRNASEQ:GE... -
[-        ] process > NFCORE_SMRNASEQ:SMRNASEQ:GE... -
[-        ] process > NFCORE_SMRNASEQ:SMRNASEQ:GE... -
[-        ] process > NFCORE_SMRNASEQ:SMRNASEQ:GE... -
[-        ] process > NFCORE_SMRNASEQ:SMRNASEQ:GE... -
[-        ] process > NFCORE_SMRNASEQ:SMRNASEQ:GE... -
[-        ] process > NFCORE_SMRNASEQ:SMRNASEQ:GE... -

executor >  slurm (201)
[42/5df762] process > NFCORE_SMRNASEQ:SMRNASEQ:IN... [100%] 1 of 1 ✔
[-        ] process > NFCORE_SMRNASEQ:SMRNASEQ:CA... -
[f6/dbdb26] process > NFCORE_SMRNASEQ:SMRNASEQ:FA... [100%] 36 of 36 ✔
[8d/39736e] process > NFCORE_SMRNASEQ:SMRNASEQ:FA... [100%] 36 of 36 ✔
[12/4b5edc] process > NFCORE_SMRNASEQ:SMRNASEQ:FA... [ 58%] 21 of 36
[32/62a652] process > NFCORE_SMRNASEQ:SMRNASEQ:MI... [ 52%] 19 of 36
[dc/eb752f] process > NFCORE_SMRNASEQ:SMRNASEQ:GE... [100%] 1 of 1 ✔
[5f/170a9c] process > NFCORE_SMRNASEQ:SMRNASEQ:GE... [ 52%] 19 of 36
[16/93cf95] process > NFCORE_SMRNASEQ:SMRNASEQ:GE... [  0%] 0 of 19
[-        ] process > NFCORE_SMRNASEQ:SMRNASEQ:GE... -
[-        ] process > NFCORE_SMRNASEQ:SMRNASEQ:GE... -
[-        ] process > NFCORE_SMRNASEQ:SMRNASEQ:GE... -
[-        ] process > NFCORE_SMRNASEQ:SMRNASEQ:GE... -
[-        ] process > NFCORE_SMRNASEQ:SMRNASEQ:GE... -
[-        ] process > NFCORE_SMRNASEQ:SMRNASEQ:GE... -
[-        ] process > NFCORE_SMRNASEQ:SMRNASEQ:GE... -

executor >  slurm (202)
[42/5df762] process > NFCORE_SMRNASEQ:SMRNASEQ:IN... [100%] 1 of 1 ✔
[-        ] process > NFCORE_SMRNASEQ:SMRNASEQ:CA... -
[f6/dbdb26] process > NFCORE_SMRNASEQ:SMRNASEQ:FA... [100%] 36 of 36 ✔
[8d/39736e] process > NFCORE_SMRNASEQ:SMRNASEQ:FA... [100%] 36 of 36 ✔
[c5/115197] process > NFCORE_SMRNASEQ:SMRNASEQ:FA... [ 63%] 23 of 36
[32/62a652] process > NFCORE_SMRNASEQ:SMRNASEQ:MI... [ 52%] 19 of 36
[dc/eb752f] process > NFCORE_SMRNASEQ:SMRNASEQ:GE... [100%] 1 of 1 ✔
[62/8636a4] process > NFCORE_SMRNASEQ:SMRNASEQ:GE... [ 55%] 20 of 36
[e4/123684] process > NFCORE_SMRNASEQ:SMRNASEQ:GE... [  0%] 0 of 20
[-        ] process > NFCORE_SMRNASEQ:SMRNASEQ:GE... -
[-        ] process > NFCORE_SMRNASEQ:SMRNASEQ:GE... -
[-        ] process > NFCORE_SMRNASEQ:SMRNASEQ:GE... -
[-        ] process > NFCORE_SMRNASEQ:SMRNASEQ:GE... -
[-        ] process > NFCORE_SMRNASEQ:SMRNASEQ:GE... -
[-        ] process > NFCORE_SMRNASEQ:SMRNASEQ:GE... -
[-        ] process > NFCORE_SMRNASEQ:SMRNASEQ:GE... -

executor >  slurm (202)
[42/5df762] process > NFCORE_SMRNASEQ:SMRNASEQ:IN... [100%] 1 of 1 ✔
[-        ] process > NFCORE_SMRNASEQ:SMRNASEQ:CA... -
[f6/dbdb26] process > NFCORE_SMRNASEQ:SMRNASEQ:FA... [100%] 36 of 36 ✔
[8d/39736e] process > NFCORE_SMRNASEQ:SMRNASEQ:FA... [100%] 36 of 36 ✔
[c5/115197] process > NFCORE_SMRNASEQ:SMRNASEQ:FA... [ 63%] 23 of 36
[32/62a652] process > NFCORE_SMRNASEQ:SMRNASEQ:MI... [ 52%] 19 of 36
[dc/eb752f] process > NFCORE_SMRNASEQ:SMRNASEQ:GE... [100%] 1 of 1 ✔
[4c/988ef8] process > NFCORE_SMRNASEQ:SMRNASEQ:GE... [ 58%] 21 of 36
[e4/123684] process > NFCORE_SMRNASEQ:SMRNASEQ:GE... [  0%] 0 of 20
[-        ] process > NFCORE_SMRNASEQ:SMRNASEQ:GE... -
[-        ] process > NFCORE_SMRNASEQ:SMRNASEQ:GE... -
[-        ] process > NFCORE_SMRNASEQ:SMRNASEQ:GE... -
[-        ] process > NFCORE_SMRNASEQ:SMRNASEQ:GE... -
[-        ] process > NFCORE_SMRNASEQ:SMRNASEQ:GE... -
[-        ] process > NFCORE_SMRNASEQ:SMRNASEQ:GE... -
[-        ] process > NFCORE_SMRNASEQ:SMRNASEQ:GE... -

executor >  slurm (203)
[42/5df762] process > NFCORE_SMRNASEQ:SMRNASEQ:IN... [100%] 1 of 1 ✔
[-        ] process > NFCORE_SMRNASEQ:SMRNASEQ:CA... -
[f6/dbdb26] process > NFCORE_SMRNASEQ:SMRNASEQ:FA... [100%] 36 of 36 ✔
[8d/39736e] process > NFCORE_SMRNASEQ:SMRNASEQ:FA... [100%] 36 of 36 ✔
[c5/115197] process > NFCORE_SMRNASEQ:SMRNASEQ:FA... [ 63%] 23 of 36
[32/62a652] process > NFCORE_SMRNASEQ:SMRNASEQ:MI... [ 52%] 19 of 36
[dc/eb752f] process > NFCORE_SMRNASEQ:SMRNASEQ:GE... [100%] 1 of 1 ✔
[4c/988ef8] process > NFCORE_SMRNASEQ:SMRNASEQ:GE... [ 58%] 21 of 36
[1b/41e8c6] process > NFCORE_SMRNASEQ:SMRNASEQ:GE... [  0%] 0 of 21
[-        ] process > NFCORE_SMRNASEQ:SMRNASEQ:GE... -
[-        ] process > NFCORE_SMRNASEQ:SMRNASEQ:GE... -
[-        ] process > NFCORE_SMRNASEQ:SMRNASEQ:GE... -
[-        ] process > NFCORE_SMRNASEQ:SMRNASEQ:GE... -
[-        ] process > NFCORE_SMRNASEQ:SMRNASEQ:GE... -
[-        ] process > NFCORE_SMRNASEQ:SMRNASEQ:GE... -
[-        ] process > NFCORE_SMRNASEQ:SMRNASEQ:GE... -

executor >  slurm (203)
[42/5df762] process > NFCORE_SMRNASEQ:SMRNASEQ:IN... [100%] 1 of 1 ✔
[-        ] process > NFCORE_SMRNASEQ:SMRNASEQ:CA... -
[f6/dbdb26] process > NFCORE_SMRNASEQ:SMRNASEQ:FA... [100%] 36 of 36 ✔
[8d/39736e] process > NFCORE_SMRNASEQ:SMRNASEQ:FA... [100%] 36 of 36 ✔
[c5/115197] process > NFCORE_SMRNASEQ:SMRNASEQ:FA... [ 63%] 23 of 36
[b3/7d3e81] process > NFCORE_SMRNASEQ:SMRNASEQ:MI... [ 55%] 20 of 36
[dc/eb752f] process > NFCORE_SMRNASEQ:SMRNASEQ:GE... [100%] 1 of 1 ✔
[4c/988ef8] process > NFCORE_SMRNASEQ:SMRNASEQ:GE... [ 58%] 21 of 36
[1b/41e8c6] process > NFCORE_SMRNASEQ:SMRNASEQ:GE... [  0%] 0 of 21
[-        ] process > NFCORE_SMRNASEQ:SMRNASEQ:GE... -
[-        ] process > NFCORE_SMRNASEQ:SMRNASEQ:GE... -
[-        ] process > NFCORE_SMRNASEQ:SMRNASEQ:GE... -
[-        ] process > NFCORE_SMRNASEQ:SMRNASEQ:GE... -
[-        ] process > NFCORE_SMRNASEQ:SMRNASEQ:GE... -
[-        ] process > NFCORE_SMRNASEQ:SMRNASEQ:GE... -
[-        ] process > NFCORE_SMRNASEQ:SMRNASEQ:GE... -

executor >  slurm (203)
[42/5df762] process > NFCORE_SMRNASEQ:SMRNASEQ:IN... [100%] 1 of 1 ✔
[-        ] process > NFCORE_SMRNASEQ:SMRNASEQ:CA... -
[f6/dbdb26] process > NFCORE_SMRNASEQ:SMRNASEQ:FA... [100%] 36 of 36 ✔
[8d/39736e] process > NFCORE_SMRNASEQ:SMRNASEQ:FA... [100%] 36 of 36 ✔
[c5/115197] process > NFCORE_SMRNASEQ:SMRNASEQ:FA... [ 63%] 23 of 36
[83/b8e5be] process > NFCORE_SMRNASEQ:SMRNASEQ:MI... [ 58%] 21 of 36
[dc/eb752f] process > NFCORE_SMRNASEQ:SMRNASEQ:GE... [100%] 1 of 1 ✔
[3e/294e4d] process > NFCORE_SMRNASEQ:SMRNASEQ:GE... [ 61%] 22 of 36
[1b/41e8c6] process > NFCORE_SMRNASEQ:SMRNASEQ:GE... [  0%] 0 of 22
[-        ] process > NFCORE_SMRNASEQ:SMRNASEQ:GE... -
[-        ] process > NFCORE_SMRNASEQ:SMRNASEQ:GE... -
[-        ] process > NFCORE_SMRNASEQ:SMRNASEQ:GE... -
[-        ] process > NFCORE_SMRNASEQ:SMRNASEQ:GE... -
[-        ] process > NFCORE_SMRNASEQ:SMRNASEQ:GE... -
[-        ] process > NFCORE_SMRNASEQ:SMRNASEQ:GE... -
[-        ] process > NFCORE_SMRNASEQ:SMRNASEQ:GE... -

executor >  slurm (205)
[42/5df762] process > NFCORE_SMRNASEQ:SMRNASEQ:IN... [100%] 1 of 1 ✔
[-        ] process > NFCORE_SMRNASEQ:SMRNASEQ:CA... -
[f6/dbdb26] process > NFCORE_SMRNASEQ:SMRNASEQ:FA... [100%] 36 of 36 ✔
[8d/39736e] process > NFCORE_SMRNASEQ:SMRNASEQ:FA... [100%] 36 of 36 ✔
[c5/115197] process > NFCORE_SMRNASEQ:SMRNASEQ:FA... [ 63%] 23 of 36
[59/baf34f] process > NFCORE_SMRNASEQ:SMRNASEQ:MI... [ 61%] 22 of 36
[dc/eb752f] process > NFCORE_SMRNASEQ:SMRNASEQ:GE... [100%] 1 of 1 ✔
[b0/5972b3] process > NFCORE_SMRNASEQ:SMRNASEQ:GE... [ 63%] 23 of 36
[85/a6895c] process > NFCORE_SMRNASEQ:SMRNASEQ:GE... [  0%] 0 of 23
[-        ] process > NFCORE_SMRNASEQ:SMRNASEQ:GE... -
[-        ] process > NFCORE_SMRNASEQ:SMRNASEQ:GE... -
[-        ] process > NFCORE_SMRNASEQ:SMRNASEQ:GE... -
[-        ] process > NFCORE_SMRNASEQ:SMRNASEQ:GE... -
[-        ] process > NFCORE_SMRNASEQ:SMRNASEQ:GE... -
[-        ] process > NFCORE_SMRNASEQ:SMRNASEQ:GE... -
[-        ] process > NFCORE_SMRNASEQ:SMRNASEQ:GE... -

executor >  slurm (205)
[42/5df762] process > NFCORE_SMRNASEQ:SMRNASEQ:IN... [100%] 1 of 1 ✔
[-        ] process > NFCORE_SMRNASEQ:SMRNASEQ:CA... -
[f6/dbdb26] process > NFCORE_SMRNASEQ:SMRNASEQ:FA... [100%] 36 of 36 ✔
[8d/39736e] process > NFCORE_SMRNASEQ:SMRNASEQ:FA... [100%] 36 of 36 ✔
[c5/115197] process > NFCORE_SMRNASEQ:SMRNASEQ:FA... [ 63%] 23 of 36
[59/baf34f] process > NFCORE_SMRNASEQ:SMRNASEQ:MI... [ 61%] 22 of 36
[dc/eb752f] process > NFCORE_SMRNASEQ:SMRNASEQ:GE... [100%] 1 of 1 ✔
[b0/5972b3] process > NFCORE_SMRNASEQ:SMRNASEQ:GE... [ 63%] 23 of 36
[85/a6895c] process > NFCORE_SMRNASEQ:SMRNASEQ:GE... [  0%] 0 of 23
[-        ] process > NFCORE_SMRNASEQ:SMRNASEQ:GE... -
[-        ] process > NFCORE_SMRNASEQ:SMRNASEQ:GE... -
[-        ] process > NFCORE_SMRNASEQ:SMRNASEQ:GE... -
[-        ] process > NFCORE_SMRNASEQ:SMRNASEQ:GE... -
[-        ] process > NFCORE_SMRNASEQ:SMRNASEQ:GE... -
[-        ] process > NFCORE_SMRNASEQ:SMRNASEQ:GE... -
[-        ] process > NFCORE_SMRNASEQ:SMRNASEQ:GE... -

executor >  slurm (205)
[42/5df762] process > NFCORE_SMRNASEQ:SMRNASEQ:IN... [100%] 1 of 1 ✔
[-        ] process > NFCORE_SMRNASEQ:SMRNASEQ:CA... -
[f6/dbdb26] process > NFCORE_SMRNASEQ:SMRNASEQ:FA... [100%] 36 of 36 ✔
[8d/39736e] process > NFCORE_SMRNASEQ:SMRNASEQ:FA... [100%] 36 of 36 ✔
[c5/115197] process > NFCORE_SMRNASEQ:SMRNASEQ:FA... [ 63%] 23 of 36
[23/8de1b9] process > NFCORE_SMRNASEQ:SMRNASEQ:MI... [ 63%] 23 of 36
[dc/eb752f] process > NFCORE_SMRNASEQ:SMRNASEQ:GE... [100%] 1 of 1 ✔
[b0/5972b3] process > NFCORE_SMRNASEQ:SMRNASEQ:GE... [ 63%] 23 of 36
[85/a6895c] process > NFCORE_SMRNASEQ:SMRNASEQ:GE... [  0%] 0 of 23
[-        ] process > NFCORE_SMRNASEQ:SMRNASEQ:GE... -
[-        ] process > NFCORE_SMRNASEQ:SMRNASEQ:GE... -
[-        ] process > NFCORE_SMRNASEQ:SMRNASEQ:GE... -
[-        ] process > NFCORE_SMRNASEQ:SMRNASEQ:GE... -
[-        ] process > NFCORE_SMRNASEQ:SMRNASEQ:GE... -
[-        ] process > NFCORE_SMRNASEQ:SMRNASEQ:GE... -
[-        ] process > NFCORE_SMRNASEQ:SMRNASEQ:GE... -

executor >  slurm (205)
[42/5df762] process > NFCORE_SMRNASEQ:SMRNASEQ:IN... [100%] 1 of 1 ✔
[-        ] process > NFCORE_SMRNASEQ:SMRNASEQ:CA... -
[f6/dbdb26] process > NFCORE_SMRNASEQ:SMRNASEQ:FA... [100%] 36 of 36 ✔
[8d/39736e] process > NFCORE_SMRNASEQ:SMRNASEQ:FA... [100%] 36 of 36 ✔
[c5/115197] process > NFCORE_SMRNASEQ:SMRNASEQ:FA... [ 63%] 23 of 36
[23/8de1b9] process > NFCORE_SMRNASEQ:SMRNASEQ:MI... [ 63%] 23 of 36
[dc/eb752f] process > NFCORE_SMRNASEQ:SMRNASEQ:GE... [100%] 1 of 1 ✔
[b0/5972b3] process > NFCORE_SMRNASEQ:SMRNASEQ:GE... [ 63%] 23 of 36
[85/a6895c] process > NFCORE_SMRNASEQ:SMRNASEQ:GE... [  0%] 0 of 23
[-        ] process > NFCORE_SMRNASEQ:SMRNASEQ:GE... -
[-        ] process > NFCORE_SMRNASEQ:SMRNASEQ:GE... -
[-        ] process > NFCORE_SMRNASEQ:SMRNASEQ:GE... -
[-        ] process > NFCORE_SMRNASEQ:SMRNASEQ:GE... -
[-        ] process > NFCORE_SMRNASEQ:SMRNASEQ:GE... -
[-        ] process > NFCORE_SMRNASEQ:SMRNASEQ:GE... -
[-        ] process > NFCORE_SMRNASEQ:SMRNASEQ:GE... -

executor >  slurm (205)
[42/5df762] process > NFCORE_SMRNASEQ:SMRNASEQ:IN... [100%] 1 of 1 ✔
[-        ] process > NFCORE_SMRNASEQ:SMRNASEQ:CA... -
[f6/dbdb26] process > NFCORE_SMRNASEQ:SMRNASEQ:FA... [100%] 36 of 36 ✔
[8d/39736e] process > NFCORE_SMRNASEQ:SMRNASEQ:FA... [100%] 36 of 36 ✔
[5a/74cbe1] process > NFCORE_SMRNASEQ:SMRNASEQ:FA... [ 72%] 26 of 36
[2a/673b1b] process > NFCORE_SMRNASEQ:SMRNASEQ:MI... [ 66%] 24 of 36
[dc/eb752f] process > NFCORE_SMRNASEQ:SMRNASEQ:GE... [100%] 1 of 1 ✔
[59/9061d9] process > NFCORE_SMRNASEQ:SMRNASEQ:GE... [ 66%] 24 of 36
[85/a6895c] process > NFCORE_SMRNASEQ:SMRNASEQ:GE... [  0%] 0 of 24
[-        ] process > NFCORE_SMRNASEQ:SMRNASEQ:GE... -
[-        ] process > NFCORE_SMRNASEQ:SMRNASEQ:GE... -
[-        ] process > NFCORE_SMRNASEQ:SMRNASEQ:GE... -
[-        ] process > NFCORE_SMRNASEQ:SMRNASEQ:GE... -
[-        ] process > NFCORE_SMRNASEQ:SMRNASEQ:GE... -
[-        ] process > NFCORE_SMRNASEQ:SMRNASEQ:GE... -
[-        ] process > NFCORE_SMRNASEQ:SMRNASEQ:GE... -

executor >  slurm (207)
[42/5df762] process > NFCORE_SMRNASEQ:SMRNASEQ:IN... [100%] 1 of 1 ✔
[-        ] process > NFCORE_SMRNASEQ:SMRNASEQ:CA... -
[f6/dbdb26] process > NFCORE_SMRNASEQ:SMRNASEQ:FA... [100%] 36 of 36 ✔
[8d/39736e] process > NFCORE_SMRNASEQ:SMRNASEQ:FA... [100%] 36 of 36 ✔
[61/06aa7f] process > NFCORE_SMRNASEQ:SMRNASEQ:FA... [ 75%] 27 of 36
[53/9ceb4b] process > NFCORE_SMRNASEQ:SMRNASEQ:MI... [ 69%] 25 of 36
[dc/eb752f] process > NFCORE_SMRNASEQ:SMRNASEQ:GE... [100%] 1 of 1 ✔
[fb/e35dfc] process > NFCORE_SMRNASEQ:SMRNASEQ:GE... [ 69%] 25 of 36
[45/2842c8] process > NFCORE_SMRNASEQ:SMRNASEQ:GE... [  0%] 0 of 25
[-        ] process > NFCORE_SMRNASEQ:SMRNASEQ:GE... -
[-        ] process > NFCORE_SMRNASEQ:SMRNASEQ:GE... -
[-        ] process > NFCORE_SMRNASEQ:SMRNASEQ:GE... -
[-        ] process > NFCORE_SMRNASEQ:SMRNASEQ:GE... -
[-        ] process > NFCORE_SMRNASEQ:SMRNASEQ:GE... -
[-        ] process > NFCORE_SMRNASEQ:SMRNASEQ:GE... -
[-        ] process > NFCORE_SMRNASEQ:SMRNASEQ:GE... -

executor >  slurm (208)
[42/5df762] process > NFCORE_SMRNASEQ:SMRNASEQ:IN... [100%] 1 of 1 ✔
[-        ] process > NFCORE_SMRNASEQ:SMRNASEQ:CA... -
[f6/dbdb26] process > NFCORE_SMRNASEQ:SMRNASEQ:FA... [100%] 36 of 36 ✔
[8d/39736e] process > NFCORE_SMRNASEQ:SMRNASEQ:FA... [100%] 36 of 36 ✔
[61/06aa7f] process > NFCORE_SMRNASEQ:SMRNASEQ:FA... [ 75%] 27 of 36
[53/9ceb4b] process > NFCORE_SMRNASEQ:SMRNASEQ:MI... [ 69%] 25 of 36
[dc/eb752f] process > NFCORE_SMRNASEQ:SMRNASEQ:GE... [100%] 1 of 1 ✔
[6c/2a7fc5] process > NFCORE_SMRNASEQ:SMRNASEQ:GE... [ 72%] 26 of 36
[27/857b9c] process > NFCORE_SMRNASEQ:SMRNASEQ:GE... [  0%] 0 of 26
[-        ] process > NFCORE_SMRNASEQ:SMRNASEQ:GE... -
[-        ] process > NFCORE_SMRNASEQ:SMRNASEQ:GE... -
[-        ] process > NFCORE_SMRNASEQ:SMRNASEQ:GE... -
[-        ] process > NFCORE_SMRNASEQ:SMRNASEQ:GE... -
[-        ] process > NFCORE_SMRNASEQ:SMRNASEQ:GE... -
[-        ] process > NFCORE_SMRNASEQ:SMRNASEQ:GE... -
[-        ] process > NFCORE_SMRNASEQ:SMRNASEQ:GE... -

executor >  slurm (208)
[42/5df762] process > NFCORE_SMRNASEQ:SMRNASEQ:IN... [100%] 1 of 1 ✔
[-        ] process > NFCORE_SMRNASEQ:SMRNASEQ:CA... -
[f6/dbdb26] process > NFCORE_SMRNASEQ:SMRNASEQ:FA... [100%] 36 of 36 ✔
[8d/39736e] process > NFCORE_SMRNASEQ:SMRNASEQ:FA... [100%] 36 of 36 ✔
[61/06aa7f] process > NFCORE_SMRNASEQ:SMRNASEQ:FA... [ 75%] 27 of 36
[53/9ceb4b] process > NFCORE_SMRNASEQ:SMRNASEQ:MI... [ 69%] 25 of 36
[dc/eb752f] process > NFCORE_SMRNASEQ:SMRNASEQ:GE... [100%] 1 of 1 ✔
[6c/2a7fc5] process > NFCORE_SMRNASEQ:SMRNASEQ:GE... [ 72%] 26 of 36
[27/857b9c] process > NFCORE_SMRNASEQ:SMRNASEQ:GE... [  0%] 0 of 26
[-        ] process > NFCORE_SMRNASEQ:SMRNASEQ:GE... -
[-        ] process > NFCORE_SMRNASEQ:SMRNASEQ:GE... -
[-        ] process > NFCORE_SMRNASEQ:SMRNASEQ:GE... -
[-        ] process > NFCORE_SMRNASEQ:SMRNASEQ:GE... -
[-        ] process > NFCORE_SMRNASEQ:SMRNASEQ:GE... -
[-        ] process > NFCORE_SMRNASEQ:SMRNASEQ:GE... -
[-        ] process > NFCORE_SMRNASEQ:SMRNASEQ:GE... -

executor >  slurm (209)
[42/5df762] process > NFCORE_SMRNASEQ:SMRNASEQ:IN... [100%] 1 of 1 ✔
[-        ] process > NFCORE_SMRNASEQ:SMRNASEQ:CA... -
[f6/dbdb26] process > NFCORE_SMRNASEQ:SMRNASEQ:FA... [100%] 36 of 36 ✔
[8d/39736e] process > NFCORE_SMRNASEQ:SMRNASEQ:FA... [100%] 36 of 36 ✔
[61/06aa7f] process > NFCORE_SMRNASEQ:SMRNASEQ:FA... [ 75%] 27 of 36
[6a/1a6052] process > NFCORE_SMRNASEQ:SMRNASEQ:MI... [ 75%] 27 of 36
[dc/eb752f] process > NFCORE_SMRNASEQ:SMRNASEQ:GE... [100%] 1 of 1 ✔
[7a/215fdb] process > NFCORE_SMRNASEQ:SMRNASEQ:GE... [ 75%] 27 of 36
[f7/c16ae1] process > NFCORE_SMRNASEQ:SMRNASEQ:GE... [  0%] 0 of 27
[-        ] process > NFCORE_SMRNASEQ:SMRNASEQ:GE... -
[-        ] process > NFCORE_SMRNASEQ:SMRNASEQ:GE... -
[-        ] process > NFCORE_SMRNASEQ:SMRNASEQ:GE... -
[-        ] process > NFCORE_SMRNASEQ:SMRNASEQ:GE... -
[-        ] process > NFCORE_SMRNASEQ:SMRNASEQ:GE... -
[-        ] process > NFCORE_SMRNASEQ:SMRNASEQ:GE... -
[-        ] process > NFCORE_SMRNASEQ:SMRNASEQ:GE... -

executor >  slurm (209)
[42/5df762] process > NFCORE_SMRNASEQ:SMRNASEQ:IN... [100%] 1 of 1 ✔
[-        ] process > NFCORE_SMRNASEQ:SMRNASEQ:CA... -
[f6/dbdb26] process > NFCORE_SMRNASEQ:SMRNASEQ:FA... [100%] 36 of 36 ✔
[8d/39736e] process > NFCORE_SMRNASEQ:SMRNASEQ:FA... [100%] 36 of 36 ✔
[61/06aa7f] process > NFCORE_SMRNASEQ:SMRNASEQ:FA... [ 75%] 27 of 36
[6a/1a6052] process > NFCORE_SMRNASEQ:SMRNASEQ:MI... [ 75%] 27 of 36
[dc/eb752f] process > NFCORE_SMRNASEQ:SMRNASEQ:GE... [100%] 1 of 1 ✔
[7a/215fdb] process > NFCORE_SMRNASEQ:SMRNASEQ:GE... [ 75%] 27 of 36
[f7/c16ae1] process > NFCORE_SMRNASEQ:SMRNASEQ:GE... [  0%] 0 of 27
[-        ] process > NFCORE_SMRNASEQ:SMRNASEQ:GE... -
[-        ] process > NFCORE_SMRNASEQ:SMRNASEQ:GE... -
[-        ] process > NFCORE_SMRNASEQ:SMRNASEQ:GE... -
[-        ] process > NFCORE_SMRNASEQ:SMRNASEQ:GE... -
[-        ] process > NFCORE_SMRNASEQ:SMRNASEQ:GE... -
[-        ] process > NFCORE_SMRNASEQ:SMRNASEQ:GE... -
[-        ] process > NFCORE_SMRNASEQ:SMRNASEQ:GE... -

executor >  slurm (209)
[42/5df762] process > NFCORE_SMRNASEQ:SMRNASEQ:IN... [100%] 1 of 1 ✔
[-        ] process > NFCORE_SMRNASEQ:SMRNASEQ:CA... -
[f6/dbdb26] process > NFCORE_SMRNASEQ:SMRNASEQ:FA... [100%] 36 of 36 ✔
[8d/39736e] process > NFCORE_SMRNASEQ:SMRNASEQ:FA... [100%] 36 of 36 ✔
[bc/441c1e] process > NFCORE_SMRNASEQ:SMRNASEQ:FA... [ 77%] 28 of 36
[6a/1a6052] process > NFCORE_SMRNASEQ:SMRNASEQ:MI... [ 75%] 27 of 36
[dc/eb752f] process > NFCORE_SMRNASEQ:SMRNASEQ:GE... [100%] 1 of 1 ✔
[7a/215fdb] process > NFCORE_SMRNASEQ:SMRNASEQ:GE... [ 75%] 27 of 36
[f7/c16ae1] process > NFCORE_SMRNASEQ:SMRNASEQ:GE... [  0%] 0 of 27
[-        ] process > NFCORE_SMRNASEQ:SMRNASEQ:GE... -
[-        ] process > NFCORE_SMRNASEQ:SMRNASEQ:GE... -
[-        ] process > NFCORE_SMRNASEQ:SMRNASEQ:GE... -
[-        ] process > NFCORE_SMRNASEQ:SMRNASEQ:GE... -
[-        ] process > NFCORE_SMRNASEQ:SMRNASEQ:GE... -
[-        ] process > NFCORE_SMRNASEQ:SMRNASEQ:GE... -
[-        ] process > NFCORE_SMRNASEQ:SMRNASEQ:GE... -

executor >  slurm (209)
[42/5df762] process > NFCORE_SMRNASEQ:SMRNASEQ:IN... [100%] 1 of 1 ✔
[-        ] process > NFCORE_SMRNASEQ:SMRNASEQ:CA... -
[f6/dbdb26] process > NFCORE_SMRNASEQ:SMRNASEQ:FA... [100%] 36 of 36 ✔
[8d/39736e] process > NFCORE_SMRNASEQ:SMRNASEQ:FA... [100%] 36 of 36 ✔
[bc/441c1e] process > NFCORE_SMRNASEQ:SMRNASEQ:FA... [ 77%] 28 of 36
[6a/1a6052] process > NFCORE_SMRNASEQ:SMRNASEQ:MI... [ 75%] 27 of 36
[dc/eb752f] process > NFCORE_SMRNASEQ:SMRNASEQ:GE... [100%] 1 of 1 ✔
[7a/215fdb] process > NFCORE_SMRNASEQ:SMRNASEQ:GE... [ 75%] 27 of 36
[f7/c16ae1] process > NFCORE_SMRNASEQ:SMRNASEQ:GE... [  0%] 0 of 27
[-        ] process > NFCORE_SMRNASEQ:SMRNASEQ:GE... -
[-        ] process > NFCORE_SMRNASEQ:SMRNASEQ:GE... -
[-        ] process > NFCORE_SMRNASEQ:SMRNASEQ:GE... -
[-        ] process > NFCORE_SMRNASEQ:SMRNASEQ:GE... -
[-        ] process > NFCORE_SMRNASEQ:SMRNASEQ:GE... -
[-        ] process > NFCORE_SMRNASEQ:SMRNASEQ:GE... -
[-        ] process > NFCORE_SMRNASEQ:SMRNASEQ:GE... -

executor >  slurm (209)
[42/5df762] process > NFCORE_SMRNASEQ:SMRNASEQ:IN... [100%] 1 of 1 ✔
[-        ] process > NFCORE_SMRNASEQ:SMRNASEQ:CA... -
[f6/dbdb26] process > NFCORE_SMRNASEQ:SMRNASEQ:FA... [100%] 36 of 36 ✔
[8d/39736e] process > NFCORE_SMRNASEQ:SMRNASEQ:FA... [100%] 36 of 36 ✔
[bc/441c1e] process > NFCORE_SMRNASEQ:SMRNASEQ:FA... [ 77%] 28 of 36
[6a/1a6052] process > NFCORE_SMRNASEQ:SMRNASEQ:MI... [ 75%] 27 of 36
[dc/eb752f] process > NFCORE_SMRNASEQ:SMRNASEQ:GE... [100%] 1 of 1 ✔
[7a/215fdb] process > NFCORE_SMRNASEQ:SMRNASEQ:GE... [ 75%] 27 of 36
[f7/c16ae1] process > NFCORE_SMRNASEQ:SMRNASEQ:GE... [  0%] 0 of 27
[-        ] process > NFCORE_SMRNASEQ:SMRNASEQ:GE... -
[-        ] process > NFCORE_SMRNASEQ:SMRNASEQ:GE... -
[-        ] process > NFCORE_SMRNASEQ:SMRNASEQ:GE... -
[-        ] process > NFCORE_SMRNASEQ:SMRNASEQ:GE... -
[-        ] process > NFCORE_SMRNASEQ:SMRNASEQ:GE... -
[-        ] process > NFCORE_SMRNASEQ:SMRNASEQ:GE... -
[-        ] process > NFCORE_SMRNASEQ:SMRNASEQ:GE... -

executor >  slurm (209)
[42/5df762] process > NFCORE_SMRNASEQ:SMRNASEQ:IN... [100%] 1 of 1 ✔
[-        ] process > NFCORE_SMRNASEQ:SMRNASEQ:CA... -
[f6/dbdb26] process > NFCORE_SMRNASEQ:SMRNASEQ:FA... [100%] 36 of 36 ✔
[8d/39736e] process > NFCORE_SMRNASEQ:SMRNASEQ:FA... [100%] 36 of 36 ✔
[72/538f89] process > NFCORE_SMRNASEQ:SMRNASEQ:FA... [ 83%] 30 of 36
[6a/1a6052] process > NFCORE_SMRNASEQ:SMRNASEQ:MI... [ 75%] 27 of 36
[dc/eb752f] process > NFCORE_SMRNASEQ:SMRNASEQ:GE... [100%] 1 of 1 ✔
[a3/2e142a] process > NFCORE_SMRNASEQ:SMRNASEQ:GE... [ 77%] 28 of 36
[f7/c16ae1] process > NFCORE_SMRNASEQ:SMRNASEQ:GE... [  0%] 0 of 28
[-        ] process > NFCORE_SMRNASEQ:SMRNASEQ:GE... -
[-        ] process > NFCORE_SMRNASEQ:SMRNASEQ:GE... -
[-        ] process > NFCORE_SMRNASEQ:SMRNASEQ:GE... -
[-        ] process > NFCORE_SMRNASEQ:SMRNASEQ:GE... -
[-        ] process > NFCORE_SMRNASEQ:SMRNASEQ:GE... -
[-        ] process > NFCORE_SMRNASEQ:SMRNASEQ:GE... -
[-        ] process > NFCORE_SMRNASEQ:SMRNASEQ:GE... -

executor >  slurm (212)
[42/5df762] process > NFCORE_SMRNASEQ:SMRNASEQ:IN... [100%] 1 of 1 ✔
[-        ] process > NFCORE_SMRNASEQ:SMRNASEQ:CA... -
[f6/dbdb26] process > NFCORE_SMRNASEQ:SMRNASEQ:FA... [100%] 36 of 36 ✔
[8d/39736e] process > NFCORE_SMRNASEQ:SMRNASEQ:FA... [100%] 36 of 36 ✔
[e5/dd5bb1] process > NFCORE_SMRNASEQ:SMRNASEQ:FA... [ 86%] 31 of 36
[6a/1a6052] process > NFCORE_SMRNASEQ:SMRNASEQ:MI... [ 75%] 27 of 36
[dc/eb752f] process > NFCORE_SMRNASEQ:SMRNASEQ:GE... [100%] 1 of 1 ✔
[4e/024641] process > NFCORE_SMRNASEQ:SMRNASEQ:GE... [ 80%] 29 of 36
[e5/84d4e4] process > NFCORE_SMRNASEQ:SMRNASEQ:GE... [  0%] 0 of 30
[-        ] process > NFCORE_SMRNASEQ:SMRNASEQ:GE... -
[-        ] process > NFCORE_SMRNASEQ:SMRNASEQ:GE... -
[-        ] process > NFCORE_SMRNASEQ:SMRNASEQ:GE... -
[-        ] process > NFCORE_SMRNASEQ:SMRNASEQ:GE... -
[-        ] process > NFCORE_SMRNASEQ:SMRNASEQ:GE... -
[-        ] process > NFCORE_SMRNASEQ:SMRNASEQ:GE... -
[-        ] process > NFCORE_SMRNASEQ:SMRNASEQ:GE... -

executor >  slurm (212)
[42/5df762] process > NFCORE_SMRNASEQ:SMRNASEQ:IN... [100%] 1 of 1 ✔
[-        ] process > NFCORE_SMRNASEQ:SMRNASEQ:CA... -
[f6/dbdb26] process > NFCORE_SMRNASEQ:SMRNASEQ:FA... [100%] 36 of 36 ✔
[8d/39736e] process > NFCORE_SMRNASEQ:SMRNASEQ:FA... [100%] 36 of 36 ✔
[e5/dd5bb1] process > NFCORE_SMRNASEQ:SMRNASEQ:FA... [ 86%] 31 of 36
[6a/1a6052] process > NFCORE_SMRNASEQ:SMRNASEQ:MI... [ 75%] 27 of 36
[dc/eb752f] process > NFCORE_SMRNASEQ:SMRNASEQ:GE... [100%] 1 of 1 ✔
[ed/b508b1] process > NFCORE_SMRNASEQ:SMRNASEQ:GE... [ 83%] 30 of 36
[e5/84d4e4] process > NFCORE_SMRNASEQ:SMRNASEQ:GE... [  0%] 0 of 30
[-        ] process > NFCORE_SMRNASEQ:SMRNASEQ:GE... -
[-        ] process > NFCORE_SMRNASEQ:SMRNASEQ:GE... -
[-        ] process > NFCORE_SMRNASEQ:SMRNASEQ:GE... -
[-        ] process > NFCORE_SMRNASEQ:SMRNASEQ:GE... -
[-        ] process > NFCORE_SMRNASEQ:SMRNASEQ:GE... -
[-        ] process > NFCORE_SMRNASEQ:SMRNASEQ:GE... -
[-        ] process > NFCORE_SMRNASEQ:SMRNASEQ:GE... -

executor >  slurm (212)
[42/5df762] process > NFCORE_SMRNASEQ:SMRNASEQ:IN... [100%] 1 of 1 ✔
[-        ] process > NFCORE_SMRNASEQ:SMRNASEQ:CA... -
[f6/dbdb26] process > NFCORE_SMRNASEQ:SMRNASEQ:FA... [100%] 36 of 36 ✔
[8d/39736e] process > NFCORE_SMRNASEQ:SMRNASEQ:FA... [100%] 36 of 36 ✔
[e5/dd5bb1] process > NFCORE_SMRNASEQ:SMRNASEQ:FA... [ 86%] 31 of 36
[e4/074b3b] process > NFCORE_SMRNASEQ:SMRNASEQ:MI... [ 77%] 28 of 36
[dc/eb752f] process > NFCORE_SMRNASEQ:SMRNASEQ:GE... [100%] 1 of 1 ✔
[ed/b508b1] process > NFCORE_SMRNASEQ:SMRNASEQ:GE... [ 83%] 30 of 36
[e5/84d4e4] process > NFCORE_SMRNASEQ:SMRNASEQ:GE... [  0%] 0 of 30
[-        ] process > NFCORE_SMRNASEQ:SMRNASEQ:GE... -
[-        ] process > NFCORE_SMRNASEQ:SMRNASEQ:GE... -
[-        ] process > NFCORE_SMRNASEQ:SMRNASEQ:GE... -
[-        ] process > NFCORE_SMRNASEQ:SMRNASEQ:GE... -
[-        ] process > NFCORE_SMRNASEQ:SMRNASEQ:GE... -
[-        ] process > NFCORE_SMRNASEQ:SMRNASEQ:GE... -
[-        ] process > NFCORE_SMRNASEQ:SMRNASEQ:GE... -

executor >  slurm (212)
[42/5df762] process > NFCORE_SMRNASEQ:SMRNASEQ:IN... [100%] 1 of 1 ✔
[-        ] process > NFCORE_SMRNASEQ:SMRNASEQ:CA... -
[f6/dbdb26] process > NFCORE_SMRNASEQ:SMRNASEQ:FA... [100%] 36 of 36 ✔
[8d/39736e] process > NFCORE_SMRNASEQ:SMRNASEQ:FA... [100%] 36 of 36 ✔
[e5/dd5bb1] process > NFCORE_SMRNASEQ:SMRNASEQ:FA... [ 86%] 31 of 36
[8e/8eac8e] process > NFCORE_SMRNASEQ:SMRNASEQ:MI... [ 80%] 29 of 36
[dc/eb752f] process > NFCORE_SMRNASEQ:SMRNASEQ:GE... [100%] 1 of 1 ✔
[96/8829a3] process > NFCORE_SMRNASEQ:SMRNASEQ:GE... [ 86%] 31 of 36
[e5/84d4e4] process > NFCORE_SMRNASEQ:SMRNASEQ:GE... [  0%] 0 of 31
[-        ] process > NFCORE_SMRNASEQ:SMRNASEQ:GE... -
[-        ] process > NFCORE_SMRNASEQ:SMRNASEQ:GE... -
[-        ] process > NFCORE_SMRNASEQ:SMRNASEQ:GE... -
[-        ] process > NFCORE_SMRNASEQ:SMRNASEQ:GE... -
[-        ] process > NFCORE_SMRNASEQ:SMRNASEQ:GE... -
[-        ] process > NFCORE_SMRNASEQ:SMRNASEQ:GE... -
[-        ] process > NFCORE_SMRNASEQ:SMRNASEQ:GE... -

executor >  slurm (213)
[42/5df762] process > NFCORE_SMRNASEQ:SMRNASEQ:IN... [100%] 1 of 1 ✔
[-        ] process > NFCORE_SMRNASEQ:SMRNASEQ:CA... -
[f6/dbdb26] process > NFCORE_SMRNASEQ:SMRNASEQ:FA... [100%] 36 of 36 ✔
[8d/39736e] process > NFCORE_SMRNASEQ:SMRNASEQ:FA... [100%] 36 of 36 ✔
[e5/dd5bb1] process > NFCORE_SMRNASEQ:SMRNASEQ:FA... [ 86%] 31 of 36
[8e/8eac8e] process > NFCORE_SMRNASEQ:SMRNASEQ:MI... [ 80%] 29 of 36
[dc/eb752f] process > NFCORE_SMRNASEQ:SMRNASEQ:GE... [100%] 1 of 1 ✔
[96/8829a3] process > NFCORE_SMRNASEQ:SMRNASEQ:GE... [ 86%] 31 of 36
[d0/e9bdaf] process > NFCORE_SMRNASEQ:SMRNASEQ:GE... [  0%] 0 of 31
[-        ] process > NFCORE_SMRNASEQ:SMRNASEQ:GE... -
[-        ] process > NFCORE_SMRNASEQ:SMRNASEQ:GE... -
[-        ] process > NFCORE_SMRNASEQ:SMRNASEQ:GE... -
[-        ] process > NFCORE_SMRNASEQ:SMRNASEQ:GE... -
[-        ] process > NFCORE_SMRNASEQ:SMRNASEQ:GE... -
[-        ] process > NFCORE_SMRNASEQ:SMRNASEQ:GE... -
[-        ] process > NFCORE_SMRNASEQ:SMRNASEQ:GE... -

executor >  slurm (213)
[42/5df762] process > NFCORE_SMRNASEQ:SMRNASEQ:IN... [100%] 1 of 1 ✔
[-        ] process > NFCORE_SMRNASEQ:SMRNASEQ:CA... -
[f6/dbdb26] process > NFCORE_SMRNASEQ:SMRNASEQ:FA... [100%] 36 of 36 ✔
[8d/39736e] process > NFCORE_SMRNASEQ:SMRNASEQ:FA... [100%] 36 of 36 ✔
[e5/dd5bb1] process > NFCORE_SMRNASEQ:SMRNASEQ:FA... [ 86%] 31 of 36
[8e/8eac8e] process > NFCORE_SMRNASEQ:SMRNASEQ:MI... [ 80%] 29 of 36
[dc/eb752f] process > NFCORE_SMRNASEQ:SMRNASEQ:GE... [100%] 1 of 1 ✔
[96/8829a3] process > NFCORE_SMRNASEQ:SMRNASEQ:GE... [ 86%] 31 of 36
[d0/e9bdaf] process > NFCORE_SMRNASEQ:SMRNASEQ:GE... [  0%] 0 of 31
[-        ] process > NFCORE_SMRNASEQ:SMRNASEQ:GE... -
[-        ] process > NFCORE_SMRNASEQ:SMRNASEQ:GE... -
[-        ] process > NFCORE_SMRNASEQ:SMRNASEQ:GE... -
[-        ] process > NFCORE_SMRNASEQ:SMRNASEQ:GE... -
[-        ] process > NFCORE_SMRNASEQ:SMRNASEQ:GE... -
[-        ] process > NFCORE_SMRNASEQ:SMRNASEQ:GE... -
[-        ] process > NFCORE_SMRNASEQ:SMRNASEQ:GE... -

executor >  slurm (213)
[42/5df762] process > NFCORE_SMRNASEQ:SMRNASEQ:IN... [100%] 1 of 1 ✔
[-        ] process > NFCORE_SMRNASEQ:SMRNASEQ:CA... -
[f6/dbdb26] process > NFCORE_SMRNASEQ:SMRNASEQ:FA... [100%] 36 of 36 ✔
[8d/39736e] process > NFCORE_SMRNASEQ:SMRNASEQ:FA... [100%] 36 of 36 ✔
[be/622c45] process > NFCORE_SMRNASEQ:SMRNASEQ:FA... [ 88%] 32 of 36
[8e/8eac8e] process > NFCORE_SMRNASEQ:SMRNASEQ:MI... [ 80%] 29 of 36
[dc/eb752f] process > NFCORE_SMRNASEQ:SMRNASEQ:GE... [100%] 1 of 1 ✔
[96/8829a3] process > NFCORE_SMRNASEQ:SMRNASEQ:GE... [ 86%] 31 of 36
[d0/e9bdaf] process > NFCORE_SMRNASEQ:SMRNASEQ:GE... [  0%] 0 of 31
[-        ] process > NFCORE_SMRNASEQ:SMRNASEQ:GE... -
[-        ] process > NFCORE_SMRNASEQ:SMRNASEQ:GE... -
[-        ] process > NFCORE_SMRNASEQ:SMRNASEQ:GE... -
[-        ] process > NFCORE_SMRNASEQ:SMRNASEQ:GE... -
[-        ] process > NFCORE_SMRNASEQ:SMRNASEQ:GE... -
[-        ] process > NFCORE_SMRNASEQ:SMRNASEQ:GE... -
[-        ] process > NFCORE_SMRNASEQ:SMRNASEQ:GE... -

executor >  slurm (213)
[42/5df762] process > NFCORE_SMRNASEQ:SMRNASEQ:IN... [100%] 1 of 1 ✔
[-        ] process > NFCORE_SMRNASEQ:SMRNASEQ:CA... -
[f6/dbdb26] process > NFCORE_SMRNASEQ:SMRNASEQ:FA... [100%] 36 of 36 ✔
[8d/39736e] process > NFCORE_SMRNASEQ:SMRNASEQ:FA... [100%] 36 of 36 ✔
[be/622c45] process > NFCORE_SMRNASEQ:SMRNASEQ:FA... [ 88%] 32 of 36
[8e/8eac8e] process > NFCORE_SMRNASEQ:SMRNASEQ:MI... [ 80%] 29 of 36
[dc/eb752f] process > NFCORE_SMRNASEQ:SMRNASEQ:GE... [100%] 1 of 1 ✔
[96/8829a3] process > NFCORE_SMRNASEQ:SMRNASEQ:GE... [ 86%] 31 of 36
[d0/e9bdaf] process > NFCORE_SMRNASEQ:SMRNASEQ:GE... [  0%] 0 of 31
[-        ] process > NFCORE_SMRNASEQ:SMRNASEQ:GE... -
[-        ] process > NFCORE_SMRNASEQ:SMRNASEQ:GE... -
[-        ] process > NFCORE_SMRNASEQ:SMRNASEQ:GE... -
[-        ] process > NFCORE_SMRNASEQ:SMRNASEQ:GE... -
[-        ] process > NFCORE_SMRNASEQ:SMRNASEQ:GE... -
[-        ] process > NFCORE_SMRNASEQ:SMRNASEQ:GE... -
[-        ] process > NFCORE_SMRNASEQ:SMRNASEQ:GE... -

executor >  slurm (214)
[42/5df762] process > NFCORE_SMRNASEQ:SMRNASEQ:IN... [100%] 1 of 1 ✔
[-        ] process > NFCORE_SMRNASEQ:SMRNASEQ:CA... -
[f6/dbdb26] process > NFCORE_SMRNASEQ:SMRNASEQ:FA... [100%] 36 of 36 ✔
[8d/39736e] process > NFCORE_SMRNASEQ:SMRNASEQ:FA... [100%] 36 of 36 ✔
[be/622c45] process > NFCORE_SMRNASEQ:SMRNASEQ:FA... [ 88%] 32 of 36
[8e/8eac8e] process > NFCORE_SMRNASEQ:SMRNASEQ:MI... [ 80%] 29 of 36
[dc/eb752f] process > NFCORE_SMRNASEQ:SMRNASEQ:GE... [100%] 1 of 1 ✔
[5f/19d063] process > NFCORE_SMRNASEQ:SMRNASEQ:GE... [ 88%] 32 of 36
[98/79ec7e] process > NFCORE_SMRNASEQ:SMRNASEQ:GE... [  0%] 0 of 32
[-        ] process > NFCORE_SMRNASEQ:SMRNASEQ:GE... -
[-        ] process > NFCORE_SMRNASEQ:SMRNASEQ:GE... -
[-        ] process > NFCORE_SMRNASEQ:SMRNASEQ:GE... -
[-        ] process > NFCORE_SMRNASEQ:SMRNASEQ:GE... -
[-        ] process > NFCORE_SMRNASEQ:SMRNASEQ:GE... -
[-        ] process > NFCORE_SMRNASEQ:SMRNASEQ:GE... -
[-        ] process > NFCORE_SMRNASEQ:SMRNASEQ:GE... -

executor >  slurm (214)
[42/5df762] process > NFCORE_SMRNASEQ:SMRNASEQ:IN... [100%] 1 of 1 ✔
[-        ] process > NFCORE_SMRNASEQ:SMRNASEQ:CA... -
[f6/dbdb26] process > NFCORE_SMRNASEQ:SMRNASEQ:FA... [100%] 36 of 36 ✔
[8d/39736e] process > NFCORE_SMRNASEQ:SMRNASEQ:FA... [100%] 36 of 36 ✔
[be/622c45] process > NFCORE_SMRNASEQ:SMRNASEQ:FA... [ 88%] 32 of 36
[34/44ba12] process > NFCORE_SMRNASEQ:SMRNASEQ:MI... [ 83%] 30 of 36
[dc/eb752f] process > NFCORE_SMRNASEQ:SMRNASEQ:GE... [100%] 1 of 1 ✔
[5f/19d063] process > NFCORE_SMRNASEQ:SMRNASEQ:GE... [ 88%] 32 of 36
[98/79ec7e] process > NFCORE_SMRNASEQ:SMRNASEQ:GE... [  0%] 0 of 32
[-        ] process > NFCORE_SMRNASEQ:SMRNASEQ:GE... -
[-        ] process > NFCORE_SMRNASEQ:SMRNASEQ:GE... -
[-        ] process > NFCORE_SMRNASEQ:SMRNASEQ:GE... -
[-        ] process > NFCORE_SMRNASEQ:SMRNASEQ:GE... -
[-        ] process > NFCORE_SMRNASEQ:SMRNASEQ:GE... -
[-        ] process > NFCORE_SMRNASEQ:SMRNASEQ:GE... -
[-        ] process > NFCORE_SMRNASEQ:SMRNASEQ:GE... -

executor >  slurm (214)
[42/5df762] process > NFCORE_SMRNASEQ:SMRNASEQ:IN... [100%] 1 of 1 ✔
[-        ] process > NFCORE_SMRNASEQ:SMRNASEQ:CA... -
[f6/dbdb26] process > NFCORE_SMRNASEQ:SMRNASEQ:FA... [100%] 36 of 36 ✔
[8d/39736e] process > NFCORE_SMRNASEQ:SMRNASEQ:FA... [100%] 36 of 36 ✔
[be/622c45] process > NFCORE_SMRNASEQ:SMRNASEQ:FA... [ 88%] 32 of 36
[97/07591b] process > NFCORE_SMRNASEQ:SMRNASEQ:MI... [ 86%] 31 of 36
[dc/eb752f] process > NFCORE_SMRNASEQ:SMRNASEQ:GE... [100%] 1 of 1 ✔
[5f/19d063] process > NFCORE_SMRNASEQ:SMRNASEQ:GE... [ 88%] 32 of 36
[33/c70f59] process > NFCORE_SMRNASEQ:SMRNASEQ:GE... [  3%] 1 of 32
[-        ] process > NFCORE_SMRNASEQ:SMRNASEQ:GE... [  0%] 0 of 1
[-        ] process > NFCORE_SMRNASEQ:SMRNASEQ:GE... -
[-        ] process > NFCORE_SMRNASEQ:SMRNASEQ:GE... -
[-        ] process > NFCORE_SMRNASEQ:SMRNASEQ:GE... -
[-        ] process > NFCORE_SMRNASEQ:SMRNASEQ:GE... -
[-        ] process > NFCORE_SMRNASEQ:SMRNASEQ:GE... -
[-        ] process > NFCORE_SMRNASEQ:SMRNASEQ:GE... -
Pulling Singularity image https://depot.galaxyproject.org/singularity/subread:2.0.1--hed695b0_0 [cache /mnt/lts/nfs_fs02/bioinfo_core_jabsom/hanqiu/new_pipeline_test/work/singularity/depot.galaxyproject.org-singularity-subread-2.0.1--hed695b0_0.img]
WARN: Singularity cache directory has not been defined -- Remote image will be stored in the path: /mnt/lts/nfs_fs02/bioinfo_core_jabsom/hanqiu/new_pipeline_test/work/singularity -- Use env variable NXF_SINGULARITY_CACHEDIR to specify a different location

executor >  slurm (215)
[42/5df762] process > NFCORE_SMRNASEQ:SMRNASEQ:IN... [100%] 1 of 1 ✔
[-        ] process > NFCORE_SMRNASEQ:SMRNASEQ:CA... -
[f6/dbdb26] process > NFCORE_SMRNASEQ:SMRNASEQ:FA... [100%] 36 of 36 ✔
[8d/39736e] process > NFCORE_SMRNASEQ:SMRNASEQ:FA... [100%] 36 of 36 ✔
[be/622c45] process > NFCORE_SMRNASEQ:SMRNASEQ:FA... [ 88%] 32 of 36
[97/07591b] process > NFCORE_SMRNASEQ:SMRNASEQ:MI... [ 86%] 31 of 36
[dc/eb752f] process > NFCORE_SMRNASEQ:SMRNASEQ:GE... [100%] 1 of 1 ✔
[5f/19d063] process > NFCORE_SMRNASEQ:SMRNASEQ:GE... [ 88%] 32 of 36
[33/c70f59] process > NFCORE_SMRNASEQ:SMRNASEQ:GE... [  3%] 1 of 32
[98/6c42f9] process > NFCORE_SMRNASEQ:SMRNASEQ:GE... [  0%] 0 of 1
[-        ] process > NFCORE_SMRNASEQ:SMRNASEQ:GE... -
[-        ] process > NFCORE_SMRNASEQ:SMRNASEQ:GE... -
[-        ] process > NFCORE_SMRNASEQ:SMRNASEQ:GE... -
[-        ] process > NFCORE_SMRNASEQ:SMRNASEQ:GE... -
[-        ] process > NFCORE_SMRNASEQ:SMRNASEQ:GE... -
[-        ] process > NFCORE_SMRNASEQ:SMRNASEQ:GE... -
Pulling Singularity image https://depot.galaxyproject.org/singularity/subread:2.0.1--hed695b0_0 [cache /mnt/lts/nfs_fs02/bioinfo_core_jabsom/hanqiu/new_pipeline_test/work/singularity/depot.galaxyproject.org-singularity-subread-2.0.1--hed695b0_0.img]
WARN: Singularity cache directory has not been defined -- Remote image will be stored in the path: /mnt/lts/nfs_fs02/bioinfo_core_jabsom/hanqiu/new_pipeline_test/work/singularity -- Use env variable NXF_SINGULARITY_CACHEDIR to specify a different location

executor >  slurm (215)
[42/5df762] process > NFCORE_SMRNASEQ:SMRNASEQ:IN... [100%] 1 of 1 ✔
[-        ] process > NFCORE_SMRNASEQ:SMRNASEQ:CA... -
[f6/dbdb26] process > NFCORE_SMRNASEQ:SMRNASEQ:FA... [100%] 36 of 36 ✔
[8d/39736e] process > NFCORE_SMRNASEQ:SMRNASEQ:FA... [100%] 36 of 36 ✔
[be/622c45] process > NFCORE_SMRNASEQ:SMRNASEQ:FA... [ 88%] 32 of 36
[97/07591b] process > NFCORE_SMRNASEQ:SMRNASEQ:MI... [ 86%] 31 of 36
[dc/eb752f] process > NFCORE_SMRNASEQ:SMRNASEQ:GE... [100%] 1 of 1 ✔
[5f/19d063] process > NFCORE_SMRNASEQ:SMRNASEQ:GE... [ 88%] 32 of 36
[33/c70f59] process > NFCORE_SMRNASEQ:SMRNASEQ:GE... [  3%] 1 of 32
[98/6c42f9] process > NFCORE_SMRNASEQ:SMRNASEQ:GE... [  0%] 0 of 1
[-        ] process > NFCORE_SMRNASEQ:SMRNASEQ:GE... -
[-        ] process > NFCORE_SMRNASEQ:SMRNASEQ:GE... -
[-        ] process > NFCORE_SMRNASEQ:SMRNASEQ:GE... -
[-        ] process > NFCORE_SMRNASEQ:SMRNASEQ:GE... -
[-        ] process > NFCORE_SMRNASEQ:SMRNASEQ:GE... -
[-        ] process > NFCORE_SMRNASEQ:SMRNASEQ:GE... -
Pulling Singularity image https://depot.galaxyproject.org/singularity/subread:2.0.1--hed695b0_0 [cache /mnt/lts/nfs_fs02/bioinfo_core_jabsom/hanqiu/new_pipeline_test/work/singularity/depot.galaxyproject.org-singularity-subread-2.0.1--hed695b0_0.img]
Creating env using conda: bioconda::subread=2.0.1 [cache /mnt/lts/nfs_fs02/bioinfo_core_jabsom/hanqiu/new_pipeline_test/work/conda/env-a8e9dfd073e20bdebda0cd2f51fe3a39]
WARN: Singularity cache directory has not been defined -- Remote image will be stored in the path: /mnt/lts/nfs_fs02/bioinfo_core_jabsom/hanqiu/new_pipeline_test/work/singularity -- Use env variable NXF_SINGULARITY_CACHEDIR to specify a different location

executor >  slurm (217)
[42/5df762] process > NFCORE_SMRNASEQ:SMRNASEQ:IN... [100%] 1 of 1 ✔
[-        ] process > NFCORE_SMRNASEQ:SMRNASEQ:CA... -
[f6/dbdb26] process > NFCORE_SMRNASEQ:SMRNASEQ:FA... [100%] 36 of 36 ✔
[8d/39736e] process > NFCORE_SMRNASEQ:SMRNASEQ:FA... [100%] 36 of 36 ✔
[80/e7ad7f] process > NFCORE_SMRNASEQ:SMRNASEQ:FA... [100%] 36 of 36 ✔
[35/e1ffca] process > NFCORE_SMRNASEQ:SMRNASEQ:MI... [ 88%] 32 of 36
[dc/eb752f] process > NFCORE_SMRNASEQ:SMRNASEQ:GE... [100%] 1 of 1 ✔
[96/d15d25] process > NFCORE_SMRNASEQ:SMRNASEQ:GE... [ 94%] 34 of 36
[95/9dd81d] process > NFCORE_SMRNASEQ:SMRNASEQ:GE... [  2%] 1 of 34
[98/6c42f9] process > NFCORE_SMRNASEQ:SMRNASEQ:GE... [  0%] 0 of 1
[-        ] process > NFCORE_SMRNASEQ:SMRNASEQ:GE... -
[-        ] process > NFCORE_SMRNASEQ:SMRNASEQ:GE... -
[-        ] process > NFCORE_SMRNASEQ:SMRNASEQ:GE... -
[-        ] process > NFCORE_SMRNASEQ:SMRNASEQ:GE... -
[-        ] process > NFCORE_SMRNASEQ:SMRNASEQ:GE... -
[-        ] process > NFCORE_SMRNASEQ:SMRNASEQ:GE... -
Pulling Singularity image https://depot.galaxyproject.org/singularity/subread:2.0.1--hed695b0_0 [cache /mnt/lts/nfs_fs02/bioinfo_core_jabsom/hanqiu/new_pipeline_test/work/singularity/depot.galaxyproject.org-singularity-subread-2.0.1--hed695b0_0.img]
Creating env using conda: bioconda::subread=2.0.1 [cache /mnt/lts/nfs_fs02/bioinfo_core_jabsom/hanqiu/new_pipeline_test/work/conda/env-a8e9dfd073e20bdebda0cd2f51fe3a39]
WARN: Singularity cache directory has not been defined -- Remote image will be stored in the path: /mnt/lts/nfs_fs02/bioinfo_core_jabsom/hanqiu/new_pipeline_test/work/singularity -- Use env variable NXF_SINGULARITY_CACHEDIR to specify a different location

executor >  slurm (217)
[42/5df762] process > NFCORE_SMRNASEQ:SMRNASEQ:IN... [100%] 1 of 1 ✔
[-        ] process > NFCORE_SMRNASEQ:SMRNASEQ:CA... -
[f6/dbdb26] process > NFCORE_SMRNASEQ:SMRNASEQ:FA... [100%] 36 of 36 ✔
[8d/39736e] process > NFCORE_SMRNASEQ:SMRNASEQ:FA... [100%] 36 of 36 ✔
[80/e7ad7f] process > NFCORE_SMRNASEQ:SMRNASEQ:FA... [100%] 36 of 36 ✔
[35/e1ffca] process > NFCORE_SMRNASEQ:SMRNASEQ:MI... [ 88%] 32 of 36
[dc/eb752f] process > NFCORE_SMRNASEQ:SMRNASEQ:GE... [100%] 1 of 1 ✔
[96/d15d25] process > NFCORE_SMRNASEQ:SMRNASEQ:GE... [ 94%] 34 of 36
[95/9dd81d] process > NFCORE_SMRNASEQ:SMRNASEQ:GE... [  2%] 1 of 34
[98/6c42f9] process > NFCORE_SMRNASEQ:SMRNASEQ:GE... [  0%] 0 of 1
[-        ] process > NFCORE_SMRNASEQ:SMRNASEQ:GE... -
[-        ] process > NFCORE_SMRNASEQ:SMRNASEQ:GE... -
[-        ] process > NFCORE_SMRNASEQ:SMRNASEQ:GE... -
[-        ] process > NFCORE_SMRNASEQ:SMRNASEQ:GE... -
[-        ] process > NFCORE_SMRNASEQ:SMRNASEQ:GE... -
[-        ] process > NFCORE_SMRNASEQ:SMRNASEQ:GE... -




executor >  slurm (217)
[42/5df762] process > NFCORE_SMRNASEQ:SMRNASEQ:IN... [100%] 1 of 1 ✔
[-        ] process > NFCORE_SMRNASEQ:SMRNASEQ:CA... -
[f6/dbdb26] process > NFCORE_SMRNASEQ:SMRNASEQ:FA... [100%] 36 of 36 ✔
[8d/39736e] process > NFCORE_SMRNASEQ:SMRNASEQ:FA... [100%] 36 of 36 ✔
[80/e7ad7f] process > NFCORE_SMRNASEQ:SMRNASEQ:FA... [100%] 36 of 36 ✔
[47/00065f] process > NFCORE_SMRNASEQ:SMRNASEQ:MI... [ 91%] 33 of 36
[dc/eb752f] process > NFCORE_SMRNASEQ:SMRNASEQ:GE... [100%] 1 of 1 ✔
[96/d15d25] process > NFCORE_SMRNASEQ:SMRNASEQ:GE... [ 94%] 34 of 36
[95/9dd81d] process > NFCORE_SMRNASEQ:SMRNASEQ:GE... [  2%] 1 of 34
[98/6c42f9] process > NFCORE_SMRNASEQ:SMRNASEQ:GE... [  0%] 0 of 1
[-        ] process > NFCORE_SMRNASEQ:SMRNASEQ:GE... -
[-        ] process > NFCORE_SMRNASEQ:SMRNASEQ:GE... -
[-        ] process > NFCORE_SMRNASEQ:SMRNASEQ:GE... -
[-        ] process > NFCORE_SMRNASEQ:SMRNASEQ:GE... -
[-        ] process > NFCORE_SMRNASEQ:SMRNASEQ:GE... -
[-        ] process > NFCORE_SMRNASEQ:SMRNASEQ:GE... -




executor >  slurm (217)
[42/5df762] process > NFCORE_SMRNASEQ:SMRNASEQ:IN... [100%] 1 of 1 ✔
[-        ] process > NFCORE_SMRNASEQ:SMRNASEQ:CA... -
[f6/dbdb26] process > NFCORE_SMRNASEQ:SMRNASEQ:FA... [100%] 36 of 36 ✔
[8d/39736e] process > NFCORE_SMRNASEQ:SMRNASEQ:FA... [100%] 36 of 36 ✔
[80/e7ad7f] process > NFCORE_SMRNASEQ:SMRNASEQ:FA... [100%] 36 of 36 ✔
[54/b39ece] process > NFCORE_SMRNASEQ:SMRNASEQ:MI... [ 94%] 34 of 36
[dc/eb752f] process > NFCORE_SMRNASEQ:SMRNASEQ:GE... [100%] 1 of 1 ✔
[96/d15d25] process > NFCORE_SMRNASEQ:SMRNASEQ:GE... [ 94%] 34 of 36
[95/9dd81d] process > NFCORE_SMRNASEQ:SMRNASEQ:GE... [  2%] 1 of 34
[98/6c42f9] process > NFCORE_SMRNASEQ:SMRNASEQ:GE... [  0%] 0 of 1
[-        ] process > NFCORE_SMRNASEQ:SMRNASEQ:GE... -
[-        ] process > NFCORE_SMRNASEQ:SMRNASEQ:GE... -
[-        ] process > NFCORE_SMRNASEQ:SMRNASEQ:GE... -
[-        ] process > NFCORE_SMRNASEQ:SMRNASEQ:GE... -
[-        ] process > NFCORE_SMRNASEQ:SMRNASEQ:GE... -
[-        ] process > NFCORE_SMRNASEQ:SMRNASEQ:GE... -

executor >  slurm (217)
[42/5df762] process > NFCORE_SMRNASEQ:SMRNASEQ:IN... [100%] 1 of 1 ✔
[-        ] process > NFCORE_SMRNASEQ:SMRNASEQ:CA... -
[f6/dbdb26] process > NFCORE_SMRNASEQ:SMRNASEQ:FA... [100%] 36 of 36 ✔
[8d/39736e] process > NFCORE_SMRNASEQ:SMRNASEQ:FA... [100%] 36 of 36 ✔
[80/e7ad7f] process > NFCORE_SMRNASEQ:SMRNASEQ:FA... [100%] 36 of 36 ✔
[54/b39ece] process > NFCORE_SMRNASEQ:SMRNASEQ:MI... [ 94%] 34 of 36
[dc/eb752f] process > NFCORE_SMRNASEQ:SMRNASEQ:GE... [100%] 1 of 1 ✔
[bd/d96d74] process > NFCORE_SMRNASEQ:SMRNASEQ:GE... [ 97%] 35 of 36
[95/9dd81d] process > NFCORE_SMRNASEQ:SMRNASEQ:GE... [  2%] 1 of 35
[98/6c42f9] process > NFCORE_SMRNASEQ:SMRNASEQ:GE... [  0%] 0 of 1
[-        ] process > NFCORE_SMRNASEQ:SMRNASEQ:GE... -
[-        ] process > NFCORE_SMRNASEQ:SMRNASEQ:GE... -
[-        ] process > NFCORE_SMRNASEQ:SMRNASEQ:GE... -
[-        ] process > NFCORE_SMRNASEQ:SMRNASEQ:GE... -
[-        ] process > NFCORE_SMRNASEQ:SMRNASEQ:GE... -
[-        ] process > NFCORE_SMRNASEQ:SMRNASEQ:GE... -

executor >  slurm (218)
[42/5df762] process > NFCORE_SMRNASEQ:SMRNASEQ:IN... [100%] 1 of 1 ✔
[-        ] process > NFCORE_SMRNASEQ:SMRNASEQ:CA... -
[f6/dbdb26] process > NFCORE_SMRNASEQ:SMRNASEQ:FA... [100%] 36 of 36 ✔
[8d/39736e] process > NFCORE_SMRNASEQ:SMRNASEQ:FA... [100%] 36 of 36 ✔
[80/e7ad7f] process > NFCORE_SMRNASEQ:SMRNASEQ:FA... [100%] 36 of 36 ✔
[54/b39ece] process > NFCORE_SMRNASEQ:SMRNASEQ:MI... [ 94%] 34 of 36
[dc/eb752f] process > NFCORE_SMRNASEQ:SMRNASEQ:GE... [100%] 1 of 1 ✔
[bd/d96d74] process > NFCORE_SMRNASEQ:SMRNASEQ:GE... [ 97%] 35 of 36
[9b/063f4e] process > NFCORE_SMRNASEQ:SMRNASEQ:GE... [  2%] 1 of 35
[98/6c42f9] process > NFCORE_SMRNASEQ:SMRNASEQ:GE... [  0%] 0 of 1
[-        ] process > NFCORE_SMRNASEQ:SMRNASEQ:GE... -
[-        ] process > NFCORE_SMRNASEQ:SMRNASEQ:GE... -
[-        ] process > NFCORE_SMRNASEQ:SMRNASEQ:GE... -
[-        ] process > NFCORE_SMRNASEQ:SMRNASEQ:GE... -
[-        ] process > NFCORE_SMRNASEQ:SMRNASEQ:GE... -
[-        ] process > NFCORE_SMRNASEQ:SMRNASEQ:GE... -

executor >  slurm (219)
[42/5df762] process > NFCORE_SMRNASEQ:SMRNASEQ:IN... [100%] 1 of 1 ✔
[-        ] process > NFCORE_SMRNASEQ:SMRNASEQ:CA... -
[f6/dbdb26] process > NFCORE_SMRNASEQ:SMRNASEQ:FA... [100%] 36 of 36 ✔
[8d/39736e] process > NFCORE_SMRNASEQ:SMRNASEQ:FA... [100%] 36 of 36 ✔
[80/e7ad7f] process > NFCORE_SMRNASEQ:SMRNASEQ:FA... [100%] 36 of 36 ✔
[54/b39ece] process > NFCORE_SMRNASEQ:SMRNASEQ:MI... [ 94%] 34 of 36
[dc/eb752f] process > NFCORE_SMRNASEQ:SMRNASEQ:GE... [100%] 1 of 1 ✔
[bd/d96d74] process > NFCORE_SMRNASEQ:SMRNASEQ:GE... [ 97%] 35 of 36
[2f/383e86] process > NFCORE_SMRNASEQ:SMRNASEQ:GE... [  8%] 3 of 35
[a6/4b3fa7] process > NFCORE_SMRNASEQ:SMRNASEQ:GE... [  0%] 0 of 3
[-        ] process > NFCORE_SMRNASEQ:SMRNASEQ:GE... -
[-        ] process > NFCORE_SMRNASEQ:SMRNASEQ:GE... -
[-        ] process > NFCORE_SMRNASEQ:SMRNASEQ:GE... -
[-        ] process > NFCORE_SMRNASEQ:SMRNASEQ:GE... -
[-        ] process > NFCORE_SMRNASEQ:SMRNASEQ:GE... -
[-        ] process > NFCORE_SMRNASEQ:SMRNASEQ:GE... -

executor >  slurm (220)
[42/5df762] process > NFCORE_SMRNASEQ:SMRNASEQ:IN... [100%] 1 of 1 ✔
[-        ] process > NFCORE_SMRNASEQ:SMRNASEQ:CA... -
[f6/dbdb26] process > NFCORE_SMRNASEQ:SMRNASEQ:FA... [100%] 36 of 36 ✔
[8d/39736e] process > NFCORE_SMRNASEQ:SMRNASEQ:FA... [100%] 36 of 36 ✔
[80/e7ad7f] process > NFCORE_SMRNASEQ:SMRNASEQ:FA... [100%] 36 of 36 ✔
[54/b39ece] process > NFCORE_SMRNASEQ:SMRNASEQ:MI... [ 94%] 34 of 36
[dc/eb752f] process > NFCORE_SMRNASEQ:SMRNASEQ:GE... [100%] 1 of 1 ✔
[bd/d96d74] process > NFCORE_SMRNASEQ:SMRNASEQ:GE... [ 97%] 35 of 36
[2f/383e86] process > NFCORE_SMRNASEQ:SMRNASEQ:GE... [  8%] 3 of 35
[60/c229e2] process > NFCORE_SMRNASEQ:SMRNASEQ:GE... [  0%] 0 of 3
[-        ] process > NFCORE_SMRNASEQ:SMRNASEQ:GE... -
[-        ] process > NFCORE_SMRNASEQ:SMRNASEQ:GE... -
[-        ] process > NFCORE_SMRNASEQ:SMRNASEQ:GE... -
[-        ] process > NFCORE_SMRNASEQ:SMRNASEQ:GE... -
[-        ] process > NFCORE_SMRNASEQ:SMRNASEQ:GE... -
[-        ] process > NFCORE_SMRNASEQ:SMRNASEQ:GE... -

executor >  slurm (220)
[42/5df762] process > NFCORE_SMRNASEQ:SMRNASEQ:IN... [100%] 1 of 1 ✔
[-        ] process > NFCORE_SMRNASEQ:SMRNASEQ:CA... -
[f6/dbdb26] process > NFCORE_SMRNASEQ:SMRNASEQ:FA... [100%] 36 of 36 ✔
[8d/39736e] process > NFCORE_SMRNASEQ:SMRNASEQ:FA... [100%] 36 of 36 ✔
[80/e7ad7f] process > NFCORE_SMRNASEQ:SMRNASEQ:FA... [100%] 36 of 36 ✔
[54/b39ece] process > NFCORE_SMRNASEQ:SMRNASEQ:MI... [ 94%] 34 of 36
[dc/eb752f] process > NFCORE_SMRNASEQ:SMRNASEQ:GE... [100%] 1 of 1 ✔
[bd/d96d74] process > NFCORE_SMRNASEQ:SMRNASEQ:GE... [ 97%] 35 of 36
[2f/383e86] process > NFCORE_SMRNASEQ:SMRNASEQ:GE... [  8%] 3 of 35
[60/c229e2] process > NFCORE_SMRNASEQ:SMRNASEQ:GE... [  0%] 0 of 3
[-        ] process > NFCORE_SMRNASEQ:SMRNASEQ:GE... -
[-        ] process > NFCORE_SMRNASEQ:SMRNASEQ:GE... -
[-        ] process > NFCORE_SMRNASEQ:SMRNASEQ:GE... -
[-        ] process > NFCORE_SMRNASEQ:SMRNASEQ:GE... -
[-        ] process > NFCORE_SMRNASEQ:SMRNASEQ:GE... -
[-        ] process > NFCORE_SMRNASEQ:SMRNASEQ:GE... -

executor >  slurm (220)
[42/5df762] process > NFCORE_SMRNASEQ:SMRNASEQ:IN... [100%] 1 of 1 ✔
[-        ] process > NFCORE_SMRNASEQ:SMRNASEQ:CA... -
[f6/dbdb26] process > NFCORE_SMRNASEQ:SMRNASEQ:FA... [100%] 36 of 36 ✔
[8d/39736e] process > NFCORE_SMRNASEQ:SMRNASEQ:FA... [100%] 36 of 36 ✔
[80/e7ad7f] process > NFCORE_SMRNASEQ:SMRNASEQ:FA... [100%] 36 of 36 ✔
[54/b39ece] process > NFCORE_SMRNASEQ:SMRNASEQ:MI... [ 94%] 34 of 36
[dc/eb752f] process > NFCORE_SMRNASEQ:SMRNASEQ:GE... [100%] 1 of 1 ✔
[bd/d96d74] process > NFCORE_SMRNASEQ:SMRNASEQ:GE... [ 97%] 35 of 36
[10/dfb4b3] process > NFCORE_SMRNASEQ:SMRNASEQ:GE... [ 11%] 4 of 35
[60/c229e2] process > NFCORE_SMRNASEQ:SMRNASEQ:GE... [  0%] 0 of 4
[-        ] process > NFCORE_SMRNASEQ:SMRNASEQ:GE... -
[-        ] process > NFCORE_SMRNASEQ:SMRNASEQ:GE... -
[-        ] process > NFCORE_SMRNASEQ:SMRNASEQ:GE... -
[-        ] process > NFCORE_SMRNASEQ:SMRNASEQ:GE... -
[-        ] process > NFCORE_SMRNASEQ:SMRNASEQ:GE... -
[-        ] process > NFCORE_SMRNASEQ:SMRNASEQ:GE... -

executor >  slurm (221)
[42/5df762] process > NFCORE_SMRNASEQ:SMRNASEQ:IN... [100%] 1 of 1 ✔
[-        ] process > NFCORE_SMRNASEQ:SMRNASEQ:CA... -
[f6/dbdb26] process > NFCORE_SMRNASEQ:SMRNASEQ:FA... [100%] 36 of 36 ✔
[8d/39736e] process > NFCORE_SMRNASEQ:SMRNASEQ:FA... [100%] 36 of 36 ✔
[80/e7ad7f] process > NFCORE_SMRNASEQ:SMRNASEQ:FA... [100%] 36 of 36 ✔
[54/b39ece] process > NFCORE_SMRNASEQ:SMRNASEQ:MI... [ 94%] 34 of 36
[dc/eb752f] process > NFCORE_SMRNASEQ:SMRNASEQ:GE... [100%] 1 of 1 ✔
[bd/d96d74] process > NFCORE_SMRNASEQ:SMRNASEQ:GE... [ 97%] 35 of 36
[10/dfb4b3] process > NFCORE_SMRNASEQ:SMRNASEQ:GE... [ 11%] 4 of 35
[9c/78550a] process > NFCORE_SMRNASEQ:SMRNASEQ:GE... [  0%] 0 of 5
[-        ] process > NFCORE_SMRNASEQ:SMRNASEQ:GE... -
[-        ] process > NFCORE_SMRNASEQ:SMRNASEQ:GE... -
[-        ] process > NFCORE_SMRNASEQ:SMRNASEQ:GE... -
[-        ] process > NFCORE_SMRNASEQ:SMRNASEQ:GE... -
[-        ] process > NFCORE_SMRNASEQ:SMRNASEQ:GE... -
[-        ] process > NFCORE_SMRNASEQ:SMRNASEQ:GE... -

executor >  slurm (222)
[42/5df762] process > NFCORE_SMRNASEQ:SMRNASEQ:IN... [100%] 1 of 1 ✔
[-        ] process > NFCORE_SMRNASEQ:SMRNASEQ:CA... -
[f6/dbdb26] process > NFCORE_SMRNASEQ:SMRNASEQ:FA... [100%] 36 of 36 ✔
[8d/39736e] process > NFCORE_SMRNASEQ:SMRNASEQ:FA... [100%] 36 of 36 ✔
[80/e7ad7f] process > NFCORE_SMRNASEQ:SMRNASEQ:FA... [100%] 36 of 36 ✔
[54/b39ece] process > NFCORE_SMRNASEQ:SMRNASEQ:MI... [ 94%] 34 of 36
[dc/eb752f] process > NFCORE_SMRNASEQ:SMRNASEQ:GE... [100%] 1 of 1 ✔
[bd/d96d74] process > NFCORE_SMRNASEQ:SMRNASEQ:GE... [ 97%] 35 of 36
[e1/0b0049] process > NFCORE_SMRNASEQ:SMRNASEQ:GE... [ 17%] 6 of 35
[ca/bfb1dc] process > NFCORE_SMRNASEQ:SMRNASEQ:GE... [  0%] 0 of 6
[-        ] process > NFCORE_SMRNASEQ:SMRNASEQ:GE... -
[-        ] process > NFCORE_SMRNASEQ:SMRNASEQ:GE... -
[-        ] process > NFCORE_SMRNASEQ:SMRNASEQ:GE... -
[-        ] process > NFCORE_SMRNASEQ:SMRNASEQ:GE... -
[-        ] process > NFCORE_SMRNASEQ:SMRNASEQ:GE... -
[-        ] process > NFCORE_SMRNASEQ:SMRNASEQ:GE... -

executor >  slurm (223)
[42/5df762] process > NFCORE_SMRNASEQ:SMRNASEQ:IN... [100%] 1 of 1 ✔
[-        ] process > NFCORE_SMRNASEQ:SMRNASEQ:CA... -
[f6/dbdb26] process > NFCORE_SMRNASEQ:SMRNASEQ:FA... [100%] 36 of 36 ✔
[8d/39736e] process > NFCORE_SMRNASEQ:SMRNASEQ:FA... [100%] 36 of 36 ✔
[80/e7ad7f] process > NFCORE_SMRNASEQ:SMRNASEQ:FA... [100%] 36 of 36 ✔
[54/b39ece] process > NFCORE_SMRNASEQ:SMRNASEQ:MI... [ 94%] 34 of 36
[dc/eb752f] process > NFCORE_SMRNASEQ:SMRNASEQ:GE... [100%] 1 of 1 ✔
[bd/d96d74] process > NFCORE_SMRNASEQ:SMRNASEQ:GE... [ 97%] 35 of 36
[e1/0b0049] process > NFCORE_SMRNASEQ:SMRNASEQ:GE... [ 17%] 6 of 35
[98/6c42f9] process > NFCORE_SMRNASEQ:SMRNASEQ:GE... [ 16%] 1 of 6
[-        ] process > NFCORE_SMRNASEQ:SMRNASEQ:GE... -
[-        ] process > NFCORE_SMRNASEQ:SMRNASEQ:GE... -
[-        ] process > NFCORE_SMRNASEQ:SMRNASEQ:GE... -
[-        ] process > NFCORE_SMRNASEQ:SMRNASEQ:GE... -
[-        ] process > NFCORE_SMRNASEQ:SMRNASEQ:GE... -
[-        ] process > NFCORE_SMRNASEQ:SMRNASEQ:GE... -

executor >  slurm (223)
[42/5df762] process > NFCORE_SMRNASEQ:SMRNASEQ:IN... [100%] 1 of 1 ✔
[-        ] process > NFCORE_SMRNASEQ:SMRNASEQ:CA... -
[f6/dbdb26] process > NFCORE_SMRNASEQ:SMRNASEQ:FA... [100%] 36 of 36 ✔
[8d/39736e] process > NFCORE_SMRNASEQ:SMRNASEQ:FA... [100%] 36 of 36 ✔
[80/e7ad7f] process > NFCORE_SMRNASEQ:SMRNASEQ:FA... [100%] 36 of 36 ✔
[54/b39ece] process > NFCORE_SMRNASEQ:SMRNASEQ:MI... [ 94%] 34 of 36
[dc/eb752f] process > NFCORE_SMRNASEQ:SMRNASEQ:GE... [100%] 1 of 1 ✔
[bd/d96d74] process > NFCORE_SMRNASEQ:SMRNASEQ:GE... [ 97%] 35 of 36
[07/df9826] process > NFCORE_SMRNASEQ:SMRNASEQ:GE... [ 20%] 7 of 35
[98/6c42f9] process > NFCORE_SMRNASEQ:SMRNASEQ:GE... [ 14%] 1 of 7
[-        ] process > NFCORE_SMRNASEQ:SMRNASEQ:GE... -
[-        ] process > NFCORE_SMRNASEQ:SMRNASEQ:GE... -
[-        ] process > NFCORE_SMRNASEQ:SMRNASEQ:GE... -
[-        ] process > NFCORE_SMRNASEQ:SMRNASEQ:GE... -
[-        ] process > NFCORE_SMRNASEQ:SMRNASEQ:GE... -
[-        ] process > NFCORE_SMRNASEQ:SMRNASEQ:GE... -

executor >  slurm (224)
[42/5df762] process > NFCORE_SMRNASEQ:SMRNASEQ:IN... [100%] 1 of 1 ✔
[-        ] process > NFCORE_SMRNASEQ:SMRNASEQ:CA... -
[f6/dbdb26] process > NFCORE_SMRNASEQ:SMRNASEQ:FA... [100%] 36 of 36 ✔
[8d/39736e] process > NFCORE_SMRNASEQ:SMRNASEQ:FA... [100%] 36 of 36 ✔
[80/e7ad7f] process > NFCORE_SMRNASEQ:SMRNASEQ:FA... [100%] 36 of 36 ✔
[54/b39ece] process > NFCORE_SMRNASEQ:SMRNASEQ:MI... [ 94%] 34 of 36
[dc/eb752f] process > NFCORE_SMRNASEQ:SMRNASEQ:GE... [100%] 1 of 1 ✔
[bd/d96d74] process > NFCORE_SMRNASEQ:SMRNASEQ:GE... [ 97%] 35 of 36
[07/df9826] process > NFCORE_SMRNASEQ:SMRNASEQ:GE... [ 20%] 7 of 35
[0c/c8c48c] process > NFCORE_SMRNASEQ:SMRNASEQ:GE... [ 14%] 1 of 7
[-        ] process > NFCORE_SMRNASEQ:SMRNASEQ:GE... -
[-        ] process > NFCORE_SMRNASEQ:SMRNASEQ:GE... -
[-        ] process > NFCORE_SMRNASEQ:SMRNASEQ:GE... -
[-        ] process > NFCORE_SMRNASEQ:SMRNASEQ:GE... -
[-        ] process > NFCORE_SMRNASEQ:SMRNASEQ:GE... -
[-        ] process > NFCORE_SMRNASEQ:SMRNASEQ:GE... -

executor >  slurm (224)
[42/5df762] process > NFCORE_SMRNASEQ:SMRNASEQ:IN... [100%] 1 of 1 ✔
[-        ] process > NFCORE_SMRNASEQ:SMRNASEQ:CA... -
[f6/dbdb26] process > NFCORE_SMRNASEQ:SMRNASEQ:FA... [100%] 36 of 36 ✔
[8d/39736e] process > NFCORE_SMRNASEQ:SMRNASEQ:FA... [100%] 36 of 36 ✔
[80/e7ad7f] process > NFCORE_SMRNASEQ:SMRNASEQ:FA... [100%] 36 of 36 ✔
[93/cf1bf1] process > NFCORE_SMRNASEQ:SMRNASEQ:MI... [ 97%] 35 of 36
[dc/eb752f] process > NFCORE_SMRNASEQ:SMRNASEQ:GE... [100%] 1 of 1 ✔
[bd/d96d74] process > NFCORE_SMRNASEQ:SMRNASEQ:GE... [ 97%] 35 of 36
[07/df9826] process > NFCORE_SMRNASEQ:SMRNASEQ:GE... [ 20%] 7 of 35
[0c/c8c48c] process > NFCORE_SMRNASEQ:SMRNASEQ:GE... [ 14%] 1 of 7
[-        ] process > NFCORE_SMRNASEQ:SMRNASEQ:GE... -
[-        ] process > NFCORE_SMRNASEQ:SMRNASEQ:GE... -
[-        ] process > NFCORE_SMRNASEQ:SMRNASEQ:GE... -
[-        ] process > NFCORE_SMRNASEQ:SMRNASEQ:GE... -
[-        ] process > NFCORE_SMRNASEQ:SMRNASEQ:GE... -
[-        ] process > NFCORE_SMRNASEQ:SMRNASEQ:GE... -

executor >  slurm (224)
[42/5df762] process > NFCORE_SMRNASEQ:SMRNASEQ:IN... [100%] 1 of 1 ✔
[-        ] process > NFCORE_SMRNASEQ:SMRNASEQ:CA... -
[f6/dbdb26] process > NFCORE_SMRNASEQ:SMRNASEQ:FA... [100%] 36 of 36 ✔
[8d/39736e] process > NFCORE_SMRNASEQ:SMRNASEQ:FA... [100%] 36 of 36 ✔
[80/e7ad7f] process > NFCORE_SMRNASEQ:SMRNASEQ:FA... [100%] 36 of 36 ✔
[93/cf1bf1] process > NFCORE_SMRNASEQ:SMRNASEQ:MI... [ 97%] 35 of 36
[dc/eb752f] process > NFCORE_SMRNASEQ:SMRNASEQ:GE... [100%] 1 of 1 ✔
[bd/d96d74] process > NFCORE_SMRNASEQ:SMRNASEQ:GE... [ 97%] 35 of 36
[07/df9826] process > NFCORE_SMRNASEQ:SMRNASEQ:GE... [ 20%] 7 of 35
[0c/c8c48c] process > NFCORE_SMRNASEQ:SMRNASEQ:GE... [ 14%] 1 of 7
[-        ] process > NFCORE_SMRNASEQ:SMRNASEQ:GE... -
[-        ] process > NFCORE_SMRNASEQ:SMRNASEQ:GE... -
[-        ] process > NFCORE_SMRNASEQ:SMRNASEQ:GE... -
[-        ] process > NFCORE_SMRNASEQ:SMRNASEQ:GE... [  0%] 0 of 6
[-        ] process > NFCORE_SMRNASEQ:SMRNASEQ:GE... -
[-        ] process > NFCORE_SMRNASEQ:SMRNASEQ:GE... -

executor >  slurm (225)
[42/5df762] process > NFCORE_SMRNASEQ:SMRNASEQ:IN... [100%] 1 of 1 ✔
[-        ] process > NFCORE_SMRNASEQ:SMRNASEQ:CA... -
[f6/dbdb26] process > NFCORE_SMRNASEQ:SMRNASEQ:FA... [100%] 36 of 36 ✔
[8d/39736e] process > NFCORE_SMRNASEQ:SMRNASEQ:FA... [100%] 36 of 36 ✔
[80/e7ad7f] process > NFCORE_SMRNASEQ:SMRNASEQ:FA... [100%] 36 of 36 ✔
[93/cf1bf1] process > NFCORE_SMRNASEQ:SMRNASEQ:MI... [ 97%] 35 of 36
[dc/eb752f] process > NFCORE_SMRNASEQ:SMRNASEQ:GE... [100%] 1 of 1 ✔
[bd/d96d74] process > NFCORE_SMRNASEQ:SMRNASEQ:GE... [ 97%] 35 of 36
[07/df9826] process > NFCORE_SMRNASEQ:SMRNASEQ:GE... [ 20%] 7 of 35
[0c/c8c48c] process > NFCORE_SMRNASEQ:SMRNASEQ:GE... [ 14%] 1 of 7
[-        ] process > NFCORE_SMRNASEQ:SMRNASEQ:GE... -
[-        ] process > NFCORE_SMRNASEQ:SMRNASEQ:GE... -
[-        ] process > NFCORE_SMRNASEQ:SMRNASEQ:GE... -
[9b/1fbd64] process > NFCORE_SMRNASEQ:SMRNASEQ:GE... [  0%] 0 of 7
[-        ] process > NFCORE_SMRNASEQ:SMRNASEQ:GE... -
[-        ] process > NFCORE_SMRNASEQ:SMRNASEQ:GE... -

executor >  slurm (226)
[42/5df762] process > NFCORE_SMRNASEQ:SMRNASEQ:IN... [100%] 1 of 1 ✔
[-        ] process > NFCORE_SMRNASEQ:SMRNASEQ:CA... -
[f6/dbdb26] process > NFCORE_SMRNASEQ:SMRNASEQ:FA... [100%] 36 of 36 ✔
[8d/39736e] process > NFCORE_SMRNASEQ:SMRNASEQ:FA... [100%] 36 of 36 ✔
[80/e7ad7f] process > NFCORE_SMRNASEQ:SMRNASEQ:FA... [100%] 36 of 36 ✔
[93/cf1bf1] process > NFCORE_SMRNASEQ:SMRNASEQ:MI... [ 97%] 35 of 36
[dc/eb752f] process > NFCORE_SMRNASEQ:SMRNASEQ:GE... [100%] 1 of 1 ✔
[bd/d96d74] process > NFCORE_SMRNASEQ:SMRNASEQ:GE... [ 97%] 35 of 36
[07/df9826] process > NFCORE_SMRNASEQ:SMRNASEQ:GE... [ 20%] 7 of 35
[0c/c8c48c] process > NFCORE_SMRNASEQ:SMRNASEQ:GE... [ 14%] 1 of 7
[-        ] process > NFCORE_SMRNASEQ:SMRNASEQ:GE... -
[-        ] process > NFCORE_SMRNASEQ:SMRNASEQ:GE... -
[-        ] process > NFCORE_SMRNASEQ:SMRNASEQ:GE... -
[62/9e208e] process > NFCORE_SMRNASEQ:SMRNASEQ:GE... [  0%] 0 of 7
[-        ] process > NFCORE_SMRNASEQ:SMRNASEQ:GE... -
[-        ] process > NFCORE_SMRNASEQ:SMRNASEQ:GE... -

executor >  slurm (228)
[42/5df762] process > NFCORE_SMRNASEQ:SMRNASEQ:IN... [100%] 1 of 1 ✔
[-        ] process > NFCORE_SMRNASEQ:SMRNASEQ:CA... -
[f6/dbdb26] process > NFCORE_SMRNASEQ:SMRNASEQ:FA... [100%] 36 of 36 ✔
[8d/39736e] process > NFCORE_SMRNASEQ:SMRNASEQ:FA... [100%] 36 of 36 ✔
[80/e7ad7f] process > NFCORE_SMRNASEQ:SMRNASEQ:FA... [100%] 36 of 36 ✔
[93/cf1bf1] process > NFCORE_SMRNASEQ:SMRNASEQ:MI... [ 97%] 35 of 36
[dc/eb752f] process > NFCORE_SMRNASEQ:SMRNASEQ:GE... [100%] 1 of 1 ✔
[bd/d96d74] process > NFCORE_SMRNASEQ:SMRNASEQ:GE... [ 97%] 35 of 36
[07/df9826] process > NFCORE_SMRNASEQ:SMRNASEQ:GE... [ 20%] 7 of 35
[0c/c8c48c] process > NFCORE_SMRNASEQ:SMRNASEQ:GE... [ 14%] 1 of 7
[-        ] process > NFCORE_SMRNASEQ:SMRNASEQ:GE... -
[-        ] process > NFCORE_SMRNASEQ:SMRNASEQ:GE... -
[-        ] process > NFCORE_SMRNASEQ:SMRNASEQ:GE... -
[50/8ccabe] process > NFCORE_SMRNASEQ:SMRNASEQ:GE... [  0%] 0 of 7
[-        ] process > NFCORE_SMRNASEQ:SMRNASEQ:GE... -
[-        ] process > NFCORE_SMRNASEQ:SMRNASEQ:GE... -

executor >  slurm (229)
[42/5df762] process > NFCORE_SMRNASEQ:SMRNASEQ:IN... [100%] 1 of 1 ✔
[-        ] process > NFCORE_SMRNASEQ:SMRNASEQ:CA... -
[f6/dbdb26] process > NFCORE_SMRNASEQ:SMRNASEQ:FA... [100%] 36 of 36 ✔
[8d/39736e] process > NFCORE_SMRNASEQ:SMRNASEQ:FA... [100%] 36 of 36 ✔
[80/e7ad7f] process > NFCORE_SMRNASEQ:SMRNASEQ:FA... [100%] 36 of 36 ✔
[93/cf1bf1] process > NFCORE_SMRNASEQ:SMRNASEQ:MI... [ 97%] 35 of 36
[dc/eb752f] process > NFCORE_SMRNASEQ:SMRNASEQ:GE... [100%] 1 of 1 ✔
[bd/d96d74] process > NFCORE_SMRNASEQ:SMRNASEQ:GE... [ 97%] 35 of 36
[07/df9826] process > NFCORE_SMRNASEQ:SMRNASEQ:GE... [ 20%] 7 of 35
[0c/c8c48c] process > NFCORE_SMRNASEQ:SMRNASEQ:GE... [ 14%] 1 of 7
[-        ] process > NFCORE_SMRNASEQ:SMRNASEQ:GE... -
[-        ] process > NFCORE_SMRNASEQ:SMRNASEQ:GE... -
[-        ] process > NFCORE_SMRNASEQ:SMRNASEQ:GE... -
[b6/ac63c6] process > NFCORE_SMRNASEQ:SMRNASEQ:GE... [  0%] 0 of 7
[-        ] process > NFCORE_SMRNASEQ:SMRNASEQ:GE... -
[-        ] process > NFCORE_SMRNASEQ:SMRNASEQ:GE... -

executor >  slurm (230)
[42/5df762] process > NFCORE_SMRNASEQ:SMRNASEQ:IN... [100%] 1 of 1 ✔
[-        ] process > NFCORE_SMRNASEQ:SMRNASEQ:CA... -
[f6/dbdb26] process > NFCORE_SMRNASEQ:SMRNASEQ:FA... [100%] 36 of 36 ✔
[8d/39736e] process > NFCORE_SMRNASEQ:SMRNASEQ:FA... [100%] 36 of 36 ✔
[80/e7ad7f] process > NFCORE_SMRNASEQ:SMRNASEQ:FA... [100%] 36 of 36 ✔
[93/cf1bf1] process > NFCORE_SMRNASEQ:SMRNASEQ:MI... [ 97%] 35 of 36
[dc/eb752f] process > NFCORE_SMRNASEQ:SMRNASEQ:GE... [100%] 1 of 1 ✔
[bd/d96d74] process > NFCORE_SMRNASEQ:SMRNASEQ:GE... [ 97%] 35 of 36
[07/df9826] process > NFCORE_SMRNASEQ:SMRNASEQ:GE... [ 20%] 7 of 35
[0c/c8c48c] process > NFCORE_SMRNASEQ:SMRNASEQ:GE... [ 14%] 1 of 7
[-        ] process > NFCORE_SMRNASEQ:SMRNASEQ:GE... -
[-        ] process > NFCORE_SMRNASEQ:SMRNASEQ:GE... -
[-        ] process > NFCORE_SMRNASEQ:SMRNASEQ:GE... -
[d1/98e40f] process > NFCORE_SMRNASEQ:SMRNASEQ:GE... [  0%] 0 of 7
[-        ] process > NFCORE_SMRNASEQ:SMRNASEQ:GE... -
[-        ] process > NFCORE_SMRNASEQ:SMRNASEQ:GE... -

executor >  slurm (231)
[42/5df762] process > NFCORE_SMRNASEQ:SMRNASEQ:IN... [100%] 1 of 1 ✔
[-        ] process > NFCORE_SMRNASEQ:SMRNASEQ:CA... -
[f6/dbdb26] process > NFCORE_SMRNASEQ:SMRNASEQ:FA... [100%] 36 of 36 ✔
[8d/39736e] process > NFCORE_SMRNASEQ:SMRNASEQ:FA... [100%] 36 of 36 ✔
[80/e7ad7f] process > NFCORE_SMRNASEQ:SMRNASEQ:FA... [100%] 36 of 36 ✔
[93/cf1bf1] process > NFCORE_SMRNASEQ:SMRNASEQ:MI... [ 97%] 35 of 36
[dc/eb752f] process > NFCORE_SMRNASEQ:SMRNASEQ:GE... [100%] 1 of 1 ✔
[bd/d96d74] process > NFCORE_SMRNASEQ:SMRNASEQ:GE... [ 97%] 35 of 36
[07/df9826] process > NFCORE_SMRNASEQ:SMRNASEQ:GE... [ 20%] 7 of 35
[0c/c8c48c] process > NFCORE_SMRNASEQ:SMRNASEQ:GE... [ 14%] 1 of 7
[-        ] process > NFCORE_SMRNASEQ:SMRNASEQ:GE... -
[-        ] process > NFCORE_SMRNASEQ:SMRNASEQ:GE... -
[-        ] process > NFCORE_SMRNASEQ:SMRNASEQ:GE... -
[30/85f1b0] process > NFCORE_SMRNASEQ:SMRNASEQ:GE... [  0%] 0 of 7
[-        ] process > NFCORE_SMRNASEQ:SMRNASEQ:GE... -
[-        ] process > NFCORE_SMRNASEQ:SMRNASEQ:GE... -

executor >  slurm (231)
[42/5df762] process > NFCORE_SMRNASEQ:SMRNASEQ:IN... [100%] 1 of 1 ✔
[-        ] process > NFCORE_SMRNASEQ:SMRNASEQ:CA... -
[f6/dbdb26] process > NFCORE_SMRNASEQ:SMRNASEQ:FA... [100%] 36 of 36 ✔
[8d/39736e] process > NFCORE_SMRNASEQ:SMRNASEQ:FA... [100%] 36 of 36 ✔
[80/e7ad7f] process > NFCORE_SMRNASEQ:SMRNASEQ:FA... [100%] 36 of 36 ✔
[93/cf1bf1] process > NFCORE_SMRNASEQ:SMRNASEQ:MI... [ 97%] 35 of 36
[dc/eb752f] process > NFCORE_SMRNASEQ:SMRNASEQ:GE... [100%] 1 of 1 ✔
[bd/d96d74] process > NFCORE_SMRNASEQ:SMRNASEQ:GE... [ 97%] 35 of 36
[ba/c6089c] process > NFCORE_SMRNASEQ:SMRNASEQ:GE... [ 22%] 8 of 35
[0c/c8c48c] process > NFCORE_SMRNASEQ:SMRNASEQ:GE... [ 12%] 1 of 8
[-        ] process > NFCORE_SMRNASEQ:SMRNASEQ:GE... -
[-        ] process > NFCORE_SMRNASEQ:SMRNASEQ:GE... -
[-        ] process > NFCORE_SMRNASEQ:SMRNASEQ:GE... -
[30/85f1b0] process > NFCORE_SMRNASEQ:SMRNASEQ:GE... [  0%] 0 of 8
[-        ] process > NFCORE_SMRNASEQ:SMRNASEQ:GE... -
[-        ] process > NFCORE_SMRNASEQ:SMRNASEQ:GE... -

executor >  slurm (232)
[42/5df762] process > NFCORE_SMRNASEQ:SMRNASEQ:IN... [100%] 1 of 1 ✔
[-        ] process > NFCORE_SMRNASEQ:SMRNASEQ:CA... -
[f6/dbdb26] process > NFCORE_SMRNASEQ:SMRNASEQ:FA... [100%] 36 of 36 ✔
[8d/39736e] process > NFCORE_SMRNASEQ:SMRNASEQ:FA... [100%] 36 of 36 ✔
[80/e7ad7f] process > NFCORE_SMRNASEQ:SMRNASEQ:FA... [100%] 36 of 36 ✔
[93/cf1bf1] process > NFCORE_SMRNASEQ:SMRNASEQ:MI... [ 97%] 35 of 36
[dc/eb752f] process > NFCORE_SMRNASEQ:SMRNASEQ:GE... [100%] 1 of 1 ✔
[bd/d96d74] process > NFCORE_SMRNASEQ:SMRNASEQ:GE... [ 97%] 35 of 36
[a6/41fce5] process > NFCORE_SMRNASEQ:SMRNASEQ:GE... [ 25%] 9 of 35
[47/6f7cc9] process > NFCORE_SMRNASEQ:SMRNASEQ:GE... [ 10%] 1 of 10
[-        ] process > NFCORE_SMRNASEQ:SMRNASEQ:GE... -
[-        ] process > NFCORE_SMRNASEQ:SMRNASEQ:GE... -
[-        ] process > NFCORE_SMRNASEQ:SMRNASEQ:GE... -
[30/85f1b0] process > NFCORE_SMRNASEQ:SMRNASEQ:GE... [  0%] 0 of 9
[-        ] process > NFCORE_SMRNASEQ:SMRNASEQ:GE... -
[-        ] process > NFCORE_SMRNASEQ:SMRNASEQ:GE... -

executor >  slurm (233)
[42/5df762] process > NFCORE_SMRNASEQ:SMRNASEQ:IN... [100%] 1 of 1 ✔
[-        ] process > NFCORE_SMRNASEQ:SMRNASEQ:CA... -
[f6/dbdb26] process > NFCORE_SMRNASEQ:SMRNASEQ:FA... [100%] 36 of 36 ✔
[8d/39736e] process > NFCORE_SMRNASEQ:SMRNASEQ:FA... [100%] 36 of 36 ✔
[80/e7ad7f] process > NFCORE_SMRNASEQ:SMRNASEQ:FA... [100%] 36 of 36 ✔
[93/cf1bf1] process > NFCORE_SMRNASEQ:SMRNASEQ:MI... [ 97%] 35 of 36
[dc/eb752f] process > NFCORE_SMRNASEQ:SMRNASEQ:GE... [100%] 1 of 1 ✔
[bd/d96d74] process > NFCORE_SMRNASEQ:SMRNASEQ:GE... [ 97%] 35 of 36
[f5/1097dc] process > NFCORE_SMRNASEQ:SMRNASEQ:GE... [ 28%] 10 of 35
[47/6f7cc9] process > NFCORE_SMRNASEQ:SMRNASEQ:GE... [ 10%] 1 of 10
[-        ] process > NFCORE_SMRNASEQ:SMRNASEQ:GE... -
[-        ] process > NFCORE_SMRNASEQ:SMRNASEQ:GE... -
[-        ] process > NFCORE_SMRNASEQ:SMRNASEQ:GE... -
[db/e1f59a] process > NFCORE_SMRNASEQ:SMRNASEQ:GE... [  0%] 0 of 10
[-        ] process > NFCORE_SMRNASEQ:SMRNASEQ:GE... -
[-        ] process > NFCORE_SMRNASEQ:SMRNASEQ:GE... -

executor >  slurm (234)
[42/5df762] process > NFCORE_SMRNASEQ:SMRNASEQ:IN... [100%] 1 of 1 ✔
[-        ] process > NFCORE_SMRNASEQ:SMRNASEQ:CA... -
[f6/dbdb26] process > NFCORE_SMRNASEQ:SMRNASEQ:FA... [100%] 36 of 36 ✔
[8d/39736e] process > NFCORE_SMRNASEQ:SMRNASEQ:FA... [100%] 36 of 36 ✔
[80/e7ad7f] process > NFCORE_SMRNASEQ:SMRNASEQ:FA... [100%] 36 of 36 ✔
[93/cf1bf1] process > NFCORE_SMRNASEQ:SMRNASEQ:MI... [ 97%] 35 of 36
[dc/eb752f] process > NFCORE_SMRNASEQ:SMRNASEQ:GE... [100%] 1 of 1 ✔
[bd/d96d74] process > NFCORE_SMRNASEQ:SMRNASEQ:GE... [ 97%] 35 of 36
[91/d45ae5] process > NFCORE_SMRNASEQ:SMRNASEQ:GE... [ 31%] 11 of 35
[47/6f7cc9] process > NFCORE_SMRNASEQ:SMRNASEQ:GE... [  8%] 1 of 12
[-        ] process > NFCORE_SMRNASEQ:SMRNASEQ:GE... -
[-        ] process > NFCORE_SMRNASEQ:SMRNASEQ:GE... -
[-        ] process > NFCORE_SMRNASEQ:SMRNASEQ:GE... -
[a1/efe453] process > NFCORE_SMRNASEQ:SMRNASEQ:GE... [  0%] 0 of 11
[-        ] process > NFCORE_SMRNASEQ:SMRNASEQ:GE... -
[-        ] process > NFCORE_SMRNASEQ:SMRNASEQ:GE... -

executor >  slurm (235)
[42/5df762] process > NFCORE_SMRNASEQ:SMRNASEQ:IN... [100%] 1 of 1 ✔
[-        ] process > NFCORE_SMRNASEQ:SMRNASEQ:CA... -
[f6/dbdb26] process > NFCORE_SMRNASEQ:SMRNASEQ:FA... [100%] 36 of 36 ✔
[8d/39736e] process > NFCORE_SMRNASEQ:SMRNASEQ:FA... [100%] 36 of 36 ✔
[80/e7ad7f] process > NFCORE_SMRNASEQ:SMRNASEQ:FA... [100%] 36 of 36 ✔
[93/cf1bf1] process > NFCORE_SMRNASEQ:SMRNASEQ:MI... [ 97%] 35 of 36
[dc/eb752f] process > NFCORE_SMRNASEQ:SMRNASEQ:GE... [100%] 1 of 1 ✔
[bd/d96d74] process > NFCORE_SMRNASEQ:SMRNASEQ:GE... [ 97%] 35 of 36
[f8/dcca0f] process > NFCORE_SMRNASEQ:SMRNASEQ:GE... [ 34%] 12 of 35
[ac/63836e] process > NFCORE_SMRNASEQ:SMRNASEQ:GE... [  8%] 1 of 12
[-        ] process > NFCORE_SMRNASEQ:SMRNASEQ:GE... -
[-        ] process > NFCORE_SMRNASEQ:SMRNASEQ:GE... -
[-        ] process > NFCORE_SMRNASEQ:SMRNASEQ:GE... -
[a1/efe453] process > NFCORE_SMRNASEQ:SMRNASEQ:GE... [  0%] 0 of 12
[-        ] process > NFCORE_SMRNASEQ:SMRNASEQ:GE... -
[-        ] process > NFCORE_SMRNASEQ:SMRNASEQ:GE... -

executor >  slurm (236)
[42/5df762] process > NFCORE_SMRNASEQ:SMRNASEQ:IN... [100%] 1 of 1 ✔
[-        ] process > NFCORE_SMRNASEQ:SMRNASEQ:CA... -
[f6/dbdb26] process > NFCORE_SMRNASEQ:SMRNASEQ:FA... [100%] 36 of 36 ✔
[8d/39736e] process > NFCORE_SMRNASEQ:SMRNASEQ:FA... [100%] 36 of 36 ✔
[80/e7ad7f] process > NFCORE_SMRNASEQ:SMRNASEQ:FA... [100%] 36 of 36 ✔
[93/cf1bf1] process > NFCORE_SMRNASEQ:SMRNASEQ:MI... [ 97%] 35 of 36
[dc/eb752f] process > NFCORE_SMRNASEQ:SMRNASEQ:GE... [100%] 1 of 1 ✔
[bd/d96d74] process > NFCORE_SMRNASEQ:SMRNASEQ:GE... [ 97%] 35 of 36
[f8/dcca0f] process > NFCORE_SMRNASEQ:SMRNASEQ:GE... [ 34%] 12 of 35
[41/7be469] process > NFCORE_SMRNASEQ:SMRNASEQ:GE... [  8%] 1 of 12
[-        ] process > NFCORE_SMRNASEQ:SMRNASEQ:GE... -
[-        ] process > NFCORE_SMRNASEQ:SMRNASEQ:GE... -
[-        ] process > NFCORE_SMRNASEQ:SMRNASEQ:GE... -
[a1/efe453] process > NFCORE_SMRNASEQ:SMRNASEQ:GE... [  0%] 0 of 12
[-        ] process > NFCORE_SMRNASEQ:SMRNASEQ:GE... -
[-        ] process > NFCORE_SMRNASEQ:SMRNASEQ:GE... -

executor >  slurm (237)
[42/5df762] process > NFCORE_SMRNASEQ:SMRNASEQ:IN... [100%] 1 of 1 ✔
[-        ] process > NFCORE_SMRNASEQ:SMRNASEQ:CA... -
[f6/dbdb26] process > NFCORE_SMRNASEQ:SMRNASEQ:FA... [100%] 36 of 36 ✔
[8d/39736e] process > NFCORE_SMRNASEQ:SMRNASEQ:FA... [100%] 36 of 36 ✔
[80/e7ad7f] process > NFCORE_SMRNASEQ:SMRNASEQ:FA... [100%] 36 of 36 ✔
[93/cf1bf1] process > NFCORE_SMRNASEQ:SMRNASEQ:MI... [ 97%] 35 of 36
[dc/eb752f] process > NFCORE_SMRNASEQ:SMRNASEQ:GE... [100%] 1 of 1 ✔
[bd/d96d74] process > NFCORE_SMRNASEQ:SMRNASEQ:GE... [ 97%] 35 of 36
[f8/dcca0f] process > NFCORE_SMRNASEQ:SMRNASEQ:GE... [ 34%] 12 of 35
[41/7be469] process > NFCORE_SMRNASEQ:SMRNASEQ:GE... [  8%] 1 of 12
[-        ] process > NFCORE_SMRNASEQ:SMRNASEQ:GE... -
[-        ] process > NFCORE_SMRNASEQ:SMRNASEQ:GE... -
[-        ] process > NFCORE_SMRNASEQ:SMRNASEQ:GE... -
[90/40ca91] process > NFCORE_SMRNASEQ:SMRNASEQ:GE... [  0%] 0 of 12
[-        ] process > NFCORE_SMRNASEQ:SMRNASEQ:GE... -
[-        ] process > NFCORE_SMRNASEQ:SMRNASEQ:GE... -

executor >  slurm (238)
[42/5df762] process > NFCORE_SMRNASEQ:SMRNASEQ:IN... [100%] 1 of 1 ✔
[-        ] process > NFCORE_SMRNASEQ:SMRNASEQ:CA... -
[f6/dbdb26] process > NFCORE_SMRNASEQ:SMRNASEQ:FA... [100%] 36 of 36 ✔
[8d/39736e] process > NFCORE_SMRNASEQ:SMRNASEQ:FA... [100%] 36 of 36 ✔
[80/e7ad7f] process > NFCORE_SMRNASEQ:SMRNASEQ:FA... [100%] 36 of 36 ✔
[93/cf1bf1] process > NFCORE_SMRNASEQ:SMRNASEQ:MI... [ 97%] 35 of 36
[dc/eb752f] process > NFCORE_SMRNASEQ:SMRNASEQ:GE... [100%] 1 of 1 ✔
[bd/d96d74] process > NFCORE_SMRNASEQ:SMRNASEQ:GE... [ 97%] 35 of 36
[f8/dcca0f] process > NFCORE_SMRNASEQ:SMRNASEQ:GE... [ 34%] 12 of 35
[41/7be469] process > NFCORE_SMRNASEQ:SMRNASEQ:GE... [  8%] 1 of 12
[-        ] process > NFCORE_SMRNASEQ:SMRNASEQ:GE... -
[-        ] process > NFCORE_SMRNASEQ:SMRNASEQ:GE... -
[-        ] process > NFCORE_SMRNASEQ:SMRNASEQ:GE... -
[3e/66691e] process > NFCORE_SMRNASEQ:SMRNASEQ:GE... [  0%] 0 of 12
[-        ] process > NFCORE_SMRNASEQ:SMRNASEQ:GE... -
[-        ] process > NFCORE_SMRNASEQ:SMRNASEQ:GE... -

executor >  slurm (239)
[42/5df762] process > NFCORE_SMRNASEQ:SMRNASEQ:IN... [100%] 1 of 1 ✔
[-        ] process > NFCORE_SMRNASEQ:SMRNASEQ:CA... -
[f6/dbdb26] process > NFCORE_SMRNASEQ:SMRNASEQ:FA... [100%] 36 of 36 ✔
[8d/39736e] process > NFCORE_SMRNASEQ:SMRNASEQ:FA... [100%] 36 of 36 ✔
[80/e7ad7f] process > NFCORE_SMRNASEQ:SMRNASEQ:FA... [100%] 36 of 36 ✔
[93/cf1bf1] process > NFCORE_SMRNASEQ:SMRNASEQ:MI... [ 97%] 35 of 36
[dc/eb752f] process > NFCORE_SMRNASEQ:SMRNASEQ:GE... [100%] 1 of 1 ✔
[bd/d96d74] process > NFCORE_SMRNASEQ:SMRNASEQ:GE... [ 97%] 35 of 36
[c4/6e402c] process > NFCORE_SMRNASEQ:SMRNASEQ:GE... [ 40%] 14 of 35
[b5/1d51c6] process > NFCORE_SMRNASEQ:SMRNASEQ:GE... [  7%] 1 of 14
[-        ] process > NFCORE_SMRNASEQ:SMRNASEQ:GE... -
[-        ] process > NFCORE_SMRNASEQ:SMRNASEQ:GE... -
[-        ] process > NFCORE_SMRNASEQ:SMRNASEQ:GE... -
[3e/66691e] process > NFCORE_SMRNASEQ:SMRNASEQ:GE... [  0%] 0 of 14
[-        ] process > NFCORE_SMRNASEQ:SMRNASEQ:GE... -
[-        ] process > NFCORE_SMRNASEQ:SMRNASEQ:GE... -

executor >  slurm (242)
[42/5df762] process > NFCORE_SMRNASEQ:SMRNASEQ:IN... [100%] 1 of 1 ✔
[-        ] process > NFCORE_SMRNASEQ:SMRNASEQ:CA... -
[f6/dbdb26] process > NFCORE_SMRNASEQ:SMRNASEQ:FA... [100%] 36 of 36 ✔
[8d/39736e] process > NFCORE_SMRNASEQ:SMRNASEQ:FA... [100%] 36 of 36 ✔
[80/e7ad7f] process > NFCORE_SMRNASEQ:SMRNASEQ:FA... [100%] 36 of 36 ✔
[93/cf1bf1] process > NFCORE_SMRNASEQ:SMRNASEQ:MI... [ 97%] 35 of 36
[dc/eb752f] process > NFCORE_SMRNASEQ:SMRNASEQ:GE... [100%] 1 of 1 ✔
[bd/d96d74] process > NFCORE_SMRNASEQ:SMRNASEQ:GE... [ 97%] 35 of 36
[c4/6e402c] process > NFCORE_SMRNASEQ:SMRNASEQ:GE... [ 40%] 14 of 35
[6d/487eba] process > NFCORE_SMRNASEQ:SMRNASEQ:GE... [  7%] 1 of 14
[-        ] process > NFCORE_SMRNASEQ:SMRNASEQ:GE... -
[-        ] process > NFCORE_SMRNASEQ:SMRNASEQ:GE... -
[-        ] process > NFCORE_SMRNASEQ:SMRNASEQ:GE... -
[cd/f7ff91] process > NFCORE_SMRNASEQ:SMRNASEQ:GE... [  0%] 0 of 14
[-        ] process > NFCORE_SMRNASEQ:SMRNASEQ:GE... -
[-        ] process > NFCORE_SMRNASEQ:SMRNASEQ:GE... -

executor >  slurm (245)
[42/5df762] process > NFCORE_SMRNASEQ:SMRNASEQ:IN... [100%] 1 of 1 ✔
[-        ] process > NFCORE_SMRNASEQ:SMRNASEQ:CA... -
[f6/dbdb26] process > NFCORE_SMRNASEQ:SMRNASEQ:FA... [100%] 36 of 36 ✔
[8d/39736e] process > NFCORE_SMRNASEQ:SMRNASEQ:FA... [100%] 36 of 36 ✔
[80/e7ad7f] process > NFCORE_SMRNASEQ:SMRNASEQ:FA... [100%] 36 of 36 ✔
[93/cf1bf1] process > NFCORE_SMRNASEQ:SMRNASEQ:MI... [ 97%] 35 of 36
[dc/eb752f] process > NFCORE_SMRNASEQ:SMRNASEQ:GE... [100%] 1 of 1 ✔
[bd/d96d74] process > NFCORE_SMRNASEQ:SMRNASEQ:GE... [ 97%] 35 of 36
[c4/6e402c] process > NFCORE_SMRNASEQ:SMRNASEQ:GE... [ 40%] 14 of 35
[0c/63f9fc] process > NFCORE_SMRNASEQ:SMRNASEQ:GE... [  7%] 1 of 14
[-        ] process > NFCORE_SMRNASEQ:SMRNASEQ:GE... -
[-        ] process > NFCORE_SMRNASEQ:SMRNASEQ:GE... -
[-        ] process > NFCORE_SMRNASEQ:SMRNASEQ:GE... -
[84/f71f05] process > NFCORE_SMRNASEQ:SMRNASEQ:GE... [  0%] 0 of 14
[-        ] process > NFCORE_SMRNASEQ:SMRNASEQ:GE... -
[-        ] process > NFCORE_SMRNASEQ:SMRNASEQ:GE... -

executor >  slurm (245)
[42/5df762] process > NFCORE_SMRNASEQ:SMRNASEQ:IN... [100%] 1 of 1 ✔
[-        ] process > NFCORE_SMRNASEQ:SMRNASEQ:CA... -
[f6/dbdb26] process > NFCORE_SMRNASEQ:SMRNASEQ:FA... [100%] 36 of 36 ✔
[8d/39736e] process > NFCORE_SMRNASEQ:SMRNASEQ:FA... [100%] 36 of 36 ✔
[80/e7ad7f] process > NFCORE_SMRNASEQ:SMRNASEQ:FA... [100%] 36 of 36 ✔
[93/cf1bf1] process > NFCORE_SMRNASEQ:SMRNASEQ:MI... [ 97%] 35 of 36
[dc/eb752f] process > NFCORE_SMRNASEQ:SMRNASEQ:GE... [100%] 1 of 1 ✔
[bd/d96d74] process > NFCORE_SMRNASEQ:SMRNASEQ:GE... [ 97%] 35 of 36
[c4/6e402c] process > NFCORE_SMRNASEQ:SMRNASEQ:GE... [ 40%] 14 of 35
[0c/63f9fc] process > NFCORE_SMRNASEQ:SMRNASEQ:GE... [  7%] 1 of 14
[-        ] process > NFCORE_SMRNASEQ:SMRNASEQ:GE... -
[-        ] process > NFCORE_SMRNASEQ:SMRNASEQ:GE... -
[-        ] process > NFCORE_SMRNASEQ:SMRNASEQ:GE... -
[84/f71f05] process > NFCORE_SMRNASEQ:SMRNASEQ:GE... [  0%] 0 of 14
[-        ] process > NFCORE_SMRNASEQ:SMRNASEQ:GE... -
[-        ] process > NFCORE_SMRNASEQ:SMRNASEQ:GE... -

executor >  slurm (245)
[42/5df762] process > NFCORE_SMRNASEQ:SMRNASEQ:IN... [100%] 1 of 1 ✔
[-        ] process > NFCORE_SMRNASEQ:SMRNASEQ:CA... -
[f6/dbdb26] process > NFCORE_SMRNASEQ:SMRNASEQ:FA... [100%] 36 of 36 ✔
[8d/39736e] process > NFCORE_SMRNASEQ:SMRNASEQ:FA... [100%] 36 of 36 ✔
[80/e7ad7f] process > NFCORE_SMRNASEQ:SMRNASEQ:FA... [100%] 36 of 36 ✔
[93/cf1bf1] process > NFCORE_SMRNASEQ:SMRNASEQ:MI... [ 97%] 35 of 36
[dc/eb752f] process > NFCORE_SMRNASEQ:SMRNASEQ:GE... [100%] 1 of 1 ✔
[bd/d96d74] process > NFCORE_SMRNASEQ:SMRNASEQ:GE... [ 97%] 35 of 36
[37/266cdc] process > NFCORE_SMRNASEQ:SMRNASEQ:GE... [ 51%] 18 of 35
[ba/cc9c43] process > NFCORE_SMRNASEQ:SMRNASEQ:GE... [  5%] 1 of 18
[-        ] process > NFCORE_SMRNASEQ:SMRNASEQ:GE... -
[-        ] process > NFCORE_SMRNASEQ:SMRNASEQ:GE... -
[-        ] process > NFCORE_SMRNASEQ:SMRNASEQ:GE... -
[84/f71f05] process > NFCORE_SMRNASEQ:SMRNASEQ:GE... [  0%] 0 of 18
[-        ] process > NFCORE_SMRNASEQ:SMRNASEQ:GE... -
[-        ] process > NFCORE_SMRNASEQ:SMRNASEQ:GE... -

executor >  slurm (248)
[42/5df762] process > NFCORE_SMRNASEQ:SMRNASEQ:IN... [100%] 1 of 1 ✔
[-        ] process > NFCORE_SMRNASEQ:SMRNASEQ:CA... -
[f6/dbdb26] process > NFCORE_SMRNASEQ:SMRNASEQ:FA... [100%] 36 of 36 ✔
[8d/39736e] process > NFCORE_SMRNASEQ:SMRNASEQ:FA... [100%] 36 of 36 ✔
[80/e7ad7f] process > NFCORE_SMRNASEQ:SMRNASEQ:FA... [100%] 36 of 36 ✔
[93/cf1bf1] process > NFCORE_SMRNASEQ:SMRNASEQ:MI... [ 97%] 35 of 36
[dc/eb752f] process > NFCORE_SMRNASEQ:SMRNASEQ:GE... [100%] 1 of 1 ✔
[bd/d96d74] process > NFCORE_SMRNASEQ:SMRNASEQ:GE... [ 97%] 35 of 36
[37/266cdc] process > NFCORE_SMRNASEQ:SMRNASEQ:GE... [ 51%] 18 of 35
[01/2f237b] process > NFCORE_SMRNASEQ:SMRNASEQ:GE... [ 11%] 2 of 18
[-        ] process > NFCORE_SMRNASEQ:SMRNASEQ:GE... -
[-        ] process > NFCORE_SMRNASEQ:SMRNASEQ:GE... -
[-        ] process > NFCORE_SMRNASEQ:SMRNASEQ:GE... -
[31/8cbcad] process > NFCORE_SMRNASEQ:SMRNASEQ:GE... [  0%] 0 of 18
[-        ] process > NFCORE_SMRNASEQ:SMRNASEQ:GE... -
[-        ] process > NFCORE_SMRNASEQ:SMRNASEQ:GE... -

executor >  slurm (252)
[42/5df762] process > NFCORE_SMRNASEQ:SMRNASEQ:IN... [100%] 1 of 1 ✔
[-        ] process > NFCORE_SMRNASEQ:SMRNASEQ:CA... -
[f6/dbdb26] process > NFCORE_SMRNASEQ:SMRNASEQ:FA... [100%] 36 of 36 ✔
[8d/39736e] process > NFCORE_SMRNASEQ:SMRNASEQ:FA... [100%] 36 of 36 ✔
[80/e7ad7f] process > NFCORE_SMRNASEQ:SMRNASEQ:FA... [100%] 36 of 36 ✔
[93/cf1bf1] process > NFCORE_SMRNASEQ:SMRNASEQ:MI... [ 97%] 35 of 36
[dc/eb752f] process > NFCORE_SMRNASEQ:SMRNASEQ:GE... [100%] 1 of 1 ✔
[bd/d96d74] process > NFCORE_SMRNASEQ:SMRNASEQ:GE... [ 97%] 35 of 36
[37/266cdc] process > NFCORE_SMRNASEQ:SMRNASEQ:GE... [ 51%] 18 of 35
[2e/388fab] process > NFCORE_SMRNASEQ:SMRNASEQ:GE... [ 11%] 2 of 18
[-        ] process > NFCORE_SMRNASEQ:SMRNASEQ:GE... -
[-        ] process > NFCORE_SMRNASEQ:SMRNASEQ:GE... -
[-        ] process > NFCORE_SMRNASEQ:SMRNASEQ:GE... -
[e3/7a4694] process > NFCORE_SMRNASEQ:SMRNASEQ:GE... [  0%] 0 of 18
[-        ] process > NFCORE_SMRNASEQ:SMRNASEQ:GE... -
[-        ] process > NFCORE_SMRNASEQ:SMRNASEQ:GE... -

executor >  slurm (253)
[42/5df762] process > NFCORE_SMRNASEQ:SMRNASEQ:IN... [100%] 1 of 1 ✔
[-        ] process > NFCORE_SMRNASEQ:SMRNASEQ:CA... -
[f6/dbdb26] process > NFCORE_SMRNASEQ:SMRNASEQ:FA... [100%] 36 of 36 ✔
[8d/39736e] process > NFCORE_SMRNASEQ:SMRNASEQ:FA... [100%] 36 of 36 ✔
[80/e7ad7f] process > NFCORE_SMRNASEQ:SMRNASEQ:FA... [100%] 36 of 36 ✔
[93/cf1bf1] process > NFCORE_SMRNASEQ:SMRNASEQ:MI... [ 97%] 35 of 36
[dc/eb752f] process > NFCORE_SMRNASEQ:SMRNASEQ:GE... [100%] 1 of 1 ✔
[bd/d96d74] process > NFCORE_SMRNASEQ:SMRNASEQ:GE... [ 97%] 35 of 36
[37/266cdc] process > NFCORE_SMRNASEQ:SMRNASEQ:GE... [ 51%] 18 of 35
[38/92827b] process > NFCORE_SMRNASEQ:SMRNASEQ:GE... [ 11%] 2 of 18
[-        ] process > NFCORE_SMRNASEQ:SMRNASEQ:GE... -
[-        ] process > NFCORE_SMRNASEQ:SMRNASEQ:GE... -
[-        ] process > NFCORE_SMRNASEQ:SMRNASEQ:GE... -
[e3/7a4694] process > NFCORE_SMRNASEQ:SMRNASEQ:GE... [  0%] 0 of 18
[-        ] process > NFCORE_SMRNASEQ:SMRNASEQ:GE... -
[-        ] process > NFCORE_SMRNASEQ:SMRNASEQ:GE... -

executor >  slurm (254)
[42/5df762] process > NFCORE_SMRNASEQ:SMRNASEQ:IN... [100%] 1 of 1 ✔
[-        ] process > NFCORE_SMRNASEQ:SMRNASEQ:CA... -
[f6/dbdb26] process > NFCORE_SMRNASEQ:SMRNASEQ:FA... [100%] 36 of 36 ✔
[8d/39736e] process > NFCORE_SMRNASEQ:SMRNASEQ:FA... [100%] 36 of 36 ✔
[80/e7ad7f] process > NFCORE_SMRNASEQ:SMRNASEQ:FA... [100%] 36 of 36 ✔
[93/cf1bf1] process > NFCORE_SMRNASEQ:SMRNASEQ:MI... [ 97%] 35 of 36
[dc/eb752f] process > NFCORE_SMRNASEQ:SMRNASEQ:GE... [100%] 1 of 1 ✔
[bd/d96d74] process > NFCORE_SMRNASEQ:SMRNASEQ:GE... [ 97%] 35 of 36
[e5/84d4e4] process > NFCORE_SMRNASEQ:SMRNASEQ:GE... [ 62%] 22 of 35
[d5/1bc1e0] process > NFCORE_SMRNASEQ:SMRNASEQ:GE... [  9%] 2 of 22
[-        ] process > NFCORE_SMRNASEQ:SMRNASEQ:GE... -
[-        ] process > NFCORE_SMRNASEQ:SMRNASEQ:GE... -
[-        ] process > NFCORE_SMRNASEQ:SMRNASEQ:GE... -
[e3/7a4694] process > NFCORE_SMRNASEQ:SMRNASEQ:GE... [  0%] 0 of 22
[-        ] process > NFCORE_SMRNASEQ:SMRNASEQ:GE... -
[-        ] process > NFCORE_SMRNASEQ:SMRNASEQ:GE... -

executor >  slurm (257)
[42/5df762] process > NFCORE_SMRNASEQ:SMRNASEQ:IN... [100%] 1 of 1 ✔
[-        ] process > NFCORE_SMRNASEQ:SMRNASEQ:CA... -
[f6/dbdb26] process > NFCORE_SMRNASEQ:SMRNASEQ:FA... [100%] 36 of 36 ✔
[8d/39736e] process > NFCORE_SMRNASEQ:SMRNASEQ:FA... [100%] 36 of 36 ✔
[80/e7ad7f] process > NFCORE_SMRNASEQ:SMRNASEQ:FA... [100%] 36 of 36 ✔
[93/cf1bf1] process > NFCORE_SMRNASEQ:SMRNASEQ:MI... [ 97%] 35 of 36
[dc/eb752f] process > NFCORE_SMRNASEQ:SMRNASEQ:GE... [100%] 1 of 1 ✔
[bd/d96d74] process > NFCORE_SMRNASEQ:SMRNASEQ:GE... [ 97%] 35 of 36
[e5/84d4e4] process > NFCORE_SMRNASEQ:SMRNASEQ:GE... [ 62%] 22 of 35
[c1/755f70] process > NFCORE_SMRNASEQ:SMRNASEQ:GE... [  9%] 2 of 22
[-        ] process > NFCORE_SMRNASEQ:SMRNASEQ:GE... -
[-        ] process > NFCORE_SMRNASEQ:SMRNASEQ:GE... -
[-        ] process > NFCORE_SMRNASEQ:SMRNASEQ:GE... -
[e0/6a213d] process > NFCORE_SMRNASEQ:SMRNASEQ:GE... [  0%] 0 of 22
[-        ] process > NFCORE_SMRNASEQ:SMRNASEQ:GE... -
[-        ] process > NFCORE_SMRNASEQ:SMRNASEQ:GE... -

executor >  slurm (260)
[42/5df762] process > NFCORE_SMRNASEQ:SMRNASEQ:IN... [100%] 1 of 1 ✔
[-        ] process > NFCORE_SMRNASEQ:SMRNASEQ:CA... -
[f6/dbdb26] process > NFCORE_SMRNASEQ:SMRNASEQ:FA... [100%] 36 of 36 ✔
[8d/39736e] process > NFCORE_SMRNASEQ:SMRNASEQ:FA... [100%] 36 of 36 ✔
[80/e7ad7f] process > NFCORE_SMRNASEQ:SMRNASEQ:FA... [100%] 36 of 36 ✔
[93/cf1bf1] process > NFCORE_SMRNASEQ:SMRNASEQ:MI... [ 97%] 35 of 36
[dc/eb752f] process > NFCORE_SMRNASEQ:SMRNASEQ:GE... [100%] 1 of 1 ✔
[bd/d96d74] process > NFCORE_SMRNASEQ:SMRNASEQ:GE... [ 97%] 35 of 36
[e5/84d4e4] process > NFCORE_SMRNASEQ:SMRNASEQ:GE... [ 62%] 22 of 35
[ee/ad87bf] process > NFCORE_SMRNASEQ:SMRNASEQ:GE... [  9%] 2 of 22
[-        ] process > NFCORE_SMRNASEQ:SMRNASEQ:GE... -
[-        ] process > NFCORE_SMRNASEQ:SMRNASEQ:GE... -
[-        ] process > NFCORE_SMRNASEQ:SMRNASEQ:GE... -
[7b/d28f45] process > NFCORE_SMRNASEQ:SMRNASEQ:GE... [  0%] 0 of 22
[-        ] process > NFCORE_SMRNASEQ:SMRNASEQ:GE... -
[-        ] process > NFCORE_SMRNASEQ:SMRNASEQ:GE... -

executor >  slurm (261)
[42/5df762] process > NFCORE_SMRNASEQ:SMRNASEQ:IN... [100%] 1 of 1 ✔
[-        ] process > NFCORE_SMRNASEQ:SMRNASEQ:CA... -
[f6/dbdb26] process > NFCORE_SMRNASEQ:SMRNASEQ:FA... [100%] 36 of 36 ✔
[8d/39736e] process > NFCORE_SMRNASEQ:SMRNASEQ:FA... [100%] 36 of 36 ✔
[80/e7ad7f] process > NFCORE_SMRNASEQ:SMRNASEQ:FA... [100%] 36 of 36 ✔
[93/cf1bf1] process > NFCORE_SMRNASEQ:SMRNASEQ:MI... [ 97%] 35 of 36
[dc/eb752f] process > NFCORE_SMRNASEQ:SMRNASEQ:GE... [100%] 1 of 1 ✔
[bd/d96d74] process > NFCORE_SMRNASEQ:SMRNASEQ:GE... [ 97%] 35 of 36
[e5/84d4e4] process > NFCORE_SMRNASEQ:SMRNASEQ:GE... [ 62%] 22 of 35
[ee/ad87bf] process > NFCORE_SMRNASEQ:SMRNASEQ:GE... [  9%] 2 of 22
[-        ] process > NFCORE_SMRNASEQ:SMRNASEQ:GE... -
[-        ] process > NFCORE_SMRNASEQ:SMRNASEQ:GE... -
[-        ] process > NFCORE_SMRNASEQ:SMRNASEQ:GE... -
[d8/a857ef] process > NFCORE_SMRNASEQ:SMRNASEQ:GE... [  0%] 0 of 22
[-        ] process > NFCORE_SMRNASEQ:SMRNASEQ:GE... -
[-        ] process > NFCORE_SMRNASEQ:SMRNASEQ:GE... -

executor >  slurm (261)
[42/5df762] process > NFCORE_SMRNASEQ:SMRNASEQ:IN... [100%] 1 of 1 ✔
[-        ] process > NFCORE_SMRNASEQ:SMRNASEQ:CA... -
[f6/dbdb26] process > NFCORE_SMRNASEQ:SMRNASEQ:FA... [100%] 36 of 36 ✔
[8d/39736e] process > NFCORE_SMRNASEQ:SMRNASEQ:FA... [100%] 36 of 36 ✔
[80/e7ad7f] process > NFCORE_SMRNASEQ:SMRNASEQ:FA... [100%] 36 of 36 ✔
[93/cf1bf1] process > NFCORE_SMRNASEQ:SMRNASEQ:MI... [ 97%] 35 of 36
[dc/eb752f] process > NFCORE_SMRNASEQ:SMRNASEQ:GE... [100%] 1 of 1 ✔
[bd/d96d74] process > NFCORE_SMRNASEQ:SMRNASEQ:GE... [ 97%] 35 of 36
[e5/84d4e4] process > NFCORE_SMRNASEQ:SMRNASEQ:GE... [ 62%] 22 of 35
[47/6f7cc9] process > NFCORE_SMRNASEQ:SMRNASEQ:GE... [ 13%] 3 of 22
[-        ] process > NFCORE_SMRNASEQ:SMRNASEQ:GE... -
[-        ] process > NFCORE_SMRNASEQ:SMRNASEQ:GE... -
[-        ] process > NFCORE_SMRNASEQ:SMRNASEQ:GE... -
[d8/a857ef] process > NFCORE_SMRNASEQ:SMRNASEQ:GE... [  0%] 0 of 22
[-        ] process > NFCORE_SMRNASEQ:SMRNASEQ:GE... -
[-        ] process > NFCORE_SMRNASEQ:SMRNASEQ:GE... -

executor >  slurm (261)
[42/5df762] process > NFCORE_SMRNASEQ:SMRNASEQ:IN... [100%] 1 of 1 ✔
[-        ] process > NFCORE_SMRNASEQ:SMRNASEQ:CA... -
[f6/dbdb26] process > NFCORE_SMRNASEQ:SMRNASEQ:FA... [100%] 36 of 36 ✔
[8d/39736e] process > NFCORE_SMRNASEQ:SMRNASEQ:FA... [100%] 36 of 36 ✔
[80/e7ad7f] process > NFCORE_SMRNASEQ:SMRNASEQ:FA... [100%] 36 of 36 ✔
[93/cf1bf1] process > NFCORE_SMRNASEQ:SMRNASEQ:MI... [ 97%] 35 of 36
[dc/eb752f] process > NFCORE_SMRNASEQ:SMRNASEQ:GE... [100%] 1 of 1 ✔
[bd/d96d74] process > NFCORE_SMRNASEQ:SMRNASEQ:GE... [ 97%] 35 of 36
[e5/84d4e4] process > NFCORE_SMRNASEQ:SMRNASEQ:GE... [ 62%] 22 of 35
[0c/63f9fc] process > NFCORE_SMRNASEQ:SMRNASEQ:GE... [ 40%] 9 of 22
[-        ] process > NFCORE_SMRNASEQ:SMRNASEQ:GE... -
[-        ] process > NFCORE_SMRNASEQ:SMRNASEQ:GE... -
[-        ] process > NFCORE_SMRNASEQ:SMRNASEQ:GE... -
[d8/a857ef] process > NFCORE_SMRNASEQ:SMRNASEQ:GE... [  0%] 0 of 22
[-        ] process > NFCORE_SMRNASEQ:SMRNASEQ:GE... -
[-        ] process > NFCORE_SMRNASEQ:SMRNASEQ:GE... -

executor >  slurm (261)
[42/5df762] process > NFCORE_SMRNASEQ:SMRNASEQ:IN... [100%] 1 of 1 ✔
[-        ] process > NFCORE_SMRNASEQ:SMRNASEQ:CA... -
[f6/dbdb26] process > NFCORE_SMRNASEQ:SMRNASEQ:FA... [100%] 36 of 36 ✔
[8d/39736e] process > NFCORE_SMRNASEQ:SMRNASEQ:FA... [100%] 36 of 36 ✔
[80/e7ad7f] process > NFCORE_SMRNASEQ:SMRNASEQ:FA... [100%] 36 of 36 ✔
[93/cf1bf1] process > NFCORE_SMRNASEQ:SMRNASEQ:MI... [ 97%] 35 of 36
[dc/eb752f] process > NFCORE_SMRNASEQ:SMRNASEQ:GE... [100%] 1 of 1 ✔
[bd/d96d74] process > NFCORE_SMRNASEQ:SMRNASEQ:GE... [ 97%] 35 of 36
[e5/84d4e4] process > NFCORE_SMRNASEQ:SMRNASEQ:GE... [ 62%] 22 of 35
[60/c229e2] process > NFCORE_SMRNASEQ:SMRNASEQ:GE... [ 50%] 11 of 22
[-        ] process > NFCORE_SMRNASEQ:SMRNASEQ:GE... -
[-        ] process > NFCORE_SMRNASEQ:SMRNASEQ:GE... -
[-        ] process > NFCORE_SMRNASEQ:SMRNASEQ:GE... -
[d8/a857ef] process > NFCORE_SMRNASEQ:SMRNASEQ:GE... [  0%] 0 of 22
[-        ] process > NFCORE_SMRNASEQ:SMRNASEQ:GE... -
[-        ] process > NFCORE_SMRNASEQ:SMRNASEQ:GE... -

executor >  slurm (261)
[42/5df762] process > NFCORE_SMRNASEQ:SMRNASEQ:IN... [100%] 1 of 1 ✔
[-        ] process > NFCORE_SMRNASEQ:SMRNASEQ:CA... -
[f6/dbdb26] process > NFCORE_SMRNASEQ:SMRNASEQ:FA... [100%] 36 of 36 ✔
[8d/39736e] process > NFCORE_SMRNASEQ:SMRNASEQ:FA... [100%] 36 of 36 ✔
[80/e7ad7f] process > NFCORE_SMRNASEQ:SMRNASEQ:FA... [100%] 36 of 36 ✔
[93/cf1bf1] process > NFCORE_SMRNASEQ:SMRNASEQ:MI... [ 97%] 35 of 36
[dc/eb752f] process > NFCORE_SMRNASEQ:SMRNASEQ:GE... [100%] 1 of 1 ✔
[bd/d96d74] process > NFCORE_SMRNASEQ:SMRNASEQ:GE... [ 97%] 35 of 36
[d0/e9bdaf] process > NFCORE_SMRNASEQ:SMRNASEQ:GE... [ 65%] 23 of 35
[60/c229e2] process > NFCORE_SMRNASEQ:SMRNASEQ:GE... [ 50%] 11 of 22
[-        ] process > NFCORE_SMRNASEQ:SMRNASEQ:GE... -
[-        ] process > NFCORE_SMRNASEQ:SMRNASEQ:GE... -
[-        ] process > NFCORE_SMRNASEQ:SMRNASEQ:GE... -
[d8/a857ef] process > NFCORE_SMRNASEQ:SMRNASEQ:GE... [  0%] 0 of 22
[-        ] process > NFCORE_SMRNASEQ:SMRNASEQ:GE... -
[-        ] process > NFCORE_SMRNASEQ:SMRNASEQ:GE... -

executor >  slurm (263)
[42/5df762] process > NFCORE_SMRNASEQ:SMRNASEQ:IN... [100%] 1 of 1 ✔
[-        ] process > NFCORE_SMRNASEQ:SMRNASEQ:CA... -
[f6/dbdb26] process > NFCORE_SMRNASEQ:SMRNASEQ:FA... [100%] 36 of 36 ✔
[8d/39736e] process > NFCORE_SMRNASEQ:SMRNASEQ:FA... [100%] 36 of 36 ✔
[80/e7ad7f] process > NFCORE_SMRNASEQ:SMRNASEQ:FA... [100%] 36 of 36 ✔
[93/cf1bf1] process > NFCORE_SMRNASEQ:SMRNASEQ:MI... [ 97%] 35 of 36
[dc/eb752f] process > NFCORE_SMRNASEQ:SMRNASEQ:GE... [100%] 1 of 1 ✔
[bd/d96d74] process > NFCORE_SMRNASEQ:SMRNASEQ:GE... [ 97%] 35 of 36
[d0/e9bdaf] process > NFCORE_SMRNASEQ:SMRNASEQ:GE... [ 65%] 23 of 35
[0f/653607] process > NFCORE_SMRNASEQ:SMRNASEQ:GE... [ 47%] 11 of 23
[-        ] process > NFCORE_SMRNASEQ:SMRNASEQ:GE... -
[-        ] process > NFCORE_SMRNASEQ:SMRNASEQ:GE... -
[-        ] process > NFCORE_SMRNASEQ:SMRNASEQ:GE... -
[bb/1f13c1] process > NFCORE_SMRNASEQ:SMRNASEQ:GE... [  0%] 0 of 23
[-        ] process > NFCORE_SMRNASEQ:SMRNASEQ:GE... -
[-        ] process > NFCORE_SMRNASEQ:SMRNASEQ:GE... -

executor >  slurm (263)
[42/5df762] process > NFCORE_SMRNASEQ:SMRNASEQ:IN... [100%] 1 of 1 ✔
[-        ] process > NFCORE_SMRNASEQ:SMRNASEQ:CA... -
[f6/dbdb26] process > NFCORE_SMRNASEQ:SMRNASEQ:FA... [100%] 36 of 36 ✔
[8d/39736e] process > NFCORE_SMRNASEQ:SMRNASEQ:FA... [100%] 36 of 36 ✔
[80/e7ad7f] process > NFCORE_SMRNASEQ:SMRNASEQ:FA... [100%] 36 of 36 ✔
[93/cf1bf1] process > NFCORE_SMRNASEQ:SMRNASEQ:MI... [ 97%] 35 of 36
[dc/eb752f] process > NFCORE_SMRNASEQ:SMRNASEQ:GE... [100%] 1 of 1 ✔
[bd/d96d74] process > NFCORE_SMRNASEQ:SMRNASEQ:GE... [ 97%] 35 of 36
[13/619c45] process > NFCORE_SMRNASEQ:SMRNASEQ:GE... [ 68%] 24 of 35
[0f/653607] process > NFCORE_SMRNASEQ:SMRNASEQ:GE... [ 45%] 11 of 24
[-        ] process > NFCORE_SMRNASEQ:SMRNASEQ:GE... -
[-        ] process > NFCORE_SMRNASEQ:SMRNASEQ:GE... -
[-        ] process > NFCORE_SMRNASEQ:SMRNASEQ:GE... -
[bb/1f13c1] process > NFCORE_SMRNASEQ:SMRNASEQ:GE... [  0%] 0 of 24
[-        ] process > NFCORE_SMRNASEQ:SMRNASEQ:GE... -
[-        ] process > NFCORE_SMRNASEQ:SMRNASEQ:GE... -

executor >  slurm (265)
[42/5df762] process > NFCORE_SMRNASEQ:SMRNASEQ:IN... [100%] 1 of 1 ✔
[-        ] process > NFCORE_SMRNASEQ:SMRNASEQ:CA... -
[f6/dbdb26] process > NFCORE_SMRNASEQ:SMRNASEQ:FA... [100%] 36 of 36 ✔
[8d/39736e] process > NFCORE_SMRNASEQ:SMRNASEQ:FA... [100%] 36 of 36 ✔
[80/e7ad7f] process > NFCORE_SMRNASEQ:SMRNASEQ:FA... [100%] 36 of 36 ✔
[93/cf1bf1] process > NFCORE_SMRNASEQ:SMRNASEQ:MI... [ 97%] 35 of 36
[dc/eb752f] process > NFCORE_SMRNASEQ:SMRNASEQ:GE... [100%] 1 of 1 ✔
[bd/d96d74] process > NFCORE_SMRNASEQ:SMRNASEQ:GE... [ 97%] 35 of 36
[13/619c45] process > NFCORE_SMRNASEQ:SMRNASEQ:GE... [ 68%] 24 of 35
[ac/673654] process > NFCORE_SMRNASEQ:SMRNASEQ:GE... [ 58%] 14 of 24
[-        ] process > NFCORE_SMRNASEQ:SMRNASEQ:GE... -
[-        ] process > NFCORE_SMRNASEQ:SMRNASEQ:GE... -
[-        ] process > NFCORE_SMRNASEQ:SMRNASEQ:GE... -
[71/a7a00f] process > NFCORE_SMRNASEQ:SMRNASEQ:GE... [  0%] 0 of 24
[-        ] process > NFCORE_SMRNASEQ:SMRNASEQ:GE... -
[-        ] process > NFCORE_SMRNASEQ:SMRNASEQ:GE... -

executor >  slurm (265)
[42/5df762] process > NFCORE_SMRNASEQ:SMRNASEQ:IN... [100%] 1 of 1 ✔
[-        ] process > NFCORE_SMRNASEQ:SMRNASEQ:CA... -
[f6/dbdb26] process > NFCORE_SMRNASEQ:SMRNASEQ:FA... [100%] 36 of 36 ✔
[8d/39736e] process > NFCORE_SMRNASEQ:SMRNASEQ:FA... [100%] 36 of 36 ✔
[80/e7ad7f] process > NFCORE_SMRNASEQ:SMRNASEQ:FA... [100%] 36 of 36 ✔
[93/cf1bf1] process > NFCORE_SMRNASEQ:SMRNASEQ:MI... [ 97%] 35 of 36
[dc/eb752f] process > NFCORE_SMRNASEQ:SMRNASEQ:GE... [100%] 1 of 1 ✔
[bd/d96d74] process > NFCORE_SMRNASEQ:SMRNASEQ:GE... [ 97%] 35 of 36
[e4/123684] process > NFCORE_SMRNASEQ:SMRNASEQ:GE... [ 77%] 27 of 35
[ac/673654] process > NFCORE_SMRNASEQ:SMRNASEQ:GE... [ 51%] 14 of 27
[-        ] process > NFCORE_SMRNASEQ:SMRNASEQ:GE... -
[-        ] process > NFCORE_SMRNASEQ:SMRNASEQ:GE... -
[-        ] process > NFCORE_SMRNASEQ:SMRNASEQ:GE... -
[71/a7a00f] process > NFCORE_SMRNASEQ:SMRNASEQ:GE... [  0%] 0 of 27
[-        ] process > NFCORE_SMRNASEQ:SMRNASEQ:GE... -
[-        ] process > NFCORE_SMRNASEQ:SMRNASEQ:GE... -

executor >  slurm (268)
[42/5df762] process > NFCORE_SMRNASEQ:SMRNASEQ:IN... [100%] 1 of 1 ✔
[-        ] process > NFCORE_SMRNASEQ:SMRNASEQ:CA... -
[f6/dbdb26] process > NFCORE_SMRNASEQ:SMRNASEQ:FA... [100%] 36 of 36 ✔
[8d/39736e] process > NFCORE_SMRNASEQ:SMRNASEQ:FA... [100%] 36 of 36 ✔
[80/e7ad7f] process > NFCORE_SMRNASEQ:SMRNASEQ:FA... [100%] 36 of 36 ✔
[93/cf1bf1] process > NFCORE_SMRNASEQ:SMRNASEQ:MI... [ 97%] 35 of 36
[dc/eb752f] process > NFCORE_SMRNASEQ:SMRNASEQ:GE... [100%] 1 of 1 ✔
[bd/d96d74] process > NFCORE_SMRNASEQ:SMRNASEQ:GE... [ 97%] 35 of 36
[e4/123684] process > NFCORE_SMRNASEQ:SMRNASEQ:GE... [ 77%] 27 of 35
[c8/353402] process > NFCORE_SMRNASEQ:SMRNASEQ:GE... [ 51%] 14 of 27
[-        ] process > NFCORE_SMRNASEQ:SMRNASEQ:GE... -
[-        ] process > NFCORE_SMRNASEQ:SMRNASEQ:GE... -
[-        ] process > NFCORE_SMRNASEQ:SMRNASEQ:GE... -
[e7/ebd33c] process > NFCORE_SMRNASEQ:SMRNASEQ:GE... [  0%] 0 of 27
[-        ] process > NFCORE_SMRNASEQ:SMRNASEQ:GE... -
[-        ] process > NFCORE_SMRNASEQ:SMRNASEQ:GE... -

executor >  slurm (271)
[42/5df762] process > NFCORE_SMRNASEQ:SMRNASEQ:IN... [100%] 1 of 1 ✔
[-        ] process > NFCORE_SMRNASEQ:SMRNASEQ:CA... -
[f6/dbdb26] process > NFCORE_SMRNASEQ:SMRNASEQ:FA... [100%] 36 of 36 ✔
[8d/39736e] process > NFCORE_SMRNASEQ:SMRNASEQ:FA... [100%] 36 of 36 ✔
[80/e7ad7f] process > NFCORE_SMRNASEQ:SMRNASEQ:FA... [100%] 36 of 36 ✔
[93/cf1bf1] process > NFCORE_SMRNASEQ:SMRNASEQ:MI... [ 97%] 35 of 36
[dc/eb752f] process > NFCORE_SMRNASEQ:SMRNASEQ:GE... [100%] 1 of 1 ✔
[bd/d96d74] process > NFCORE_SMRNASEQ:SMRNASEQ:GE... [ 97%] 35 of 36
[e4/123684] process > NFCORE_SMRNASEQ:SMRNASEQ:GE... [ 77%] 27 of 35
[6e/3af970] process > NFCORE_SMRNASEQ:SMRNASEQ:GE... [ 51%] 14 of 27
[-        ] process > NFCORE_SMRNASEQ:SMRNASEQ:GE... -
[-        ] process > NFCORE_SMRNASEQ:SMRNASEQ:GE... -
[-        ] process > NFCORE_SMRNASEQ:SMRNASEQ:GE... -
[89/d5d434] process > NFCORE_SMRNASEQ:SMRNASEQ:GE... [  0%] 0 of 27
[-        ] process > NFCORE_SMRNASEQ:SMRNASEQ:GE... -
[-        ] process > NFCORE_SMRNASEQ:SMRNASEQ:GE... -

executor >  slurm (272)
[42/5df762] process > NFCORE_SMRNASEQ:SMRNASEQ:IN... [100%] 1 of 1 ✔
[-        ] process > NFCORE_SMRNASEQ:SMRNASEQ:CA... -
[f6/dbdb26] process > NFCORE_SMRNASEQ:SMRNASEQ:FA... [100%] 36 of 36 ✔
[8d/39736e] process > NFCORE_SMRNASEQ:SMRNASEQ:FA... [100%] 36 of 36 ✔
[80/e7ad7f] process > NFCORE_SMRNASEQ:SMRNASEQ:FA... [100%] 36 of 36 ✔
[93/cf1bf1] process > NFCORE_SMRNASEQ:SMRNASEQ:MI... [ 97%] 35 of 36
[dc/eb752f] process > NFCORE_SMRNASEQ:SMRNASEQ:GE... [100%] 1 of 1 ✔
[bd/d96d74] process > NFCORE_SMRNASEQ:SMRNASEQ:GE... [ 97%] 35 of 36
[27/857b9c] process > NFCORE_SMRNASEQ:SMRNASEQ:GE... [ 80%] 28 of 35
[82/687cfe] process > NFCORE_SMRNASEQ:SMRNASEQ:GE... [ 50%] 14 of 28
[-        ] process > NFCORE_SMRNASEQ:SMRNASEQ:GE... -
[-        ] process > NFCORE_SMRNASEQ:SMRNASEQ:GE... -
[-        ] process > NFCORE_SMRNASEQ:SMRNASEQ:GE... -
[89/d5d434] process > NFCORE_SMRNASEQ:SMRNASEQ:GE... [  0%] 0 of 28
[-        ] process > NFCORE_SMRNASEQ:SMRNASEQ:GE... -
[-        ] process > NFCORE_SMRNASEQ:SMRNASEQ:GE... -

executor >  slurm (273)
[42/5df762] process > NFCORE_SMRNASEQ:SMRNASEQ:IN... [100%] 1 of 1 ✔
[-        ] process > NFCORE_SMRNASEQ:SMRNASEQ:CA... -
[f6/dbdb26] process > NFCORE_SMRNASEQ:SMRNASEQ:FA... [100%] 36 of 36 ✔
[8d/39736e] process > NFCORE_SMRNASEQ:SMRNASEQ:FA... [100%] 36 of 36 ✔
[80/e7ad7f] process > NFCORE_SMRNASEQ:SMRNASEQ:FA... [100%] 36 of 36 ✔
[93/cf1bf1] process > NFCORE_SMRNASEQ:SMRNASEQ:MI... [ 97%] 35 of 36
[dc/eb752f] process > NFCORE_SMRNASEQ:SMRNASEQ:GE... [100%] 1 of 1 ✔
[bd/d96d74] process > NFCORE_SMRNASEQ:SMRNASEQ:GE... [ 97%] 35 of 36
[27/857b9c] process > NFCORE_SMRNASEQ:SMRNASEQ:GE... [ 80%] 28 of 35
[82/687cfe] process > NFCORE_SMRNASEQ:SMRNASEQ:GE... [ 50%] 14 of 28
[-        ] process > NFCORE_SMRNASEQ:SMRNASEQ:GE... -
[-        ] process > NFCORE_SMRNASEQ:SMRNASEQ:GE... -
[-        ] process > NFCORE_SMRNASEQ:SMRNASEQ:GE... -
[f0/f3ba1a] process > NFCORE_SMRNASEQ:SMRNASEQ:GE... [  0%] 0 of 28
[-        ] process > NFCORE_SMRNASEQ:SMRNASEQ:GE... -
[-        ] process > NFCORE_SMRNASEQ:SMRNASEQ:GE... -

executor >  slurm (274)
[42/5df762] process > NFCORE_SMRNASEQ:SMRNASEQ:IN... [100%] 1 of 1 ✔
[-        ] process > NFCORE_SMRNASEQ:SMRNASEQ:CA... -
[f6/dbdb26] process > NFCORE_SMRNASEQ:SMRNASEQ:FA... [100%] 36 of 36 ✔
[8d/39736e] process > NFCORE_SMRNASEQ:SMRNASEQ:FA... [100%] 36 of 36 ✔
[80/e7ad7f] process > NFCORE_SMRNASEQ:SMRNASEQ:FA... [100%] 36 of 36 ✔
[93/cf1bf1] process > NFCORE_SMRNASEQ:SMRNASEQ:MI... [ 97%] 35 of 36
[dc/eb752f] process > NFCORE_SMRNASEQ:SMRNASEQ:GE... [100%] 1 of 1 ✔
[bd/d96d74] process > NFCORE_SMRNASEQ:SMRNASEQ:GE... [ 97%] 35 of 36
[45/2842c8] process > NFCORE_SMRNASEQ:SMRNASEQ:GE... [ 88%] 31 of 35
[38/ac0c06] process > NFCORE_SMRNASEQ:SMRNASEQ:GE... [ 45%] 14 of 31
[-        ] process > NFCORE_SMRNASEQ:SMRNASEQ:GE... -
[-        ] process > NFCORE_SMRNASEQ:SMRNASEQ:GE... -
[-        ] process > NFCORE_SMRNASEQ:SMRNASEQ:GE... -
[f0/f3ba1a] process > NFCORE_SMRNASEQ:SMRNASEQ:GE... [  0%] 0 of 31
[-        ] process > NFCORE_SMRNASEQ:SMRNASEQ:GE... -
[-        ] process > NFCORE_SMRNASEQ:SMRNASEQ:GE... -

executor >  slurm (277)
[42/5df762] process > NFCORE_SMRNASEQ:SMRNASEQ:IN... [100%] 1 of 1 ✔
[-        ] process > NFCORE_SMRNASEQ:SMRNASEQ:CA... -
[f6/dbdb26] process > NFCORE_SMRNASEQ:SMRNASEQ:FA... [100%] 36 of 36 ✔
[8d/39736e] process > NFCORE_SMRNASEQ:SMRNASEQ:FA... [100%] 36 of 36 ✔
[80/e7ad7f] process > NFCORE_SMRNASEQ:SMRNASEQ:FA... [100%] 36 of 36 ✔
[93/cf1bf1] process > NFCORE_SMRNASEQ:SMRNASEQ:MI... [ 97%] 35 of 36
[dc/eb752f] process > NFCORE_SMRNASEQ:SMRNASEQ:GE... [100%] 1 of 1 ✔
[bd/d96d74] process > NFCORE_SMRNASEQ:SMRNASEQ:GE... [ 97%] 35 of 36
[45/2842c8] process > NFCORE_SMRNASEQ:SMRNASEQ:GE... [ 88%] 31 of 35
[28/07a4c0] process > NFCORE_SMRNASEQ:SMRNASEQ:GE... [ 45%] 14 of 31
[-        ] process > NFCORE_SMRNASEQ:SMRNASEQ:GE... -
[-        ] process > NFCORE_SMRNASEQ:SMRNASEQ:GE... -
[-        ] process > NFCORE_SMRNASEQ:SMRNASEQ:GE... -
[72/3a470e] process > NFCORE_SMRNASEQ:SMRNASEQ:GE... [  0%] 0 of 31
[-        ] process > NFCORE_SMRNASEQ:SMRNASEQ:GE... -
[-        ] process > NFCORE_SMRNASEQ:SMRNASEQ:GE... -

executor >  slurm (279)
[42/5df762] process > NFCORE_SMRNASEQ:SMRNASEQ:IN... [100%] 1 of 1 ✔
[-        ] process > NFCORE_SMRNASEQ:SMRNASEQ:CA... -
[f6/dbdb26] process > NFCORE_SMRNASEQ:SMRNASEQ:FA... [100%] 36 of 36 ✔
[8d/39736e] process > NFCORE_SMRNASEQ:SMRNASEQ:FA... [100%] 36 of 36 ✔
[80/e7ad7f] process > NFCORE_SMRNASEQ:SMRNASEQ:FA... [100%] 36 of 36 ✔
[93/cf1bf1] process > NFCORE_SMRNASEQ:SMRNASEQ:MI... [ 97%] 35 of 36
[dc/eb752f] process > NFCORE_SMRNASEQ:SMRNASEQ:GE... [100%] 1 of 1 ✔
[bd/d96d74] process > NFCORE_SMRNASEQ:SMRNASEQ:GE... [ 97%] 35 of 36
[45/2842c8] process > NFCORE_SMRNASEQ:SMRNASEQ:GE... [ 88%] 31 of 35
[23/b9299d] process > NFCORE_SMRNASEQ:SMRNASEQ:GE... [ 45%] 14 of 31
[-        ] process > NFCORE_SMRNASEQ:SMRNASEQ:GE... -
[-        ] process > NFCORE_SMRNASEQ:SMRNASEQ:GE... -
[-        ] process > NFCORE_SMRNASEQ:SMRNASEQ:GE... -
[23/96326f] process > NFCORE_SMRNASEQ:SMRNASEQ:GE... [  0%] 0 of 31
[-        ] process > NFCORE_SMRNASEQ:SMRNASEQ:GE... -
[-        ] process > NFCORE_SMRNASEQ:SMRNASEQ:GE... -

executor >  slurm (279)
[42/5df762] process > NFCORE_SMRNASEQ:SMRNASEQ:IN... [100%] 1 of 1 ✔
[-        ] process > NFCORE_SMRNASEQ:SMRNASEQ:CA... -
[f6/dbdb26] process > NFCORE_SMRNASEQ:SMRNASEQ:FA... [100%] 36 of 36 ✔
[8d/39736e] process > NFCORE_SMRNASEQ:SMRNASEQ:FA... [100%] 36 of 36 ✔
[80/e7ad7f] process > NFCORE_SMRNASEQ:SMRNASEQ:FA... [100%] 36 of 36 ✔
[93/cf1bf1] process > NFCORE_SMRNASEQ:SMRNASEQ:MI... [ 97%] 35 of 36
[dc/eb752f] process > NFCORE_SMRNASEQ:SMRNASEQ:GE... [100%] 1 of 1 ✔
[bd/d96d74] process > NFCORE_SMRNASEQ:SMRNASEQ:GE... [ 97%] 35 of 36
[45/2842c8] process > NFCORE_SMRNASEQ:SMRNASEQ:GE... [ 88%] 31 of 35
[23/b9299d] process > NFCORE_SMRNASEQ:SMRNASEQ:GE... [ 45%] 14 of 31
[-        ] process > NFCORE_SMRNASEQ:SMRNASEQ:GE... -
[-        ] process > NFCORE_SMRNASEQ:SMRNASEQ:GE... -
[-        ] process > NFCORE_SMRNASEQ:SMRNASEQ:GE... -
[23/96326f] process > NFCORE_SMRNASEQ:SMRNASEQ:GE... [  0%] 0 of 31
[-        ] process > NFCORE_SMRNASEQ:SMRNASEQ:GE... -
[-        ] process > NFCORE_SMRNASEQ:SMRNASEQ:GE... -

executor >  slurm (279)
[42/5df762] process > NFCORE_SMRNASEQ:SMRNASEQ:IN... [100%] 1 of 1 ✔
[-        ] process > NFCORE_SMRNASEQ:SMRNASEQ:CA... -
[f6/dbdb26] process > NFCORE_SMRNASEQ:SMRNASEQ:FA... [100%] 36 of 36 ✔
[8d/39736e] process > NFCORE_SMRNASEQ:SMRNASEQ:FA... [100%] 36 of 36 ✔
[80/e7ad7f] process > NFCORE_SMRNASEQ:SMRNASEQ:FA... [100%] 36 of 36 ✔
[93/cf1bf1] process > NFCORE_SMRNASEQ:SMRNASEQ:MI... [ 97%] 35 of 36
[dc/eb752f] process > NFCORE_SMRNASEQ:SMRNASEQ:GE... [100%] 1 of 1 ✔
[bd/d96d74] process > NFCORE_SMRNASEQ:SMRNASEQ:GE... [ 97%] 35 of 36
[45/2842c8] process > NFCORE_SMRNASEQ:SMRNASEQ:GE... [ 88%] 31 of 35
[23/b9299d] process > NFCORE_SMRNASEQ:SMRNASEQ:GE... [ 45%] 14 of 31
[-        ] process > NFCORE_SMRNASEQ:SMRNASEQ:GE... -
[-        ] process > NFCORE_SMRNASEQ:SMRNASEQ:GE... -
[-        ] process > NFCORE_SMRNASEQ:SMRNASEQ:GE... -
[23/96326f] process > NFCORE_SMRNASEQ:SMRNASEQ:GE... [  0%] 0 of 31
[-        ] process > NFCORE_SMRNASEQ:SMRNASEQ:GE... -
[-        ] process > NFCORE_SMRNASEQ:SMRNASEQ:GE... -

executor >  slurm (280)
[42/5df762] process > NFCORE_SMRNASEQ:SMRNASEQ:IN... [100%] 1 of 1 ✔
[-        ] process > NFCORE_SMRNASEQ:SMRNASEQ:CA... -
[f6/dbdb26] process > NFCORE_SMRNASEQ:SMRNASEQ:FA... [100%] 36 of 36 ✔
[8d/39736e] process > NFCORE_SMRNASEQ:SMRNASEQ:FA... [100%] 36 of 36 ✔
[80/e7ad7f] process > NFCORE_SMRNASEQ:SMRNASEQ:FA... [100%] 36 of 36 ✔
[93/cf1bf1] process > NFCORE_SMRNASEQ:SMRNASEQ:MI... [ 97%] 35 of 36
[dc/eb752f] process > NFCORE_SMRNASEQ:SMRNASEQ:GE... [100%] 1 of 1 ✔
[bd/d96d74] process > NFCORE_SMRNASEQ:SMRNASEQ:GE... [ 97%] 35 of 36
[c7/389713] process > NFCORE_SMRNASEQ:SMRNASEQ:GE... [ 91%] 32 of 35
[ee/63958a] process > NFCORE_SMRNASEQ:SMRNASEQ:GE... [ 50%] 16 of 32
[-        ] process > NFCORE_SMRNASEQ:SMRNASEQ:GE... -
[-        ] process > NFCORE_SMRNASEQ:SMRNASEQ:GE... -
[-        ] process > NFCORE_SMRNASEQ:SMRNASEQ:GE... -
[d8/82d26e] process > NFCORE_SMRNASEQ:SMRNASEQ:GE... [  0%] 0 of 32
[-        ] process > NFCORE_SMRNASEQ:SMRNASEQ:GE... -
[-        ] process > NFCORE_SMRNASEQ:SMRNASEQ:GE... -

executor >  slurm (281)
[42/5df762] process > NFCORE_SMRNASEQ:SMRNASEQ:IN... [100%] 1 of 1 ✔
[-        ] process > NFCORE_SMRNASEQ:SMRNASEQ:CA... -
[f6/dbdb26] process > NFCORE_SMRNASEQ:SMRNASEQ:FA... [100%] 36 of 36 ✔
[8d/39736e] process > NFCORE_SMRNASEQ:SMRNASEQ:FA... [100%] 36 of 36 ✔
[80/e7ad7f] process > NFCORE_SMRNASEQ:SMRNASEQ:FA... [100%] 36 of 36 ✔
[93/cf1bf1] process > NFCORE_SMRNASEQ:SMRNASEQ:MI... [ 97%] 35 of 36
[dc/eb752f] process > NFCORE_SMRNASEQ:SMRNASEQ:GE... [100%] 1 of 1 ✔
[bd/d96d74] process > NFCORE_SMRNASEQ:SMRNASEQ:GE... [ 97%] 35 of 36
[c7/389713] process > NFCORE_SMRNASEQ:SMRNASEQ:GE... [ 91%] 32 of 35
[fd/3f9b1c] process > NFCORE_SMRNASEQ:SMRNASEQ:GE... [ 50%] 16 of 32
[-        ] process > NFCORE_SMRNASEQ:SMRNASEQ:GE... -
[-        ] process > NFCORE_SMRNASEQ:SMRNASEQ:GE... -
[-        ] process > NFCORE_SMRNASEQ:SMRNASEQ:GE... -
[d8/82d26e] process > NFCORE_SMRNASEQ:SMRNASEQ:GE... [  0%] 0 of 32
[-        ] process > NFCORE_SMRNASEQ:SMRNASEQ:GE... -
[-        ] process > NFCORE_SMRNASEQ:SMRNASEQ:GE... -

executor >  slurm (283)
[42/5df762] process > NFCORE_SMRNASEQ:SMRNASEQ:IN... [100%] 1 of 1 ✔
[-        ] process > NFCORE_SMRNASEQ:SMRNASEQ:CA... -
[f6/dbdb26] process > NFCORE_SMRNASEQ:SMRNASEQ:FA... [100%] 36 of 36 ✔
[8d/39736e] process > NFCORE_SMRNASEQ:SMRNASEQ:FA... [100%] 36 of 36 ✔
[80/e7ad7f] process > NFCORE_SMRNASEQ:SMRNASEQ:FA... [100%] 36 of 36 ✔
[93/cf1bf1] process > NFCORE_SMRNASEQ:SMRNASEQ:MI... [ 97%] 35 of 36
[dc/eb752f] process > NFCORE_SMRNASEQ:SMRNASEQ:GE... [100%] 1 of 1 ✔
[bd/d96d74] process > NFCORE_SMRNASEQ:SMRNASEQ:GE... [ 97%] 35 of 36
[95/9dd81d] process > NFCORE_SMRNASEQ:SMRNASEQ:GE... [ 94%] 33 of 35
[07/fb2807] process > NFCORE_SMRNASEQ:SMRNASEQ:GE... [ 51%] 17 of 33
[-        ] process > NFCORE_SMRNASEQ:SMRNASEQ:GE... -
[-        ] process > NFCORE_SMRNASEQ:SMRNASEQ:GE... -
[-        ] process > NFCORE_SMRNASEQ:SMRNASEQ:GE... -
[17/a776af] process > NFCORE_SMRNASEQ:SMRNASEQ:GE... [  0%] 0 of 33
[-        ] process > NFCORE_SMRNASEQ:SMRNASEQ:GE... -
[-        ] process > NFCORE_SMRNASEQ:SMRNASEQ:GE... -

executor >  slurm (283)
[42/5df762] process > NFCORE_SMRNASEQ:SMRNASEQ:IN... [100%] 1 of 1 ✔
[-        ] process > NFCORE_SMRNASEQ:SMRNASEQ:CA... -
[f6/dbdb26] process > NFCORE_SMRNASEQ:SMRNASEQ:FA... [100%] 36 of 36 ✔
[8d/39736e] process > NFCORE_SMRNASEQ:SMRNASEQ:FA... [100%] 36 of 36 ✔
[80/e7ad7f] process > NFCORE_SMRNASEQ:SMRNASEQ:FA... [100%] 36 of 36 ✔
[93/cf1bf1] process > NFCORE_SMRNASEQ:SMRNASEQ:MI... [ 97%] 35 of 36
[dc/eb752f] process > NFCORE_SMRNASEQ:SMRNASEQ:GE... [100%] 1 of 1 ✔
[bd/d96d74] process > NFCORE_SMRNASEQ:SMRNASEQ:GE... [ 97%] 35 of 36
[95/9dd81d] process > NFCORE_SMRNASEQ:SMRNASEQ:GE... [ 94%] 33 of 35
[38/92827b] process > NFCORE_SMRNASEQ:SMRNASEQ:GE... [ 57%] 19 of 33
[-        ] process > NFCORE_SMRNASEQ:SMRNASEQ:GE... -
[-        ] process > NFCORE_SMRNASEQ:SMRNASEQ:GE... -
[-        ] process > NFCORE_SMRNASEQ:SMRNASEQ:GE... -
[17/a776af] process > NFCORE_SMRNASEQ:SMRNASEQ:GE... [  0%] 0 of 33
[-        ] process > NFCORE_SMRNASEQ:SMRNASEQ:GE... -
[-        ] process > NFCORE_SMRNASEQ:SMRNASEQ:GE... -

executor >  slurm (283)
[42/5df762] process > NFCORE_SMRNASEQ:SMRNASEQ:IN... [100%] 1 of 1 ✔
[-        ] process > NFCORE_SMRNASEQ:SMRNASEQ:CA... -
[f6/dbdb26] process > NFCORE_SMRNASEQ:SMRNASEQ:FA... [100%] 36 of 36 ✔
[8d/39736e] process > NFCORE_SMRNASEQ:SMRNASEQ:FA... [100%] 36 of 36 ✔
[80/e7ad7f] process > NFCORE_SMRNASEQ:SMRNASEQ:FA... [100%] 36 of 36 ✔
[93/cf1bf1] process > NFCORE_SMRNASEQ:SMRNASEQ:MI... [ 97%] 35 of 36
[dc/eb752f] process > NFCORE_SMRNASEQ:SMRNASEQ:GE... [100%] 1 of 1 ✔
[bd/d96d74] process > NFCORE_SMRNASEQ:SMRNASEQ:GE... [ 97%] 35 of 36
[95/9dd81d] process > NFCORE_SMRNASEQ:SMRNASEQ:GE... [ 94%] 33 of 35
[23/b9299d] process > NFCORE_SMRNASEQ:SMRNASEQ:GE... [ 66%] 22 of 33
[-        ] process > NFCORE_SMRNASEQ:SMRNASEQ:GE... -
[-        ] process > NFCORE_SMRNASEQ:SMRNASEQ:GE... -
[-        ] process > NFCORE_SMRNASEQ:SMRNASEQ:GE... -
[17/a776af] process > NFCORE_SMRNASEQ:SMRNASEQ:GE... [  0%] 0 of 33
[-        ] process > NFCORE_SMRNASEQ:SMRNASEQ:GE... -
[-        ] process > NFCORE_SMRNASEQ:SMRNASEQ:GE... -

executor >  slurm (283)
[42/5df762] process > NFCORE_SMRNASEQ:SMRNASEQ:IN... [100%] 1 of 1 ✔
[-        ] process > NFCORE_SMRNASEQ:SMRNASEQ:CA... -
[f6/dbdb26] process > NFCORE_SMRNASEQ:SMRNASEQ:FA... [100%] 36 of 36 ✔
[8d/39736e] process > NFCORE_SMRNASEQ:SMRNASEQ:FA... [100%] 36 of 36 ✔
[80/e7ad7f] process > NFCORE_SMRNASEQ:SMRNASEQ:FA... [100%] 36 of 36 ✔
[93/cf1bf1] process > NFCORE_SMRNASEQ:SMRNASEQ:MI... [ 97%] 35 of 36
[dc/eb752f] process > NFCORE_SMRNASEQ:SMRNASEQ:GE... [100%] 1 of 1 ✔
[bd/d96d74] process > NFCORE_SMRNASEQ:SMRNASEQ:GE... [ 97%] 35 of 36
[95/9dd81d] process > NFCORE_SMRNASEQ:SMRNASEQ:GE... [ 94%] 33 of 35
[23/b9299d] process > NFCORE_SMRNASEQ:SMRNASEQ:GE... [ 66%] 22 of 33
[-        ] process > NFCORE_SMRNASEQ:SMRNASEQ:GE... -
[-        ] process > NFCORE_SMRNASEQ:SMRNASEQ:GE... -
[-        ] process > NFCORE_SMRNASEQ:SMRNASEQ:GE... -
[17/a776af] process > NFCORE_SMRNASEQ:SMRNASEQ:GE... [  0%] 0 of 33
[-        ] process > NFCORE_SMRNASEQ:SMRNASEQ:GE... -
[-        ] process > NFCORE_SMRNASEQ:SMRNASEQ:GE... -

executor >  slurm (285)
[42/5df762] process > NFCORE_SMRNASEQ:SMRNASEQ:IN... [100%] 1 of 1 ✔
[-        ] process > NFCORE_SMRNASEQ:SMRNASEQ:CA... -
[f6/dbdb26] process > NFCORE_SMRNASEQ:SMRNASEQ:FA... [100%] 36 of 36 ✔
[8d/39736e] process > NFCORE_SMRNASEQ:SMRNASEQ:FA... [100%] 36 of 36 ✔
[80/e7ad7f] process > NFCORE_SMRNASEQ:SMRNASEQ:FA... [100%] 36 of 36 ✔
[93/cf1bf1] process > NFCORE_SMRNASEQ:SMRNASEQ:MI... [ 97%] 35 of 36
[dc/eb752f] process > NFCORE_SMRNASEQ:SMRNASEQ:GE... [100%] 1 of 1 ✔
[bd/d96d74] process > NFCORE_SMRNASEQ:SMRNASEQ:GE... [ 97%] 35 of 36
[9b/063f4e] process > NFCORE_SMRNASEQ:SMRNASEQ:GE... [ 97%] 34 of 35
[7e/c292ca] process > NFCORE_SMRNASEQ:SMRNASEQ:GE... [ 70%] 24 of 34
[-        ] process > NFCORE_SMRNASEQ:SMRNASEQ:GE... -
[-        ] process > NFCORE_SMRNASEQ:SMRNASEQ:GE... -
[-        ] process > NFCORE_SMRNASEQ:SMRNASEQ:GE... -
[4d/e6f610] process > NFCORE_SMRNASEQ:SMRNASEQ:GE... [  0%] 0 of 34
[-        ] process > NFCORE_SMRNASEQ:SMRNASEQ:GE... -
[-        ] process > NFCORE_SMRNASEQ:SMRNASEQ:GE... -

executor >  slurm (285)
[42/5df762] process > NFCORE_SMRNASEQ:SMRNASEQ:IN... [100%] 1 of 1 ✔
[-        ] process > NFCORE_SMRNASEQ:SMRNASEQ:CA... -
[f6/dbdb26] process > NFCORE_SMRNASEQ:SMRNASEQ:FA... [100%] 36 of 36 ✔
[8d/39736e] process > NFCORE_SMRNASEQ:SMRNASEQ:FA... [100%] 36 of 36 ✔
[80/e7ad7f] process > NFCORE_SMRNASEQ:SMRNASEQ:FA... [100%] 36 of 36 ✔
[93/cf1bf1] process > NFCORE_SMRNASEQ:SMRNASEQ:MI... [ 97%] 35 of 36
[dc/eb752f] process > NFCORE_SMRNASEQ:SMRNASEQ:GE... [100%] 1 of 1 ✔
[bd/d96d74] process > NFCORE_SMRNASEQ:SMRNASEQ:GE... [ 97%] 35 of 36
[9b/063f4e] process > NFCORE_SMRNASEQ:SMRNASEQ:GE... [ 97%] 34 of 35
[6e/3af970] process > NFCORE_SMRNASEQ:SMRNASEQ:GE... [ 76%] 26 of 34
[-        ] process > NFCORE_SMRNASEQ:SMRNASEQ:GE... -
[-        ] process > NFCORE_SMRNASEQ:SMRNASEQ:GE... -
[-        ] process > NFCORE_SMRNASEQ:SMRNASEQ:GE... -
[26/c2b761] process > NFCORE_SMRNASEQ:SMRNASEQ:GE... [  5%] 2 of 34
[-        ] process > NFCORE_SMRNASEQ:SMRNASEQ:GE... -
[-        ] process > NFCORE_SMRNASEQ:SMRNASEQ:GE... -

executor >  slurm (285)
[42/5df762] process > NFCORE_SMRNASEQ:SMRNASEQ:IN... [100%] 1 of 1 ✔
[-        ] process > NFCORE_SMRNASEQ:SMRNASEQ:CA... -
[f6/dbdb26] process > NFCORE_SMRNASEQ:SMRNASEQ:FA... [100%] 36 of 36 ✔
[8d/39736e] process > NFCORE_SMRNASEQ:SMRNASEQ:FA... [100%] 36 of 36 ✔
[80/e7ad7f] process > NFCORE_SMRNASEQ:SMRNASEQ:FA... [100%] 36 of 36 ✔
[93/cf1bf1] process > NFCORE_SMRNASEQ:SMRNASEQ:MI... [ 97%] 35 of 36
[dc/eb752f] process > NFCORE_SMRNASEQ:SMRNASEQ:GE... [100%] 1 of 1 ✔
[bd/d96d74] process > NFCORE_SMRNASEQ:SMRNASEQ:GE... [ 97%] 35 of 36
[9b/063f4e] process > NFCORE_SMRNASEQ:SMRNASEQ:GE... [ 97%] 34 of 35
[6e/3af970] process > NFCORE_SMRNASEQ:SMRNASEQ:GE... [ 76%] 26 of 34
[-        ] process > NFCORE_SMRNASEQ:SMRNASEQ:GE... -
[-        ] process > NFCORE_SMRNASEQ:SMRNASEQ:GE... -
[-        ] process > NFCORE_SMRNASEQ:SMRNASEQ:GE... -
[9b/1fbd64] process > NFCORE_SMRNASEQ:SMRNASEQ:GE... [  8%] 3 of 34
[-        ] process > NFCORE_SMRNASEQ:SMRNASEQ:GE... -
[-        ] process > NFCORE_SMRNASEQ:SMRNASEQ:GE... -

executor >  slurm (285)
[42/5df762] process > NFCORE_SMRNASEQ:SMRNASEQ:IN... [100%] 1 of 1 ✔
[-        ] process > NFCORE_SMRNASEQ:SMRNASEQ:CA... -
[f6/dbdb26] process > NFCORE_SMRNASEQ:SMRNASEQ:FA... [100%] 36 of 36 ✔
[8d/39736e] process > NFCORE_SMRNASEQ:SMRNASEQ:FA... [100%] 36 of 36 ✔
[80/e7ad7f] process > NFCORE_SMRNASEQ:SMRNASEQ:FA... [100%] 36 of 36 ✔
[93/cf1bf1] process > NFCORE_SMRNASEQ:SMRNASEQ:MI... [ 97%] 35 of 36
[dc/eb752f] process > NFCORE_SMRNASEQ:SMRNASEQ:GE... [100%] 1 of 1 ✔
[bd/d96d74] process > NFCORE_SMRNASEQ:SMRNASEQ:GE... [ 97%] 35 of 36
[9b/063f4e] process > NFCORE_SMRNASEQ:SMRNASEQ:GE... [ 97%] 34 of 35
[0f/653607] process > NFCORE_SMRNASEQ:SMRNASEQ:GE... [ 91%] 31 of 34
[-        ] process > NFCORE_SMRNASEQ:SMRNASEQ:GE... -
[-        ] process > NFCORE_SMRNASEQ:SMRNASEQ:GE... -
[-        ] process > NFCORE_SMRNASEQ:SMRNASEQ:GE... -
[3e/66691e] process > NFCORE_SMRNASEQ:SMRNASEQ:GE... [ 35%] 12 of 34
[-        ] process > NFCORE_SMRNASEQ:SMRNASEQ:GE... -
[-        ] process > NFCORE_SMRNASEQ:SMRNASEQ:GE... -

executor >  slurm (285)
[42/5df762] process > NFCORE_SMRNASEQ:SMRNASEQ:IN... [100%] 1 of 1 ✔
[-        ] process > NFCORE_SMRNASEQ:SMRNASEQ:CA... -
[f6/dbdb26] process > NFCORE_SMRNASEQ:SMRNASEQ:FA... [100%] 36 of 36 ✔
[8d/39736e] process > NFCORE_SMRNASEQ:SMRNASEQ:FA... [100%] 36 of 36 ✔
[80/e7ad7f] process > NFCORE_SMRNASEQ:SMRNASEQ:FA... [100%] 36 of 36 ✔
[93/cf1bf1] process > NFCORE_SMRNASEQ:SMRNASEQ:MI... [ 97%] 35 of 36
[dc/eb752f] process > NFCORE_SMRNASEQ:SMRNASEQ:GE... [100%] 1 of 1 ✔
[bd/d96d74] process > NFCORE_SMRNASEQ:SMRNASEQ:GE... [ 97%] 35 of 36
[9b/063f4e] process > NFCORE_SMRNASEQ:SMRNASEQ:GE... [ 97%] 34 of 35
[0f/653607] process > NFCORE_SMRNASEQ:SMRNASEQ:GE... [ 91%] 31 of 34
[-        ] process > NFCORE_SMRNASEQ:SMRNASEQ:GE... -
[-        ] process > NFCORE_SMRNASEQ:SMRNASEQ:GE... -
[-        ] process > NFCORE_SMRNASEQ:SMRNASEQ:GE... -
[30/85f1b0] process > NFCORE_SMRNASEQ:SMRNASEQ:GE... [ 38%] 13 of 34
[-        ] process > NFCORE_SMRNASEQ:SMRNASEQ:GE... -
[-        ] process > NFCORE_SMRNASEQ:SMRNASEQ:GE... -

executor >  slurm (286)
[42/5df762] process > NFCORE_SMRNASEQ:SMRNASEQ:IN... [100%] 1 of 1 ✔
[-        ] process > NFCORE_SMRNASEQ:SMRNASEQ:CA... -
[f6/dbdb26] process > NFCORE_SMRNASEQ:SMRNASEQ:FA... [100%] 36 of 36 ✔
[8d/39736e] process > NFCORE_SMRNASEQ:SMRNASEQ:FA... [100%] 36 of 36 ✔
[80/e7ad7f] process > NFCORE_SMRNASEQ:SMRNASEQ:FA... [100%] 36 of 36 ✔
[93/cf1bf1] process > NFCORE_SMRNASEQ:SMRNASEQ:MI... [ 97%] 35 of 36
[dc/eb752f] process > NFCORE_SMRNASEQ:SMRNASEQ:GE... [100%] 1 of 1 ✔
[bd/d96d74] process > NFCORE_SMRNASEQ:SMRNASEQ:GE... [ 97%] 35 of 36
[98/79ec7e] process > NFCORE_SMRNASEQ:SMRNASEQ:GE... [100%] 35 of 35
[b7/47469f] process > NFCORE_SMRNASEQ:SMRNASEQ:GE... [ 88%] 31 of 35
[-        ] process > NFCORE_SMRNASEQ:SMRNASEQ:GE... -
[-        ] process > NFCORE_SMRNASEQ:SMRNASEQ:GE... -
[-        ] process > NFCORE_SMRNASEQ:SMRNASEQ:GE... -
[30/85f1b0] process > NFCORE_SMRNASEQ:SMRNASEQ:GE... [ 37%] 13 of 35
[-        ] process > NFCORE_SMRNASEQ:SMRNASEQ:GE... -
[-        ] process > NFCORE_SMRNASEQ:SMRNASEQ:GE... -

executor >  slurm (287)
[42/5df762] process > NFCORE_SMRNASEQ:SMRNASEQ:IN... [100%] 1 of 1 ✔
[-        ] process > NFCORE_SMRNASEQ:SMRNASEQ:CA... -
[f6/dbdb26] process > NFCORE_SMRNASEQ:SMRNASEQ:FA... [100%] 36 of 36 ✔
[8d/39736e] process > NFCORE_SMRNASEQ:SMRNASEQ:FA... [100%] 36 of 36 ✔
[80/e7ad7f] process > NFCORE_SMRNASEQ:SMRNASEQ:FA... [100%] 36 of 36 ✔
[93/cf1bf1] process > NFCORE_SMRNASEQ:SMRNASEQ:MI... [ 97%] 35 of 36
[dc/eb752f] process > NFCORE_SMRNASEQ:SMRNASEQ:GE... [100%] 1 of 1 ✔
[bd/d96d74] process > NFCORE_SMRNASEQ:SMRNASEQ:GE... [ 97%] 35 of 36
[98/79ec7e] process > NFCORE_SMRNASEQ:SMRNASEQ:GE... [100%] 35 of 35
[b7/47469f] process > NFCORE_SMRNASEQ:SMRNASEQ:GE... [ 88%] 31 of 35
[-        ] process > NFCORE_SMRNASEQ:SMRNASEQ:GE... -
[-        ] process > NFCORE_SMRNASEQ:SMRNASEQ:GE... -
[-        ] process > NFCORE_SMRNASEQ:SMRNASEQ:GE... -
[74/53e896] process > NFCORE_SMRNASEQ:SMRNASEQ:GE... [ 37%] 13 of 35
[-        ] process > NFCORE_SMRNASEQ:SMRNASEQ:GE... -
[-        ] process > NFCORE_SMRNASEQ:SMRNASEQ:GE... -

executor >  slurm (287)
[42/5df762] process > NFCORE_SMRNASEQ:SMRNASEQ:IN... [100%] 1 of 1 ✔
[-        ] process > NFCORE_SMRNASEQ:SMRNASEQ:CA... -
[f6/dbdb26] process > NFCORE_SMRNASEQ:SMRNASEQ:FA... [100%] 36 of 36 ✔
[8d/39736e] process > NFCORE_SMRNASEQ:SMRNASEQ:FA... [100%] 36 of 36 ✔
[80/e7ad7f] process > NFCORE_SMRNASEQ:SMRNASEQ:FA... [100%] 36 of 36 ✔
[93/cf1bf1] process > NFCORE_SMRNASEQ:SMRNASEQ:MI... [ 97%] 35 of 36
[dc/eb752f] process > NFCORE_SMRNASEQ:SMRNASEQ:GE... [100%] 1 of 1 ✔
[bd/d96d74] process > NFCORE_SMRNASEQ:SMRNASEQ:GE... [ 97%] 35 of 36
[98/79ec7e] process > NFCORE_SMRNASEQ:SMRNASEQ:GE... [100%] 35 of 35
[b7/47469f] process > NFCORE_SMRNASEQ:SMRNASEQ:GE... [ 88%] 31 of 35
[-        ] process > NFCORE_SMRNASEQ:SMRNASEQ:GE... -
[-        ] process > NFCORE_SMRNASEQ:SMRNASEQ:GE... -
[-        ] process > NFCORE_SMRNASEQ:SMRNASEQ:GE... -
[74/53e896] process > NFCORE_SMRNASEQ:SMRNASEQ:GE... [ 37%] 13 of 35
[-        ] process > NFCORE_SMRNASEQ:SMRNASEQ:GE... -
[-        ] process > NFCORE_SMRNASEQ:SMRNASEQ:GE... -

executor >  slurm (287)
[42/5df762] process > NFCORE_SMRNASEQ:SMRNASEQ:IN... [100%] 1 of 1 ✔
[-        ] process > NFCORE_SMRNASEQ:SMRNASEQ:CA... -
[f6/dbdb26] process > NFCORE_SMRNASEQ:SMRNASEQ:FA... [100%] 36 of 36 ✔
[8d/39736e] process > NFCORE_SMRNASEQ:SMRNASEQ:FA... [100%] 36 of 36 ✔
[80/e7ad7f] process > NFCORE_SMRNASEQ:SMRNASEQ:FA... [100%] 36 of 36 ✔
[93/cf1bf1] process > NFCORE_SMRNASEQ:SMRNASEQ:MI... [ 97%] 35 of 36
[dc/eb752f] process > NFCORE_SMRNASEQ:SMRNASEQ:GE... [100%] 1 of 1 ✔
[bd/d96d74] process > NFCORE_SMRNASEQ:SMRNASEQ:GE... [ 97%] 35 of 36
[98/79ec7e] process > NFCORE_SMRNASEQ:SMRNASEQ:GE... [100%] 35 of 35
[b7/47469f] process > NFCORE_SMRNASEQ:SMRNASEQ:GE... [ 88%] 31 of 35
[-        ] process > NFCORE_SMRNASEQ:SMRNASEQ:GE... -
[-        ] process > NFCORE_SMRNASEQ:SMRNASEQ:GE... -
[-        ] process > NFCORE_SMRNASEQ:SMRNASEQ:GE... -
[74/53e896] process > NFCORE_SMRNASEQ:SMRNASEQ:GE... [ 37%] 13 of 35
[-        ] process > NFCORE_SMRNASEQ:SMRNASEQ:GE... -
[-        ] process > NFCORE_SMRNASEQ:SMRNASEQ:GE... -

executor >  slurm (287)
[42/5df762] process > NFCORE_SMRNASEQ:SMRNASEQ:IN... [100%] 1 of 1 ✔
[-        ] process > NFCORE_SMRNASEQ:SMRNASEQ:CA... -
[f6/dbdb26] process > NFCORE_SMRNASEQ:SMRNASEQ:FA... [100%] 36 of 36 ✔
[8d/39736e] process > NFCORE_SMRNASEQ:SMRNASEQ:FA... [100%] 36 of 36 ✔
[80/e7ad7f] process > NFCORE_SMRNASEQ:SMRNASEQ:FA... [100%] 36 of 36 ✔
[93/cf1bf1] process > NFCORE_SMRNASEQ:SMRNASEQ:MI... [ 97%] 35 of 36
[dc/eb752f] process > NFCORE_SMRNASEQ:SMRNASEQ:GE... [100%] 1 of 1 ✔
[bd/d96d74] process > NFCORE_SMRNASEQ:SMRNASEQ:GE... [ 97%] 35 of 36
[98/79ec7e] process > NFCORE_SMRNASEQ:SMRNASEQ:GE... [100%] 35 of 35
[b7/47469f] process > NFCORE_SMRNASEQ:SMRNASEQ:GE... [ 88%] 31 of 35
[-        ] process > NFCORE_SMRNASEQ:SMRNASEQ:GE... -
[-        ] process > NFCORE_SMRNASEQ:SMRNASEQ:GE... -
[-        ] process > NFCORE_SMRNASEQ:SMRNASEQ:GE... -
[7a/60d5c3] process > NFCORE_SMRNASEQ:SMRNASEQ:GE... [ 42%] 15 of 35
[-        ] process > NFCORE_SMRNASEQ:SMRNASEQ:GE... -
[-        ] process > NFCORE_SMRNASEQ:SMRNASEQ:GE... -

executor >  slurm (287)
[42/5df762] process > NFCORE_SMRNASEQ:SMRNASEQ:IN... [100%] 1 of 1 ✔
[-        ] process > NFCORE_SMRNASEQ:SMRNASEQ:CA... -
[f6/dbdb26] process > NFCORE_SMRNASEQ:SMRNASEQ:FA... [100%] 36 of 36 ✔
[8d/39736e] process > NFCORE_SMRNASEQ:SMRNASEQ:FA... [100%] 36 of 36 ✔
[80/e7ad7f] process > NFCORE_SMRNASEQ:SMRNASEQ:FA... [100%] 36 of 36 ✔
[93/cf1bf1] process > NFCORE_SMRNASEQ:SMRNASEQ:MI... [ 97%] 35 of 36
[dc/eb752f] process > NFCORE_SMRNASEQ:SMRNASEQ:GE... [100%] 1 of 1 ✔
[bd/d96d74] process > NFCORE_SMRNASEQ:SMRNASEQ:GE... [ 97%] 35 of 36
[98/79ec7e] process > NFCORE_SMRNASEQ:SMRNASEQ:GE... [100%] 35 of 35
[b7/47469f] process > NFCORE_SMRNASEQ:SMRNASEQ:GE... [ 91%] 32 of 35
[-        ] process > NFCORE_SMRNASEQ:SMRNASEQ:GE... -
[-        ] process > NFCORE_SMRNASEQ:SMRNASEQ:GE... -
[-        ] process > NFCORE_SMRNASEQ:SMRNASEQ:GE... -
[7a/60d5c3] process > NFCORE_SMRNASEQ:SMRNASEQ:GE... [ 42%] 15 of 35
[-        ] process > NFCORE_SMRNASEQ:SMRNASEQ:GE... -
[-        ] process > NFCORE_SMRNASEQ:SMRNASEQ:GE... -

executor >  slurm (287)
[42/5df762] process > NFCORE_SMRNASEQ:SMRNASEQ:IN... [100%] 1 of 1 ✔
[-        ] process > NFCORE_SMRNASEQ:SMRNASEQ:CA... -
[f6/dbdb26] process > NFCORE_SMRNASEQ:SMRNASEQ:FA... [100%] 36 of 36 ✔
[8d/39736e] process > NFCORE_SMRNASEQ:SMRNASEQ:FA... [100%] 36 of 36 ✔
[80/e7ad7f] process > NFCORE_SMRNASEQ:SMRNASEQ:FA... [100%] 36 of 36 ✔
[93/cf1bf1] process > NFCORE_SMRNASEQ:SMRNASEQ:MI... [ 97%] 35 of 36
[dc/eb752f] process > NFCORE_SMRNASEQ:SMRNASEQ:GE... [100%] 1 of 1 ✔
[bd/d96d74] process > NFCORE_SMRNASEQ:SMRNASEQ:GE... [ 97%] 35 of 36
[98/79ec7e] process > NFCORE_SMRNASEQ:SMRNASEQ:GE... [100%] 35 of 35
[b7/47469f] process > NFCORE_SMRNASEQ:SMRNASEQ:GE... [ 91%] 32 of 35
[-        ] process > NFCORE_SMRNASEQ:SMRNASEQ:GE... -
[-        ] process > NFCORE_SMRNASEQ:SMRNASEQ:GE... -
[-        ] process > NFCORE_SMRNASEQ:SMRNASEQ:GE... -
[7a/60d5c3] process > NFCORE_SMRNASEQ:SMRNASEQ:GE... [ 42%] 15 of 35
[-        ] process > NFCORE_SMRNASEQ:SMRNASEQ:GE... -
[-        ] process > NFCORE_SMRNASEQ:SMRNASEQ:GE... -

executor >  slurm (287)
[42/5df762] process > NFCORE_SMRNASEQ:SMRNASEQ:IN... [100%] 1 of 1 ✔
[-        ] process > NFCORE_SMRNASEQ:SMRNASEQ:CA... -
[f6/dbdb26] process > NFCORE_SMRNASEQ:SMRNASEQ:FA... [100%] 36 of 36 ✔
[8d/39736e] process > NFCORE_SMRNASEQ:SMRNASEQ:FA... [100%] 36 of 36 ✔
[80/e7ad7f] process > NFCORE_SMRNASEQ:SMRNASEQ:FA... [100%] 36 of 36 ✔
[93/cf1bf1] process > NFCORE_SMRNASEQ:SMRNASEQ:MI... [ 97%] 35 of 36
[dc/eb752f] process > NFCORE_SMRNASEQ:SMRNASEQ:GE... [100%] 1 of 1 ✔
[bd/d96d74] process > NFCORE_SMRNASEQ:SMRNASEQ:GE... [ 97%] 35 of 36
[98/79ec7e] process > NFCORE_SMRNASEQ:SMRNASEQ:GE... [100%] 35 of 35
[fd/3f9b1c] process > NFCORE_SMRNASEQ:SMRNASEQ:GE... [ 94%] 33 of 35
[-        ] process > NFCORE_SMRNASEQ:SMRNASEQ:GE... -
[-        ] process > NFCORE_SMRNASEQ:SMRNASEQ:GE... -
[-        ] process > NFCORE_SMRNASEQ:SMRNASEQ:GE... -
[7a/60d5c3] process > NFCORE_SMRNASEQ:SMRNASEQ:GE... [ 42%] 15 of 35
[-        ] process > NFCORE_SMRNASEQ:SMRNASEQ:GE... -
[-        ] process > NFCORE_SMRNASEQ:SMRNASEQ:GE... -

executor >  slurm (287)
[42/5df762] process > NFCORE_SMRNASEQ:SMRNASEQ:IN... [100%] 1 of 1 ✔
[-        ] process > NFCORE_SMRNASEQ:SMRNASEQ:CA... -
[f6/dbdb26] process > NFCORE_SMRNASEQ:SMRNASEQ:FA... [100%] 36 of 36 ✔
[8d/39736e] process > NFCORE_SMRNASEQ:SMRNASEQ:FA... [100%] 36 of 36 ✔
[80/e7ad7f] process > NFCORE_SMRNASEQ:SMRNASEQ:FA... [100%] 36 of 36 ✔
[93/cf1bf1] process > NFCORE_SMRNASEQ:SMRNASEQ:MI... [ 97%] 35 of 36
[dc/eb752f] process > NFCORE_SMRNASEQ:SMRNASEQ:GE... [100%] 1 of 1 ✔
[bd/d96d74] process > NFCORE_SMRNASEQ:SMRNASEQ:GE... [ 97%] 35 of 36
[98/79ec7e] process > NFCORE_SMRNASEQ:SMRNASEQ:GE... [100%] 35 of 35
[fd/3f9b1c] process > NFCORE_SMRNASEQ:SMRNASEQ:GE... [ 94%] 33 of 35
[-        ] process > NFCORE_SMRNASEQ:SMRNASEQ:GE... -
[-        ] process > NFCORE_SMRNASEQ:SMRNASEQ:GE... -
[-        ] process > NFCORE_SMRNASEQ:SMRNASEQ:GE... -
[7a/60d5c3] process > NFCORE_SMRNASEQ:SMRNASEQ:GE... [ 42%] 15 of 35
[-        ] process > NFCORE_SMRNASEQ:SMRNASEQ:GE... -
[-        ] process > NFCORE_SMRNASEQ:SMRNASEQ:GE... -

executor >  slurm (287)
[42/5df762] process > NFCORE_SMRNASEQ:SMRNASEQ:IN... [100%] 1 of 1 ✔
[-        ] process > NFCORE_SMRNASEQ:SMRNASEQ:CA... -
[f6/dbdb26] process > NFCORE_SMRNASEQ:SMRNASEQ:FA... [100%] 36 of 36 ✔
[8d/39736e] process > NFCORE_SMRNASEQ:SMRNASEQ:FA... [100%] 36 of 36 ✔
[80/e7ad7f] process > NFCORE_SMRNASEQ:SMRNASEQ:FA... [100%] 36 of 36 ✔
[93/cf1bf1] process > NFCORE_SMRNASEQ:SMRNASEQ:MI... [ 97%] 35 of 36
[dc/eb752f] process > NFCORE_SMRNASEQ:SMRNASEQ:GE... [100%] 1 of 1 ✔
[bd/d96d74] process > NFCORE_SMRNASEQ:SMRNASEQ:GE... [ 97%] 35 of 36
[98/79ec7e] process > NFCORE_SMRNASEQ:SMRNASEQ:GE... [100%] 35 of 35
[fd/3f9b1c] process > NFCORE_SMRNASEQ:SMRNASEQ:GE... [ 94%] 33 of 35
[-        ] process > NFCORE_SMRNASEQ:SMRNASEQ:GE... -
[-        ] process > NFCORE_SMRNASEQ:SMRNASEQ:GE... -
[-        ] process > NFCORE_SMRNASEQ:SMRNASEQ:GE... -
[31/8cbcad] process > NFCORE_SMRNASEQ:SMRNASEQ:GE... [ 45%] 16 of 35
[-        ] process > NFCORE_SMRNASEQ:SMRNASEQ:GE... -
[-        ] process > NFCORE_SMRNASEQ:SMRNASEQ:GE... -

executor >  slurm (287)
[42/5df762] process > NFCORE_SMRNASEQ:SMRNASEQ:IN... [100%] 1 of 1 ✔
[-        ] process > NFCORE_SMRNASEQ:SMRNASEQ:CA... -
[f6/dbdb26] process > NFCORE_SMRNASEQ:SMRNASEQ:FA... [100%] 36 of 36 ✔
[8d/39736e] process > NFCORE_SMRNASEQ:SMRNASEQ:FA... [100%] 36 of 36 ✔
[80/e7ad7f] process > NFCORE_SMRNASEQ:SMRNASEQ:FA... [100%] 36 of 36 ✔
[93/cf1bf1] process > NFCORE_SMRNASEQ:SMRNASEQ:MI... [ 97%] 35 of 36
[dc/eb752f] process > NFCORE_SMRNASEQ:SMRNASEQ:GE... [100%] 1 of 1 ✔
[bd/d96d74] process > NFCORE_SMRNASEQ:SMRNASEQ:GE... [ 97%] 35 of 36
[98/79ec7e] process > NFCORE_SMRNASEQ:SMRNASEQ:GE... [100%] 35 of 35
[fd/3f9b1c] process > NFCORE_SMRNASEQ:SMRNASEQ:GE... [ 94%] 33 of 35
[-        ] process > NFCORE_SMRNASEQ:SMRNASEQ:GE... -
[-        ] process > NFCORE_SMRNASEQ:SMRNASEQ:GE... -
[-        ] process > NFCORE_SMRNASEQ:SMRNASEQ:GE... -
[92/8ec063] process > NFCORE_SMRNASEQ:SMRNASEQ:GE... [ 48%] 17 of 35
[-        ] process > NFCORE_SMRNASEQ:SMRNASEQ:GE... -
[-        ] process > NFCORE_SMRNASEQ:SMRNASEQ:GE... -

executor >  slurm (287)
[42/5df762] process > NFCORE_SMRNASEQ:SMRNASEQ:IN... [100%] 1 of 1 ✔
[-        ] process > NFCORE_SMRNASEQ:SMRNASEQ:CA... -
[f6/dbdb26] process > NFCORE_SMRNASEQ:SMRNASEQ:FA... [100%] 36 of 36 ✔
[8d/39736e] process > NFCORE_SMRNASEQ:SMRNASEQ:FA... [100%] 36 of 36 ✔
[80/e7ad7f] process > NFCORE_SMRNASEQ:SMRNASEQ:FA... [100%] 36 of 36 ✔
[93/cf1bf1] process > NFCORE_SMRNASEQ:SMRNASEQ:MI... [ 97%] 35 of 36
[dc/eb752f] process > NFCORE_SMRNASEQ:SMRNASEQ:GE... [100%] 1 of 1 ✔
[bd/d96d74] process > NFCORE_SMRNASEQ:SMRNASEQ:GE... [ 97%] 35 of 36
[98/79ec7e] process > NFCORE_SMRNASEQ:SMRNASEQ:GE... [100%] 35 of 35
[fd/3f9b1c] process > NFCORE_SMRNASEQ:SMRNASEQ:GE... [ 94%] 33 of 35
[-        ] process > NFCORE_SMRNASEQ:SMRNASEQ:GE... -
[-        ] process > NFCORE_SMRNASEQ:SMRNASEQ:GE... -
[-        ] process > NFCORE_SMRNASEQ:SMRNASEQ:GE... -
[e3/7a4694] process > NFCORE_SMRNASEQ:SMRNASEQ:GE... [ 51%] 18 of 35
[-        ] process > NFCORE_SMRNASEQ:SMRNASEQ:GE... -
[-        ] process > NFCORE_SMRNASEQ:SMRNASEQ:GE... -

executor >  slurm (287)
[42/5df762] process > NFCORE_SMRNASEQ:SMRNASEQ:IN... [100%] 1 of 1 ✔
[-        ] process > NFCORE_SMRNASEQ:SMRNASEQ:CA... -
[f6/dbdb26] process > NFCORE_SMRNASEQ:SMRNASEQ:FA... [100%] 36 of 36 ✔
[8d/39736e] process > NFCORE_SMRNASEQ:SMRNASEQ:FA... [100%] 36 of 36 ✔
[80/e7ad7f] process > NFCORE_SMRNASEQ:SMRNASEQ:FA... [100%] 36 of 36 ✔
[93/cf1bf1] process > NFCORE_SMRNASEQ:SMRNASEQ:MI... [ 97%] 35 of 36
[dc/eb752f] process > NFCORE_SMRNASEQ:SMRNASEQ:GE... [100%] 1 of 1 ✔
[bd/d96d74] process > NFCORE_SMRNASEQ:SMRNASEQ:GE... [ 97%] 35 of 36
[98/79ec7e] process > NFCORE_SMRNASEQ:SMRNASEQ:GE... [100%] 35 of 35
[fd/3f9b1c] process > NFCORE_SMRNASEQ:SMRNASEQ:GE... [ 94%] 33 of 35
[-        ] process > NFCORE_SMRNASEQ:SMRNASEQ:GE... -
[-        ] process > NFCORE_SMRNASEQ:SMRNASEQ:GE... -
[-        ] process > NFCORE_SMRNASEQ:SMRNASEQ:GE... -
[e3/7a4694] process > NFCORE_SMRNASEQ:SMRNASEQ:GE... [ 51%] 18 of 35
[-        ] process > NFCORE_SMRNASEQ:SMRNASEQ:GE... -
[-        ] process > NFCORE_SMRNASEQ:SMRNASEQ:GE... -

executor >  slurm (287)
[42/5df762] process > NFCORE_SMRNASEQ:SMRNASEQ:IN... [100%] 1 of 1 ✔
[-        ] process > NFCORE_SMRNASEQ:SMRNASEQ:CA... -
[f6/dbdb26] process > NFCORE_SMRNASEQ:SMRNASEQ:FA... [100%] 36 of 36 ✔
[8d/39736e] process > NFCORE_SMRNASEQ:SMRNASEQ:FA... [100%] 36 of 36 ✔
[80/e7ad7f] process > NFCORE_SMRNASEQ:SMRNASEQ:FA... [100%] 36 of 36 ✔
[93/cf1bf1] process > NFCORE_SMRNASEQ:SMRNASEQ:MI... [ 97%] 35 of 36
[dc/eb752f] process > NFCORE_SMRNASEQ:SMRNASEQ:GE... [100%] 1 of 1 ✔
[bd/d96d74] process > NFCORE_SMRNASEQ:SMRNASEQ:GE... [ 97%] 35 of 36
[98/79ec7e] process > NFCORE_SMRNASEQ:SMRNASEQ:GE... [100%] 35 of 35
[7e/c292ca] process > NFCORE_SMRNASEQ:SMRNASEQ:GE... [ 97%] 34 of 35
[-        ] process > NFCORE_SMRNASEQ:SMRNASEQ:GE... -
[-        ] process > NFCORE_SMRNASEQ:SMRNASEQ:GE... -
[-        ] process > NFCORE_SMRNASEQ:SMRNASEQ:GE... -
[71/a7a00f] process > NFCORE_SMRNASEQ:SMRNASEQ:GE... [ 54%] 19 of 35
[-        ] process > NFCORE_SMRNASEQ:SMRNASEQ:GE... -
[-        ] process > NFCORE_SMRNASEQ:SMRNASEQ:GE... -

executor >  slurm (287)
[42/5df762] process > NFCORE_SMRNASEQ:SMRNASEQ:IN... [100%] 1 of 1 ✔
[-        ] process > NFCORE_SMRNASEQ:SMRNASEQ:CA... -
[f6/dbdb26] process > NFCORE_SMRNASEQ:SMRNASEQ:FA... [100%] 36 of 36 ✔
[8d/39736e] process > NFCORE_SMRNASEQ:SMRNASEQ:FA... [100%] 36 of 36 ✔
[80/e7ad7f] process > NFCORE_SMRNASEQ:SMRNASEQ:FA... [100%] 36 of 36 ✔
[93/cf1bf1] process > NFCORE_SMRNASEQ:SMRNASEQ:MI... [ 97%] 35 of 36
[dc/eb752f] process > NFCORE_SMRNASEQ:SMRNASEQ:GE... [100%] 1 of 1 ✔
[bd/d96d74] process > NFCORE_SMRNASEQ:SMRNASEQ:GE... [ 97%] 35 of 36
[98/79ec7e] process > NFCORE_SMRNASEQ:SMRNASEQ:GE... [100%] 35 of 35
[7e/c292ca] process > NFCORE_SMRNASEQ:SMRNASEQ:GE... [ 97%] 34 of 35
[-        ] process > NFCORE_SMRNASEQ:SMRNASEQ:GE... -
[-        ] process > NFCORE_SMRNASEQ:SMRNASEQ:GE... -
[-        ] process > NFCORE_SMRNASEQ:SMRNASEQ:GE... -
[71/a7a00f] process > NFCORE_SMRNASEQ:SMRNASEQ:GE... [ 54%] 19 of 35
[-        ] process > NFCORE_SMRNASEQ:SMRNASEQ:GE... -
[-        ] process > NFCORE_SMRNASEQ:SMRNASEQ:GE... -

executor >  slurm (287)
[42/5df762] process > NFCORE_SMRNASEQ:SMRNASEQ:IN... [100%] 1 of 1 ✔
[-        ] process > NFCORE_SMRNASEQ:SMRNASEQ:CA... -
[f6/dbdb26] process > NFCORE_SMRNASEQ:SMRNASEQ:FA... [100%] 36 of 36 ✔
[8d/39736e] process > NFCORE_SMRNASEQ:SMRNASEQ:FA... [100%] 36 of 36 ✔
[80/e7ad7f] process > NFCORE_SMRNASEQ:SMRNASEQ:FA... [100%] 36 of 36 ✔
[93/cf1bf1] process > NFCORE_SMRNASEQ:SMRNASEQ:MI... [ 97%] 35 of 36
[dc/eb752f] process > NFCORE_SMRNASEQ:SMRNASEQ:GE... [100%] 1 of 1 ✔
[bd/d96d74] process > NFCORE_SMRNASEQ:SMRNASEQ:GE... [ 97%] 35 of 36
[98/79ec7e] process > NFCORE_SMRNASEQ:SMRNASEQ:GE... [100%] 35 of 35
[7e/c292ca] process > NFCORE_SMRNASEQ:SMRNASEQ:GE... [ 97%] 34 of 35
[-        ] process > NFCORE_SMRNASEQ:SMRNASEQ:GE... -
[-        ] process > NFCORE_SMRNASEQ:SMRNASEQ:GE... -
[-        ] process > NFCORE_SMRNASEQ:SMRNASEQ:GE... -
[e0/6a213d] process > NFCORE_SMRNASEQ:SMRNASEQ:GE... [ 60%] 21 of 35
[-        ] process > NFCORE_SMRNASEQ:SMRNASEQ:GE... -
[-        ] process > NFCORE_SMRNASEQ:SMRNASEQ:GE... -

executor >  slurm (287)
[42/5df762] process > NFCORE_SMRNASEQ:SMRNASEQ:IN... [100%] 1 of 1 ✔
[-        ] process > NFCORE_SMRNASEQ:SMRNASEQ:CA... -
[f6/dbdb26] process > NFCORE_SMRNASEQ:SMRNASEQ:FA... [100%] 36 of 36 ✔
[8d/39736e] process > NFCORE_SMRNASEQ:SMRNASEQ:FA... [100%] 36 of 36 ✔
[80/e7ad7f] process > NFCORE_SMRNASEQ:SMRNASEQ:FA... [100%] 36 of 36 ✔
[93/cf1bf1] process > NFCORE_SMRNASEQ:SMRNASEQ:MI... [ 97%] 35 of 36
[dc/eb752f] process > NFCORE_SMRNASEQ:SMRNASEQ:GE... [100%] 1 of 1 ✔
[bd/d96d74] process > NFCORE_SMRNASEQ:SMRNASEQ:GE... [ 97%] 35 of 36
[98/79ec7e] process > NFCORE_SMRNASEQ:SMRNASEQ:GE... [100%] 35 of 35
[7e/c292ca] process > NFCORE_SMRNASEQ:SMRNASEQ:GE... [ 97%] 34 of 35
[-        ] process > NFCORE_SMRNASEQ:SMRNASEQ:GE... -
[-        ] process > NFCORE_SMRNASEQ:SMRNASEQ:GE... -
[-        ] process > NFCORE_SMRNASEQ:SMRNASEQ:GE... -
[7b/d28f45] process > NFCORE_SMRNASEQ:SMRNASEQ:GE... [ 62%] 22 of 35
[-        ] process > NFCORE_SMRNASEQ:SMRNASEQ:GE... -
[-        ] process > NFCORE_SMRNASEQ:SMRNASEQ:GE... -

executor >  slurm (287)
[42/5df762] process > NFCORE_SMRNASEQ:SMRNASEQ:IN... [100%] 1 of 1 ✔
[-        ] process > NFCORE_SMRNASEQ:SMRNASEQ:CA... -
[f6/dbdb26] process > NFCORE_SMRNASEQ:SMRNASEQ:FA... [100%] 36 of 36 ✔
[8d/39736e] process > NFCORE_SMRNASEQ:SMRNASEQ:FA... [100%] 36 of 36 ✔
[80/e7ad7f] process > NFCORE_SMRNASEQ:SMRNASEQ:FA... [100%] 36 of 36 ✔
[93/cf1bf1] process > NFCORE_SMRNASEQ:SMRNASEQ:MI... [ 97%] 35 of 36
[dc/eb752f] process > NFCORE_SMRNASEQ:SMRNASEQ:GE... [100%] 1 of 1 ✔
[bd/d96d74] process > NFCORE_SMRNASEQ:SMRNASEQ:GE... [ 97%] 35 of 36
[98/79ec7e] process > NFCORE_SMRNASEQ:SMRNASEQ:GE... [100%] 35 of 35
[7e/c292ca] process > NFCORE_SMRNASEQ:SMRNASEQ:GE... [ 97%] 34 of 35
[-        ] process > NFCORE_SMRNASEQ:SMRNASEQ:GE... -
[-        ] process > NFCORE_SMRNASEQ:SMRNASEQ:GE... -
[-        ] process > NFCORE_SMRNASEQ:SMRNASEQ:GE... -
[d8/a857ef] process > NFCORE_SMRNASEQ:SMRNASEQ:GE... [ 65%] 23 of 35
[-        ] process > NFCORE_SMRNASEQ:SMRNASEQ:GE... -
[-        ] process > NFCORE_SMRNASEQ:SMRNASEQ:GE... -

executor >  slurm (287)
[42/5df762] process > NFCORE_SMRNASEQ:SMRNASEQ:IN... [100%] 1 of 1 ✔
[-        ] process > NFCORE_SMRNASEQ:SMRNASEQ:CA... -
[f6/dbdb26] process > NFCORE_SMRNASEQ:SMRNASEQ:FA... [100%] 36 of 36 ✔
[8d/39736e] process > NFCORE_SMRNASEQ:SMRNASEQ:FA... [100%] 36 of 36 ✔
[80/e7ad7f] process > NFCORE_SMRNASEQ:SMRNASEQ:FA... [100%] 36 of 36 ✔
[93/cf1bf1] process > NFCORE_SMRNASEQ:SMRNASEQ:MI... [ 97%] 35 of 36
[dc/eb752f] process > NFCORE_SMRNASEQ:SMRNASEQ:GE... [100%] 1 of 1 ✔
[bd/d96d74] process > NFCORE_SMRNASEQ:SMRNASEQ:GE... [ 97%] 35 of 36
[98/79ec7e] process > NFCORE_SMRNASEQ:SMRNASEQ:GE... [100%] 35 of 35
[7e/c292ca] process > NFCORE_SMRNASEQ:SMRNASEQ:GE... [ 97%] 34 of 35
[-        ] process > NFCORE_SMRNASEQ:SMRNASEQ:GE... -
[-        ] process > NFCORE_SMRNASEQ:SMRNASEQ:GE... -
[-        ] process > NFCORE_SMRNASEQ:SMRNASEQ:GE... -
[e7/ebd33c] process > NFCORE_SMRNASEQ:SMRNASEQ:GE... [ 68%] 24 of 35
[-        ] process > NFCORE_SMRNASEQ:SMRNASEQ:GE... -
[-        ] process > NFCORE_SMRNASEQ:SMRNASEQ:GE... -

executor >  slurm (287)
[42/5df762] process > NFCORE_SMRNASEQ:SMRNASEQ:IN... [100%] 1 of 1 ✔
[-        ] process > NFCORE_SMRNASEQ:SMRNASEQ:CA... -
[f6/dbdb26] process > NFCORE_SMRNASEQ:SMRNASEQ:FA... [100%] 36 of 36 ✔
[8d/39736e] process > NFCORE_SMRNASEQ:SMRNASEQ:FA... [100%] 36 of 36 ✔
[80/e7ad7f] process > NFCORE_SMRNASEQ:SMRNASEQ:FA... [100%] 36 of 36 ✔
[93/cf1bf1] process > NFCORE_SMRNASEQ:SMRNASEQ:MI... [ 97%] 35 of 36
[dc/eb752f] process > NFCORE_SMRNASEQ:SMRNASEQ:GE... [100%] 1 of 1 ✔
[bd/d96d74] process > NFCORE_SMRNASEQ:SMRNASEQ:GE... [ 97%] 35 of 36
[98/79ec7e] process > NFCORE_SMRNASEQ:SMRNASEQ:GE... [100%] 35 of 35
[7e/c292ca] process > NFCORE_SMRNASEQ:SMRNASEQ:GE... [ 97%] 34 of 35
[-        ] process > NFCORE_SMRNASEQ:SMRNASEQ:GE... -
[-        ] process > NFCORE_SMRNASEQ:SMRNASEQ:GE... -
[-        ] process > NFCORE_SMRNASEQ:SMRNASEQ:GE... -
[89/d5d434] process > NFCORE_SMRNASEQ:SMRNASEQ:GE... [ 74%] 26 of 35
[-        ] process > NFCORE_SMRNASEQ:SMRNASEQ:GE... -
[-        ] process > NFCORE_SMRNASEQ:SMRNASEQ:GE... -

executor >  slurm (287)
[42/5df762] process > NFCORE_SMRNASEQ:SMRNASEQ:IN... [100%] 1 of 1 ✔
[-        ] process > NFCORE_SMRNASEQ:SMRNASEQ:CA... -
[f6/dbdb26] process > NFCORE_SMRNASEQ:SMRNASEQ:FA... [100%] 36 of 36 ✔
[8d/39736e] process > NFCORE_SMRNASEQ:SMRNASEQ:FA... [100%] 36 of 36 ✔
[80/e7ad7f] process > NFCORE_SMRNASEQ:SMRNASEQ:FA... [100%] 36 of 36 ✔
[93/cf1bf1] process > NFCORE_SMRNASEQ:SMRNASEQ:MI... [ 97%] 35 of 36
[dc/eb752f] process > NFCORE_SMRNASEQ:SMRNASEQ:GE... [100%] 1 of 1 ✔
[bd/d96d74] process > NFCORE_SMRNASEQ:SMRNASEQ:GE... [ 97%] 35 of 36
[98/79ec7e] process > NFCORE_SMRNASEQ:SMRNASEQ:GE... [100%] 35 of 35
[7e/c292ca] process > NFCORE_SMRNASEQ:SMRNASEQ:GE... [ 97%] 34 of 35
[-        ] process > NFCORE_SMRNASEQ:SMRNASEQ:GE... -
[-        ] process > NFCORE_SMRNASEQ:SMRNASEQ:GE... -
[-        ] process > NFCORE_SMRNASEQ:SMRNASEQ:GE... -
[89/d5d434] process > NFCORE_SMRNASEQ:SMRNASEQ:GE... [ 74%] 26 of 35
[-        ] process > NFCORE_SMRNASEQ:SMRNASEQ:GE... -
[-        ] process > NFCORE_SMRNASEQ:SMRNASEQ:GE... -

executor >  slurm (287)
[42/5df762] process > NFCORE_SMRNASEQ:SMRNASEQ:IN... [100%] 1 of 1 ✔
[-        ] process > NFCORE_SMRNASEQ:SMRNASEQ:CA... -
[f6/dbdb26] process > NFCORE_SMRNASEQ:SMRNASEQ:FA... [100%] 36 of 36 ✔
[8d/39736e] process > NFCORE_SMRNASEQ:SMRNASEQ:FA... [100%] 36 of 36 ✔
[80/e7ad7f] process > NFCORE_SMRNASEQ:SMRNASEQ:FA... [100%] 36 of 36 ✔
[93/cf1bf1] process > NFCORE_SMRNASEQ:SMRNASEQ:MI... [ 97%] 35 of 36
[dc/eb752f] process > NFCORE_SMRNASEQ:SMRNASEQ:GE... [100%] 1 of 1 ✔
[bd/d96d74] process > NFCORE_SMRNASEQ:SMRNASEQ:GE... [ 97%] 35 of 36
[98/79ec7e] process > NFCORE_SMRNASEQ:SMRNASEQ:GE... [100%] 35 of 35
[07/fb2807] process > NFCORE_SMRNASEQ:SMRNASEQ:GE... [100%] 35 of 35
[-        ] process > NFCORE_SMRNASEQ:SMRNASEQ:GE... -
[-        ] process > NFCORE_SMRNASEQ:SMRNASEQ:GE... -
[-        ] process > NFCORE_SMRNASEQ:SMRNASEQ:GE... -
[23/96326f] process > NFCORE_SMRNASEQ:SMRNASEQ:GE... [ 88%] 31 of 35
[-        ] process > NFCORE_SMRNASEQ:SMRNASEQ:GE... -
[-        ] process > NFCORE_SMRNASEQ:SMRNASEQ:GE... -

executor >  slurm (288)
[42/5df762] process > NFCORE_SMRNASEQ:SMRNASEQ:IN... [100%] 1 of 1 ✔
[-        ] process > NFCORE_SMRNASEQ:SMRNASEQ:CA... -
[f6/dbdb26] process > NFCORE_SMRNASEQ:SMRNASEQ:FA... [100%] 36 of 36 ✔
[8d/39736e] process > NFCORE_SMRNASEQ:SMRNASEQ:FA... [100%] 36 of 36 ✔
[80/e7ad7f] process > NFCORE_SMRNASEQ:SMRNASEQ:FA... [100%] 36 of 36 ✔
[93/cf1bf1] process > NFCORE_SMRNASEQ:SMRNASEQ:MI... [ 97%] 35 of 36
[dc/eb752f] process > NFCORE_SMRNASEQ:SMRNASEQ:GE... [100%] 1 of 1 ✔
[11/50caec] process > NFCORE_SMRNASEQ:SMRNASEQ:GE... [100%] 36 of 36 ✔
[99/67af03] process > NFCORE_SMRNASEQ:SMRNASEQ:GE... [ 97%] 35 of 36
[07/fb2807] process > NFCORE_SMRNASEQ:SMRNASEQ:GE... [100%] 35 of 35
[-        ] process > NFCORE_SMRNASEQ:SMRNASEQ:GE... -
[-        ] process > NFCORE_SMRNASEQ:SMRNASEQ:GE... -
[-        ] process > NFCORE_SMRNASEQ:SMRNASEQ:GE... -
[23/96326f] process > NFCORE_SMRNASEQ:SMRNASEQ:GE... [ 88%] 31 of 35
[-        ] process > NFCORE_SMRNASEQ:SMRNASEQ:GE... -
[-        ] process > NFCORE_SMRNASEQ:SMRNASEQ:GE... -

executor >  slurm (288)
[42/5df762] process > NFCORE_SMRNASEQ:SMRNASEQ:IN... [100%] 1 of 1 ✔
[-        ] process > NFCORE_SMRNASEQ:SMRNASEQ:CA... -
[f6/dbdb26] process > NFCORE_SMRNASEQ:SMRNASEQ:FA... [100%] 36 of 36 ✔
[8d/39736e] process > NFCORE_SMRNASEQ:SMRNASEQ:FA... [100%] 36 of 36 ✔
[80/e7ad7f] process > NFCORE_SMRNASEQ:SMRNASEQ:FA... [100%] 36 of 36 ✔
[93/cf1bf1] process > NFCORE_SMRNASEQ:SMRNASEQ:MI... [ 97%] 35 of 36
[dc/eb752f] process > NFCORE_SMRNASEQ:SMRNASEQ:GE... [100%] 1 of 1 ✔
[11/50caec] process > NFCORE_SMRNASEQ:SMRNASEQ:GE... [100%] 36 of 36 ✔
[99/67af03] process > NFCORE_SMRNASEQ:SMRNASEQ:GE... [ 97%] 35 of 36
[07/fb2807] process > NFCORE_SMRNASEQ:SMRNASEQ:GE... [100%] 35 of 35
[-        ] process > NFCORE_SMRNASEQ:SMRNASEQ:GE... -
[-        ] process > NFCORE_SMRNASEQ:SMRNASEQ:GE... -
[-        ] process > NFCORE_SMRNASEQ:SMRNASEQ:GE... -
[23/96326f] process > NFCORE_SMRNASEQ:SMRNASEQ:GE... [ 88%] 31 of 35
[-        ] process > NFCORE_SMRNASEQ:SMRNASEQ:GE... -
[-        ] process > NFCORE_SMRNASEQ:SMRNASEQ:GE... -

executor >  slurm (288)
[42/5df762] process > NFCORE_SMRNASEQ:SMRNASEQ:IN... [100%] 1 of 1 ✔
[-        ] process > NFCORE_SMRNASEQ:SMRNASEQ:CA... -
[f6/dbdb26] process > NFCORE_SMRNASEQ:SMRNASEQ:FA... [100%] 36 of 36 ✔
[8d/39736e] process > NFCORE_SMRNASEQ:SMRNASEQ:FA... [100%] 36 of 36 ✔
[80/e7ad7f] process > NFCORE_SMRNASEQ:SMRNASEQ:FA... [100%] 36 of 36 ✔
[93/cf1bf1] process > NFCORE_SMRNASEQ:SMRNASEQ:MI... [ 97%] 35 of 36
[dc/eb752f] process > NFCORE_SMRNASEQ:SMRNASEQ:GE... [100%] 1 of 1 ✔
[11/50caec] process > NFCORE_SMRNASEQ:SMRNASEQ:GE... [100%] 36 of 36 ✔
[99/67af03] process > NFCORE_SMRNASEQ:SMRNASEQ:GE... [ 97%] 35 of 36
[07/fb2807] process > NFCORE_SMRNASEQ:SMRNASEQ:GE... [100%] 35 of 35
[-        ] process > NFCORE_SMRNASEQ:SMRNASEQ:GE... -
[-        ] process > NFCORE_SMRNASEQ:SMRNASEQ:GE... -
[-        ] process > NFCORE_SMRNASEQ:SMRNASEQ:GE... -
[4d/e6f610] process > NFCORE_SMRNASEQ:SMRNASEQ:GE... [ 94%] 33 of 35
[-        ] process > NFCORE_SMRNASEQ:SMRNASEQ:GE... -
[-        ] process > NFCORE_SMRNASEQ:SMRNASEQ:GE... -

executor >  slurm (288)
[42/5df762] process > NFCORE_SMRNASEQ:SMRNASEQ:IN... [100%] 1 of 1 ✔
[-        ] process > NFCORE_SMRNASEQ:SMRNASEQ:CA... -
[f6/dbdb26] process > NFCORE_SMRNASEQ:SMRNASEQ:FA... [100%] 36 of 36 ✔
[8d/39736e] process > NFCORE_SMRNASEQ:SMRNASEQ:FA... [100%] 36 of 36 ✔
[80/e7ad7f] process > NFCORE_SMRNASEQ:SMRNASEQ:FA... [100%] 36 of 36 ✔
[93/cf1bf1] process > NFCORE_SMRNASEQ:SMRNASEQ:MI... [ 97%] 35 of 36
[dc/eb752f] process > NFCORE_SMRNASEQ:SMRNASEQ:GE... [100%] 1 of 1 ✔
[11/50caec] process > NFCORE_SMRNASEQ:SMRNASEQ:GE... [100%] 36 of 36 ✔
[99/67af03] process > NFCORE_SMRNASEQ:SMRNASEQ:GE... [100%] 36 of 36 ✔
[07/fb2807] process > NFCORE_SMRNASEQ:SMRNASEQ:GE... [ 97%] 35 of 36
[-        ] process > NFCORE_SMRNASEQ:SMRNASEQ:GE... -
[-        ] process > NFCORE_SMRNASEQ:SMRNASEQ:GE... -
[-        ] process > NFCORE_SMRNASEQ:SMRNASEQ:GE... -
[4d/e6f610] process > NFCORE_SMRNASEQ:SMRNASEQ:GE... [ 91%] 33 of 36
[-        ] process > NFCORE_SMRNASEQ:SMRNASEQ:GE... -
[-        ] process > NFCORE_SMRNASEQ:SMRNASEQ:GE... -

executor >  slurm (290)
[42/5df762] process > NFCORE_SMRNASEQ:SMRNASEQ:IN... [100%] 1 of 1 ✔
[-        ] process > NFCORE_SMRNASEQ:SMRNASEQ:CA... -
[f6/dbdb26] process > NFCORE_SMRNASEQ:SMRNASEQ:FA... [100%] 36 of 36 ✔
[8d/39736e] process > NFCORE_SMRNASEQ:SMRNASEQ:FA... [100%] 36 of 36 ✔
[80/e7ad7f] process > NFCORE_SMRNASEQ:SMRNASEQ:FA... [100%] 36 of 36 ✔
[93/cf1bf1] process > NFCORE_SMRNASEQ:SMRNASEQ:MI... [ 97%] 35 of 36
[dc/eb752f] process > NFCORE_SMRNASEQ:SMRNASEQ:GE... [100%] 1 of 1 ✔
[11/50caec] process > NFCORE_SMRNASEQ:SMRNASEQ:GE... [100%] 36 of 36 ✔
[99/67af03] process > NFCORE_SMRNASEQ:SMRNASEQ:GE... [100%] 36 of 36 ✔
[4b/6ec149] process > NFCORE_SMRNASEQ:SMRNASEQ:GE... [ 97%] 35 of 36
[-        ] process > NFCORE_SMRNASEQ:SMRNASEQ:GE... -
[-        ] process > NFCORE_SMRNASEQ:SMRNASEQ:GE... -
[-        ] process > NFCORE_SMRNASEQ:SMRNASEQ:GE... -
[aa/8ad2bf] process > NFCORE_SMRNASEQ:SMRNASEQ:GE... [ 91%] 33 of 36
[-        ] process > NFCORE_SMRNASEQ:SMRNASEQ:GE... -
[-        ] process > NFCORE_SMRNASEQ:SMRNASEQ:GE... -

executor >  slurm (290)
[42/5df762] process > NFCORE_SMRNASEQ:SMRNASEQ:IN... [100%] 1 of 1 ✔
[-        ] process > NFCORE_SMRNASEQ:SMRNASEQ:CA... -
[f6/dbdb26] process > NFCORE_SMRNASEQ:SMRNASEQ:FA... [100%] 36 of 36 ✔
[8d/39736e] process > NFCORE_SMRNASEQ:SMRNASEQ:FA... [100%] 36 of 36 ✔
[80/e7ad7f] process > NFCORE_SMRNASEQ:SMRNASEQ:FA... [100%] 36 of 36 ✔
[93/cf1bf1] process > NFCORE_SMRNASEQ:SMRNASEQ:MI... [ 97%] 35 of 36
[dc/eb752f] process > NFCORE_SMRNASEQ:SMRNASEQ:GE... [100%] 1 of 1 ✔
[11/50caec] process > NFCORE_SMRNASEQ:SMRNASEQ:GE... [100%] 36 of 36 ✔
[99/67af03] process > NFCORE_SMRNASEQ:SMRNASEQ:GE... [100%] 36 of 36 ✔
[4b/6ec149] process > NFCORE_SMRNASEQ:SMRNASEQ:GE... [ 97%] 35 of 36
[-        ] process > NFCORE_SMRNASEQ:SMRNASEQ:GE... -
[-        ] process > NFCORE_SMRNASEQ:SMRNASEQ:GE... -
[-        ] process > NFCORE_SMRNASEQ:SMRNASEQ:GE... -
[aa/8ad2bf] process > NFCORE_SMRNASEQ:SMRNASEQ:GE... [ 91%] 33 of 36
[-        ] process > NFCORE_SMRNASEQ:SMRNASEQ:GE... -
[-        ] process > NFCORE_SMRNASEQ:SMRNASEQ:GE... -

executor >  slurm (290)
[42/5df762] process > NFCORE_SMRNASEQ:SMRNASEQ:IN... [100%] 1 of 1 ✔
[-        ] process > NFCORE_SMRNASEQ:SMRNASEQ:CA... -
[f6/dbdb26] process > NFCORE_SMRNASEQ:SMRNASEQ:FA... [100%] 36 of 36 ✔
[8d/39736e] process > NFCORE_SMRNASEQ:SMRNASEQ:FA... [100%] 36 of 36 ✔
[80/e7ad7f] process > NFCORE_SMRNASEQ:SMRNASEQ:FA... [100%] 36 of 36 ✔
[93/cf1bf1] process > NFCORE_SMRNASEQ:SMRNASEQ:MI... [ 97%] 35 of 36
[dc/eb752f] process > NFCORE_SMRNASEQ:SMRNASEQ:GE... [100%] 1 of 1 ✔
[11/50caec] process > NFCORE_SMRNASEQ:SMRNASEQ:GE... [100%] 36 of 36 ✔
[99/67af03] process > NFCORE_SMRNASEQ:SMRNASEQ:GE... [100%] 36 of 36 ✔
[4b/6ec149] process > NFCORE_SMRNASEQ:SMRNASEQ:GE... [ 97%] 35 of 36
[-        ] process > NFCORE_SMRNASEQ:SMRNASEQ:GE... -
[-        ] process > NFCORE_SMRNASEQ:SMRNASEQ:GE... -
[-        ] process > NFCORE_SMRNASEQ:SMRNASEQ:GE... -
[74/53e896] process > NFCORE_SMRNASEQ:SMRNASEQ:GE... [ 94%] 34 of 36
[-        ] process > NFCORE_SMRNASEQ:SMRNASEQ:GE... -
[-        ] process > NFCORE_SMRNASEQ:SMRNASEQ:GE... -

executor >  slurm (290)
[42/5df762] process > NFCORE_SMRNASEQ:SMRNASEQ:IN... [100%] 1 of 1 ✔
[-        ] process > NFCORE_SMRNASEQ:SMRNASEQ:CA... -
[f6/dbdb26] process > NFCORE_SMRNASEQ:SMRNASEQ:FA... [100%] 36 of 36 ✔
[8d/39736e] process > NFCORE_SMRNASEQ:SMRNASEQ:FA... [100%] 36 of 36 ✔
[80/e7ad7f] process > NFCORE_SMRNASEQ:SMRNASEQ:FA... [100%] 36 of 36 ✔
[bd/eed07e] process > NFCORE_SMRNASEQ:SMRNASEQ:MI... [100%] 36 of 36 ✔
[dc/eb752f] process > NFCORE_SMRNASEQ:SMRNASEQ:GE... [100%] 1 of 1 ✔
[11/50caec] process > NFCORE_SMRNASEQ:SMRNASEQ:GE... [100%] 36 of 36 ✔
[99/67af03] process > NFCORE_SMRNASEQ:SMRNASEQ:GE... [100%] 36 of 36 ✔
[4b/6ec149] process > NFCORE_SMRNASEQ:SMRNASEQ:GE... [ 97%] 35 of 36
[-        ] process > NFCORE_SMRNASEQ:SMRNASEQ:GE... -
[-        ] process > NFCORE_SMRNASEQ:SMRNASEQ:GE... -
[-        ] process > NFCORE_SMRNASEQ:SMRNASEQ:GE... -
[17/a776af] process > NFCORE_SMRNASEQ:SMRNASEQ:GE... [ 97%] 35 of 36
[-        ] process > NFCORE_SMRNASEQ:SMRNASEQ:GE... -
[-        ] process > NFCORE_SMRNASEQ:SMRNASEQ:GE... -

executor >  slurm (290)
[42/5df762] process > NFCORE_SMRNASEQ:SMRNASEQ:IN... [100%] 1 of 1 ✔
[-        ] process > NFCORE_SMRNASEQ:SMRNASEQ:CA... -
[f6/dbdb26] process > NFCORE_SMRNASEQ:SMRNASEQ:FA... [100%] 36 of 36 ✔
[8d/39736e] process > NFCORE_SMRNASEQ:SMRNASEQ:FA... [100%] 36 of 36 ✔
[80/e7ad7f] process > NFCORE_SMRNASEQ:SMRNASEQ:FA... [100%] 36 of 36 ✔
[bd/eed07e] process > NFCORE_SMRNASEQ:SMRNASEQ:MI... [100%] 36 of 36 ✔
[dc/eb752f] process > NFCORE_SMRNASEQ:SMRNASEQ:GE... [100%] 1 of 1 ✔
[11/50caec] process > NFCORE_SMRNASEQ:SMRNASEQ:GE... [100%] 36 of 36 ✔
[99/67af03] process > NFCORE_SMRNASEQ:SMRNASEQ:GE... [100%] 36 of 36 ✔
[4b/6ec149] process > NFCORE_SMRNASEQ:SMRNASEQ:GE... [ 97%] 35 of 36
[-        ] process > NFCORE_SMRNASEQ:SMRNASEQ:GE... -
[-        ] process > NFCORE_SMRNASEQ:SMRNASEQ:GE... -
[-        ] process > NFCORE_SMRNASEQ:SMRNASEQ:GE... -
[17/a776af] process > NFCORE_SMRNASEQ:SMRNASEQ:GE... [ 97%] 35 of 36
[-        ] process > NFCORE_SMRNASEQ:SMRNASEQ:GE... -
[-        ] process > NFCORE_SMRNASEQ:SMRNASEQ:GE... -

executor >  slurm (290)
[42/5df762] process > NFCORE_SMRNASEQ:SMRNASEQ:IN... [100%] 1 of 1 ✔
[-        ] process > NFCORE_SMRNASEQ:SMRNASEQ:CA... -
[f6/dbdb26] process > NFCORE_SMRNASEQ:SMRNASEQ:FA... [100%] 36 of 36 ✔
[8d/39736e] process > NFCORE_SMRNASEQ:SMRNASEQ:FA... [100%] 36 of 36 ✔
[80/e7ad7f] process > NFCORE_SMRNASEQ:SMRNASEQ:FA... [100%] 36 of 36 ✔
[bd/eed07e] process > NFCORE_SMRNASEQ:SMRNASEQ:MI... [100%] 36 of 36 ✔
[dc/eb752f] process > NFCORE_SMRNASEQ:SMRNASEQ:GE... [100%] 1 of 1 ✔
[11/50caec] process > NFCORE_SMRNASEQ:SMRNASEQ:GE... [100%] 36 of 36 ✔
[99/67af03] process > NFCORE_SMRNASEQ:SMRNASEQ:GE... [100%] 36 of 36 ✔
[4b/6ec149] process > NFCORE_SMRNASEQ:SMRNASEQ:GE... [100%] 36 of 36 ✔
[-        ] process > NFCORE_SMRNASEQ:SMRNASEQ:GE... -
[-        ] process > NFCORE_SMRNASEQ:SMRNASEQ:GE... -
[-        ] process > NFCORE_SMRNASEQ:SMRNASEQ:GE... [  0%] 0 of 2
[17/a776af] process > NFCORE_SMRNASEQ:SMRNASEQ:GE... [ 97%] 35 of 36
[-        ] process > NFCORE_SMRNASEQ:SMRNASEQ:GE... -
[-        ] process > NFCORE_SMRNASEQ:SMRNASEQ:GE... -

executor >  slurm (291)
[42/5df762] process > NFCORE_SMRNASEQ:SMRNASEQ:IN... [100%] 1 of 1 ✔
[-        ] process > NFCORE_SMRNASEQ:SMRNASEQ:CA... -
[f6/dbdb26] process > NFCORE_SMRNASEQ:SMRNASEQ:FA... [100%] 36 of 36 ✔
[8d/39736e] process > NFCORE_SMRNASEQ:SMRNASEQ:FA... [100%] 36 of 36 ✔
[80/e7ad7f] process > NFCORE_SMRNASEQ:SMRNASEQ:FA... [100%] 36 of 36 ✔
[bd/eed07e] process > NFCORE_SMRNASEQ:SMRNASEQ:MI... [100%] 36 of 36 ✔
[dc/eb752f] process > NFCORE_SMRNASEQ:SMRNASEQ:GE... [100%] 1 of 1 ✔
[11/50caec] process > NFCORE_SMRNASEQ:SMRNASEQ:GE... [100%] 36 of 36 ✔
[99/67af03] process > NFCORE_SMRNASEQ:SMRNASEQ:GE... [100%] 36 of 36 ✔
[4b/6ec149] process > NFCORE_SMRNASEQ:SMRNASEQ:GE... [100%] 36 of 36 ✔
[-        ] process > NFCORE_SMRNASEQ:SMRNASEQ:GE... -
[-        ] process > NFCORE_SMRNASEQ:SMRNASEQ:GE... [  0%] 0 of 36
[0e/c8c5b3] process > NFCORE_SMRNASEQ:SMRNASEQ:GE... [  0%] 0 of 36
[aa/8ad2bf] process > NFCORE_SMRNASEQ:SMRNASEQ:GE... [100%] 36 of 36 ✔
[-        ] process > NFCORE_SMRNASEQ:SMRNASEQ:GE... -
[-        ] process > NFCORE_SMRNASEQ:SMRNASEQ:GE... -

executor >  slurm (292)
[42/5df762] process > NFCORE_SMRNASEQ:SMRNASEQ:IN... [100%] 1 of 1 ✔
[-        ] process > NFCORE_SMRNASEQ:SMRNASEQ:CA... -
[f6/dbdb26] process > NFCORE_SMRNASEQ:SMRNASEQ:FA... [100%] 36 of 36 ✔
[8d/39736e] process > NFCORE_SMRNASEQ:SMRNASEQ:FA... [100%] 36 of 36 ✔
[80/e7ad7f] process > NFCORE_SMRNASEQ:SMRNASEQ:FA... [100%] 36 of 36 ✔
[bd/eed07e] process > NFCORE_SMRNASEQ:SMRNASEQ:MI... [100%] 36 of 36 ✔
[dc/eb752f] process > NFCORE_SMRNASEQ:SMRNASEQ:GE... [100%] 1 of 1 ✔
[11/50caec] process > NFCORE_SMRNASEQ:SMRNASEQ:GE... [100%] 36 of 36 ✔
[99/67af03] process > NFCORE_SMRNASEQ:SMRNASEQ:GE... [100%] 36 of 36 ✔
[4b/6ec149] process > NFCORE_SMRNASEQ:SMRNASEQ:GE... [100%] 36 of 36 ✔
[-        ] process > NFCORE_SMRNASEQ:SMRNASEQ:GE... -
[-        ] process > NFCORE_SMRNASEQ:SMRNASEQ:GE... [  0%] 0 of 36
[90/34ddaf] process > NFCORE_SMRNASEQ:SMRNASEQ:GE... [  0%] 0 of 36
[aa/8ad2bf] process > NFCORE_SMRNASEQ:SMRNASEQ:GE... [100%] 36 of 36 ✔
[-        ] process > NFCORE_SMRNASEQ:SMRNASEQ:GE... -
[-        ] process > NFCORE_SMRNASEQ:SMRNASEQ:GE... -

executor >  slurm (294)
[42/5df762] process > NFCORE_SMRNASEQ:SMRNASEQ:IN... [100%] 1 of 1 ✔
[-        ] process > NFCORE_SMRNASEQ:SMRNASEQ:CA... -
[f6/dbdb26] process > NFCORE_SMRNASEQ:SMRNASEQ:FA... [100%] 36 of 36 ✔
[8d/39736e] process > NFCORE_SMRNASEQ:SMRNASEQ:FA... [100%] 36 of 36 ✔
[80/e7ad7f] process > NFCORE_SMRNASEQ:SMRNASEQ:FA... [100%] 36 of 36 ✔
[bd/eed07e] process > NFCORE_SMRNASEQ:SMRNASEQ:MI... [100%] 36 of 36 ✔
[dc/eb752f] process > NFCORE_SMRNASEQ:SMRNASEQ:GE... [100%] 1 of 1 ✔
[11/50caec] process > NFCORE_SMRNASEQ:SMRNASEQ:GE... [100%] 36 of 36 ✔
[99/67af03] process > NFCORE_SMRNASEQ:SMRNASEQ:GE... [100%] 36 of 36 ✔
[4b/6ec149] process > NFCORE_SMRNASEQ:SMRNASEQ:GE... [100%] 36 of 36 ✔
[-        ] process > NFCORE_SMRNASEQ:SMRNASEQ:GE... -
[32/42bc0c] process > NFCORE_SMRNASEQ:SMRNASEQ:GE... [  0%] 0 of 36
[90/34ddaf] process > NFCORE_SMRNASEQ:SMRNASEQ:GE... [  0%] 0 of 36
[aa/8ad2bf] process > NFCORE_SMRNASEQ:SMRNASEQ:GE... [100%] 36 of 36 ✔
[-        ] process > NFCORE_SMRNASEQ:SMRNASEQ:GE... -
[-        ] process > NFCORE_SMRNASEQ:SMRNASEQ:GE... -

executor >  slurm (297)
[42/5df762] process > NFCORE_SMRNASEQ:SMRNASEQ:IN... [100%] 1 of 1 ✔
[-        ] process > NFCORE_SMRNASEQ:SMRNASEQ:CA... -
[f6/dbdb26] process > NFCORE_SMRNASEQ:SMRNASEQ:FA... [100%] 36 of 36 ✔
[8d/39736e] process > NFCORE_SMRNASEQ:SMRNASEQ:FA... [100%] 36 of 36 ✔
[80/e7ad7f] process > NFCORE_SMRNASEQ:SMRNASEQ:FA... [100%] 36 of 36 ✔
[bd/eed07e] process > NFCORE_SMRNASEQ:SMRNASEQ:MI... [100%] 36 of 36 ✔
[dc/eb752f] process > NFCORE_SMRNASEQ:SMRNASEQ:GE... [100%] 1 of 1 ✔
[11/50caec] process > NFCORE_SMRNASEQ:SMRNASEQ:GE... [100%] 36 of 36 ✔
[99/67af03] process > NFCORE_SMRNASEQ:SMRNASEQ:GE... [100%] 36 of 36 ✔
[4b/6ec149] process > NFCORE_SMRNASEQ:SMRNASEQ:GE... [100%] 36 of 36 ✔
[-        ] process > NFCORE_SMRNASEQ:SMRNASEQ:GE... -
[97/b03e80] process > NFCORE_SMRNASEQ:SMRNASEQ:GE... [  0%] 0 of 36
[65/2dba7a] process > NFCORE_SMRNASEQ:SMRNASEQ:GE... [  0%] 0 of 36
[aa/8ad2bf] process > NFCORE_SMRNASEQ:SMRNASEQ:GE... [100%] 36 of 36 ✔
[-        ] process > NFCORE_SMRNASEQ:SMRNASEQ:GE... -
[-        ] process > NFCORE_SMRNASEQ:SMRNASEQ:GE... -

executor >  slurm (299)
[42/5df762] process > NFCORE_SMRNASEQ:SMRNASEQ:IN... [100%] 1 of 1 ✔
[-        ] process > NFCORE_SMRNASEQ:SMRNASEQ:CA... -
[f6/dbdb26] process > NFCORE_SMRNASEQ:SMRNASEQ:FA... [100%] 36 of 36 ✔
[8d/39736e] process > NFCORE_SMRNASEQ:SMRNASEQ:FA... [100%] 36 of 36 ✔
[80/e7ad7f] process > NFCORE_SMRNASEQ:SMRNASEQ:FA... [100%] 36 of 36 ✔
[bd/eed07e] process > NFCORE_SMRNASEQ:SMRNASEQ:MI... [100%] 36 of 36 ✔
[dc/eb752f] process > NFCORE_SMRNASEQ:SMRNASEQ:GE... [100%] 1 of 1 ✔
[11/50caec] process > NFCORE_SMRNASEQ:SMRNASEQ:GE... [100%] 36 of 36 ✔
[99/67af03] process > NFCORE_SMRNASEQ:SMRNASEQ:GE... [100%] 36 of 36 ✔
[4b/6ec149] process > NFCORE_SMRNASEQ:SMRNASEQ:GE... [100%] 36 of 36 ✔
[-        ] process > NFCORE_SMRNASEQ:SMRNASEQ:GE... -
[34/079115] process > NFCORE_SMRNASEQ:SMRNASEQ:GE... [  0%] 0 of 36
[b0/e8e346] process > NFCORE_SMRNASEQ:SMRNASEQ:GE... [  0%] 0 of 36
[aa/8ad2bf] process > NFCORE_SMRNASEQ:SMRNASEQ:GE... [100%] 36 of 36 ✔
[-        ] process > NFCORE_SMRNASEQ:SMRNASEQ:GE... -
[-        ] process > NFCORE_SMRNASEQ:SMRNASEQ:GE... -

executor >  slurm (302)
[42/5df762] process > NFCORE_SMRNASEQ:SMRNASEQ:IN... [100%] 1 of 1 ✔
[-        ] process > NFCORE_SMRNASEQ:SMRNASEQ:CA... -
[f6/dbdb26] process > NFCORE_SMRNASEQ:SMRNASEQ:FA... [100%] 36 of 36 ✔
[8d/39736e] process > NFCORE_SMRNASEQ:SMRNASEQ:FA... [100%] 36 of 36 ✔
[80/e7ad7f] process > NFCORE_SMRNASEQ:SMRNASEQ:FA... [100%] 36 of 36 ✔
[bd/eed07e] process > NFCORE_SMRNASEQ:SMRNASEQ:MI... [100%] 36 of 36 ✔
[dc/eb752f] process > NFCORE_SMRNASEQ:SMRNASEQ:GE... [100%] 1 of 1 ✔
[11/50caec] process > NFCORE_SMRNASEQ:SMRNASEQ:GE... [100%] 36 of 36 ✔
[99/67af03] process > NFCORE_SMRNASEQ:SMRNASEQ:GE... [100%] 36 of 36 ✔
[4b/6ec149] process > NFCORE_SMRNASEQ:SMRNASEQ:GE... [100%] 36 of 36 ✔
[-        ] process > NFCORE_SMRNASEQ:SMRNASEQ:GE... -
[b3/863d50] process > NFCORE_SMRNASEQ:SMRNASEQ:GE... [  0%] 0 of 36
[6f/3410cc] process > NFCORE_SMRNASEQ:SMRNASEQ:GE... [  0%] 0 of 36
[aa/8ad2bf] process > NFCORE_SMRNASEQ:SMRNASEQ:GE... [100%] 36 of 36 ✔
[-        ] process > NFCORE_SMRNASEQ:SMRNASEQ:GE... -
[-        ] process > NFCORE_SMRNASEQ:SMRNASEQ:GE... -

executor >  slurm (304)
[42/5df762] process > NFCORE_SMRNASEQ:SMRNASEQ:IN... [100%] 1 of 1 ✔
[-        ] process > NFCORE_SMRNASEQ:SMRNASEQ:CA... -
[f6/dbdb26] process > NFCORE_SMRNASEQ:SMRNASEQ:FA... [100%] 36 of 36 ✔
[8d/39736e] process > NFCORE_SMRNASEQ:SMRNASEQ:FA... [100%] 36 of 36 ✔
[80/e7ad7f] process > NFCORE_SMRNASEQ:SMRNASEQ:FA... [100%] 36 of 36 ✔
[bd/eed07e] process > NFCORE_SMRNASEQ:SMRNASEQ:MI... [100%] 36 of 36 ✔
[dc/eb752f] process > NFCORE_SMRNASEQ:SMRNASEQ:GE... [100%] 1 of 1 ✔
[11/50caec] process > NFCORE_SMRNASEQ:SMRNASEQ:GE... [100%] 36 of 36 ✔
[99/67af03] process > NFCORE_SMRNASEQ:SMRNASEQ:GE... [100%] 36 of 36 ✔
[4b/6ec149] process > NFCORE_SMRNASEQ:SMRNASEQ:GE... [100%] 36 of 36 ✔
[-        ] process > NFCORE_SMRNASEQ:SMRNASEQ:GE... -
[04/415db2] process > NFCORE_SMRNASEQ:SMRNASEQ:GE... [  0%] 0 of 36
[6f/3410cc] process > NFCORE_SMRNASEQ:SMRNASEQ:GE... [  0%] 0 of 36
[aa/8ad2bf] process > NFCORE_SMRNASEQ:SMRNASEQ:GE... [100%] 36 of 36 ✔
[-        ] process > NFCORE_SMRNASEQ:SMRNASEQ:GE... -
[-        ] process > NFCORE_SMRNASEQ:SMRNASEQ:GE... -

executor >  slurm (306)
[42/5df762] process > NFCORE_SMRNASEQ:SMRNASEQ:IN... [100%] 1 of 1 ✔
[-        ] process > NFCORE_SMRNASEQ:SMRNASEQ:CA... -
[f6/dbdb26] process > NFCORE_SMRNASEQ:SMRNASEQ:FA... [100%] 36 of 36 ✔
[8d/39736e] process > NFCORE_SMRNASEQ:SMRNASEQ:FA... [100%] 36 of 36 ✔
[80/e7ad7f] process > NFCORE_SMRNASEQ:SMRNASEQ:FA... [100%] 36 of 36 ✔
[bd/eed07e] process > NFCORE_SMRNASEQ:SMRNASEQ:MI... [100%] 36 of 36 ✔
[dc/eb752f] process > NFCORE_SMRNASEQ:SMRNASEQ:GE... [100%] 1 of 1 ✔
[11/50caec] process > NFCORE_SMRNASEQ:SMRNASEQ:GE... [100%] 36 of 36 ✔
[99/67af03] process > NFCORE_SMRNASEQ:SMRNASEQ:GE... [100%] 36 of 36 ✔
[4b/6ec149] process > NFCORE_SMRNASEQ:SMRNASEQ:GE... [100%] 36 of 36 ✔
[-        ] process > NFCORE_SMRNASEQ:SMRNASEQ:GE... -
[04/415db2] process > NFCORE_SMRNASEQ:SMRNASEQ:GE... [  0%] 0 of 36
[38/53622a] process > NFCORE_SMRNASEQ:SMRNASEQ:GE... [  0%] 0 of 36
[aa/8ad2bf] process > NFCORE_SMRNASEQ:SMRNASEQ:GE... [100%] 36 of 36 ✔
[-        ] process > NFCORE_SMRNASEQ:SMRNASEQ:GE... -
[-        ] process > NFCORE_SMRNASEQ:SMRNASEQ:GE... -

executor >  slurm (307)
[42/5df762] process > NFCORE_SMRNASEQ:SMRNASEQ:IN... [100%] 1 of 1 ✔
[-        ] process > NFCORE_SMRNASEQ:SMRNASEQ:CA... -
[f6/dbdb26] process > NFCORE_SMRNASEQ:SMRNASEQ:FA... [100%] 36 of 36 ✔
[8d/39736e] process > NFCORE_SMRNASEQ:SMRNASEQ:FA... [100%] 36 of 36 ✔
[80/e7ad7f] process > NFCORE_SMRNASEQ:SMRNASEQ:FA... [100%] 36 of 36 ✔
[bd/eed07e] process > NFCORE_SMRNASEQ:SMRNASEQ:MI... [100%] 36 of 36 ✔
[dc/eb752f] process > NFCORE_SMRNASEQ:SMRNASEQ:GE... [100%] 1 of 1 ✔
[11/50caec] process > NFCORE_SMRNASEQ:SMRNASEQ:GE... [100%] 36 of 36 ✔
[99/67af03] process > NFCORE_SMRNASEQ:SMRNASEQ:GE... [100%] 36 of 36 ✔
[4b/6ec149] process > NFCORE_SMRNASEQ:SMRNASEQ:GE... [100%] 36 of 36 ✔
[-        ] process > NFCORE_SMRNASEQ:SMRNASEQ:GE... -
[04/415db2] process > NFCORE_SMRNASEQ:SMRNASEQ:GE... [  0%] 0 of 36
[11/6b0843] process > NFCORE_SMRNASEQ:SMRNASEQ:GE... [  0%] 0 of 36
[aa/8ad2bf] process > NFCORE_SMRNASEQ:SMRNASEQ:GE... [100%] 36 of 36 ✔
[-        ] process > NFCORE_SMRNASEQ:SMRNASEQ:GE... -
[-        ] process > NFCORE_SMRNASEQ:SMRNASEQ:GE... -

executor >  slurm (308)
[42/5df762] process > NFCORE_SMRNASEQ:SMRNASEQ:IN... [100%] 1 of 1 ✔
[-        ] process > NFCORE_SMRNASEQ:SMRNASEQ:CA... -
[f6/dbdb26] process > NFCORE_SMRNASEQ:SMRNASEQ:FA... [100%] 36 of 36 ✔
[8d/39736e] process > NFCORE_SMRNASEQ:SMRNASEQ:FA... [100%] 36 of 36 ✔
[80/e7ad7f] process > NFCORE_SMRNASEQ:SMRNASEQ:FA... [100%] 36 of 36 ✔
[bd/eed07e] process > NFCORE_SMRNASEQ:SMRNASEQ:MI... [100%] 36 of 36 ✔
[dc/eb752f] process > NFCORE_SMRNASEQ:SMRNASEQ:GE... [100%] 1 of 1 ✔
[11/50caec] process > NFCORE_SMRNASEQ:SMRNASEQ:GE... [100%] 36 of 36 ✔
[99/67af03] process > NFCORE_SMRNASEQ:SMRNASEQ:GE... [100%] 36 of 36 ✔
[4b/6ec149] process > NFCORE_SMRNASEQ:SMRNASEQ:GE... [100%] 36 of 36 ✔
[-        ] process > NFCORE_SMRNASEQ:SMRNASEQ:GE... -
[c4/38cffe] process > NFCORE_SMRNASEQ:SMRNASEQ:GE... [  0%] 0 of 36
[11/6b0843] process > NFCORE_SMRNASEQ:SMRNASEQ:GE... [  0%] 0 of 36
[aa/8ad2bf] process > NFCORE_SMRNASEQ:SMRNASEQ:GE... [100%] 36 of 36 ✔
[-        ] process > NFCORE_SMRNASEQ:SMRNASEQ:GE... -
[-        ] process > NFCORE_SMRNASEQ:SMRNASEQ:GE... -

executor >  slurm (309)
[42/5df762] process > NFCORE_SMRNASEQ:SMRNASEQ:IN... [100%] 1 of 1 ✔
[-        ] process > NFCORE_SMRNASEQ:SMRNASEQ:CA... -
[f6/dbdb26] process > NFCORE_SMRNASEQ:SMRNASEQ:FA... [100%] 36 of 36 ✔
[8d/39736e] process > NFCORE_SMRNASEQ:SMRNASEQ:FA... [100%] 36 of 36 ✔
[80/e7ad7f] process > NFCORE_SMRNASEQ:SMRNASEQ:FA... [100%] 36 of 36 ✔
[bd/eed07e] process > NFCORE_SMRNASEQ:SMRNASEQ:MI... [100%] 36 of 36 ✔
[dc/eb752f] process > NFCORE_SMRNASEQ:SMRNASEQ:GE... [100%] 1 of 1 ✔
[11/50caec] process > NFCORE_SMRNASEQ:SMRNASEQ:GE... [100%] 36 of 36 ✔
[99/67af03] process > NFCORE_SMRNASEQ:SMRNASEQ:GE... [100%] 36 of 36 ✔
[4b/6ec149] process > NFCORE_SMRNASEQ:SMRNASEQ:GE... [100%] 36 of 36 ✔
[-        ] process > NFCORE_SMRNASEQ:SMRNASEQ:GE... -
[c4/38cffe] process > NFCORE_SMRNASEQ:SMRNASEQ:GE... [  0%] 0 of 36
[3f/7f9f0b] process > NFCORE_SMRNASEQ:SMRNASEQ:GE... [  0%] 0 of 36
[aa/8ad2bf] process > NFCORE_SMRNASEQ:SMRNASEQ:GE... [100%] 36 of 36 ✔
[-        ] process > NFCORE_SMRNASEQ:SMRNASEQ:GE... -
[-        ] process > NFCORE_SMRNASEQ:SMRNASEQ:GE... -

executor >  slurm (312)
[42/5df762] process > NFCORE_SMRNASEQ:SMRNASEQ:IN... [100%] 1 of 1 ✔
[-        ] process > NFCORE_SMRNASEQ:SMRNASEQ:CA... -
[f6/dbdb26] process > NFCORE_SMRNASEQ:SMRNASEQ:FA... [100%] 36 of 36 ✔
[8d/39736e] process > NFCORE_SMRNASEQ:SMRNASEQ:FA... [100%] 36 of 36 ✔
[80/e7ad7f] process > NFCORE_SMRNASEQ:SMRNASEQ:FA... [100%] 36 of 36 ✔
[bd/eed07e] process > NFCORE_SMRNASEQ:SMRNASEQ:MI... [100%] 36 of 36 ✔
[dc/eb752f] process > NFCORE_SMRNASEQ:SMRNASEQ:GE... [100%] 1 of 1 ✔
[11/50caec] process > NFCORE_SMRNASEQ:SMRNASEQ:GE... [100%] 36 of 36 ✔
[99/67af03] process > NFCORE_SMRNASEQ:SMRNASEQ:GE... [100%] 36 of 36 ✔
[4b/6ec149] process > NFCORE_SMRNASEQ:SMRNASEQ:GE... [100%] 36 of 36 ✔
[-        ] process > NFCORE_SMRNASEQ:SMRNASEQ:GE... -
[85/1d7190] process > NFCORE_SMRNASEQ:SMRNASEQ:GE... [  0%] 0 of 36
[02/be3675] process > NFCORE_SMRNASEQ:SMRNASEQ:GE... [  0%] 0 of 36
[aa/8ad2bf] process > NFCORE_SMRNASEQ:SMRNASEQ:GE... [100%] 36 of 36 ✔
[-        ] process > NFCORE_SMRNASEQ:SMRNASEQ:GE... -
[-        ] process > NFCORE_SMRNASEQ:SMRNASEQ:GE... -

executor >  slurm (314)
[42/5df762] process > NFCORE_SMRNASEQ:SMRNASEQ:IN... [100%] 1 of 1 ✔
[-        ] process > NFCORE_SMRNASEQ:SMRNASEQ:CA... -
[f6/dbdb26] process > NFCORE_SMRNASEQ:SMRNASEQ:FA... [100%] 36 of 36 ✔
[8d/39736e] process > NFCORE_SMRNASEQ:SMRNASEQ:FA... [100%] 36 of 36 ✔
[80/e7ad7f] process > NFCORE_SMRNASEQ:SMRNASEQ:FA... [100%] 36 of 36 ✔
[bd/eed07e] process > NFCORE_SMRNASEQ:SMRNASEQ:MI... [100%] 36 of 36 ✔
[dc/eb752f] process > NFCORE_SMRNASEQ:SMRNASEQ:GE... [100%] 1 of 1 ✔
[11/50caec] process > NFCORE_SMRNASEQ:SMRNASEQ:GE... [100%] 36 of 36 ✔
[99/67af03] process > NFCORE_SMRNASEQ:SMRNASEQ:GE... [100%] 36 of 36 ✔
[4b/6ec149] process > NFCORE_SMRNASEQ:SMRNASEQ:GE... [100%] 36 of 36 ✔
[-        ] process > NFCORE_SMRNASEQ:SMRNASEQ:GE... -
[40/0d4af8] process > NFCORE_SMRNASEQ:SMRNASEQ:GE... [  0%] 0 of 36
[02/be3675] process > NFCORE_SMRNASEQ:SMRNASEQ:GE... [  0%] 0 of 36
[aa/8ad2bf] process > NFCORE_SMRNASEQ:SMRNASEQ:GE... [100%] 36 of 36 ✔
[-        ] process > NFCORE_SMRNASEQ:SMRNASEQ:GE... -
[-        ] process > NFCORE_SMRNASEQ:SMRNASEQ:GE... -

executor >  slurm (317)
[42/5df762] process > NFCORE_SMRNASEQ:SMRNASEQ:IN... [100%] 1 of 1 ✔
[-        ] process > NFCORE_SMRNASEQ:SMRNASEQ:CA... -
[f6/dbdb26] process > NFCORE_SMRNASEQ:SMRNASEQ:FA... [100%] 36 of 36 ✔
[8d/39736e] process > NFCORE_SMRNASEQ:SMRNASEQ:FA... [100%] 36 of 36 ✔
[80/e7ad7f] process > NFCORE_SMRNASEQ:SMRNASEQ:FA... [100%] 36 of 36 ✔
[bd/eed07e] process > NFCORE_SMRNASEQ:SMRNASEQ:MI... [100%] 36 of 36 ✔
[dc/eb752f] process > NFCORE_SMRNASEQ:SMRNASEQ:GE... [100%] 1 of 1 ✔
[11/50caec] process > NFCORE_SMRNASEQ:SMRNASEQ:GE... [100%] 36 of 36 ✔
[99/67af03] process > NFCORE_SMRNASEQ:SMRNASEQ:GE... [100%] 36 of 36 ✔
[4b/6ec149] process > NFCORE_SMRNASEQ:SMRNASEQ:GE... [100%] 36 of 36 ✔
[-        ] process > NFCORE_SMRNASEQ:SMRNASEQ:GE... -
[2a/cac506] process > NFCORE_SMRNASEQ:SMRNASEQ:GE... [  0%] 0 of 36
[1f/9ed9d5] process > NFCORE_SMRNASEQ:SMRNASEQ:GE... [  0%] 0 of 36
[aa/8ad2bf] process > NFCORE_SMRNASEQ:SMRNASEQ:GE... [100%] 36 of 36 ✔
[-        ] process > NFCORE_SMRNASEQ:SMRNASEQ:GE... -
[-        ] process > NFCORE_SMRNASEQ:SMRNASEQ:GE... -

executor >  slurm (320)
[42/5df762] process > NFCORE_SMRNASEQ:SMRNASEQ:IN... [100%] 1 of 1 ✔
[-        ] process > NFCORE_SMRNASEQ:SMRNASEQ:CA... -
[f6/dbdb26] process > NFCORE_SMRNASEQ:SMRNASEQ:FA... [100%] 36 of 36 ✔
[8d/39736e] process > NFCORE_SMRNASEQ:SMRNASEQ:FA... [100%] 36 of 36 ✔
[80/e7ad7f] process > NFCORE_SMRNASEQ:SMRNASEQ:FA... [100%] 36 of 36 ✔
[bd/eed07e] process > NFCORE_SMRNASEQ:SMRNASEQ:MI... [100%] 36 of 36 ✔
[dc/eb752f] process > NFCORE_SMRNASEQ:SMRNASEQ:GE... [100%] 1 of 1 ✔
[11/50caec] process > NFCORE_SMRNASEQ:SMRNASEQ:GE... [100%] 36 of 36 ✔
[99/67af03] process > NFCORE_SMRNASEQ:SMRNASEQ:GE... [100%] 36 of 36 ✔
[4b/6ec149] process > NFCORE_SMRNASEQ:SMRNASEQ:GE... [100%] 36 of 36 ✔
[-        ] process > NFCORE_SMRNASEQ:SMRNASEQ:GE... -
[34/cafdc1] process > NFCORE_SMRNASEQ:SMRNASEQ:GE... [  0%] 0 of 36
[41/26c9de] process > NFCORE_SMRNASEQ:SMRNASEQ:GE... [  0%] 0 of 36
[aa/8ad2bf] process > NFCORE_SMRNASEQ:SMRNASEQ:GE... [100%] 36 of 36 ✔
[-        ] process > NFCORE_SMRNASEQ:SMRNASEQ:GE... -
[-        ] process > NFCORE_SMRNASEQ:SMRNASEQ:GE... -

executor >  slurm (322)
[42/5df762] process > NFCORE_SMRNASEQ:SMRNASEQ:IN... [100%] 1 of 1 ✔
[-        ] process > NFCORE_SMRNASEQ:SMRNASEQ:CA... -
[f6/dbdb26] process > NFCORE_SMRNASEQ:SMRNASEQ:FA... [100%] 36 of 36 ✔
[8d/39736e] process > NFCORE_SMRNASEQ:SMRNASEQ:FA... [100%] 36 of 36 ✔
[80/e7ad7f] process > NFCORE_SMRNASEQ:SMRNASEQ:FA... [100%] 36 of 36 ✔
[bd/eed07e] process > NFCORE_SMRNASEQ:SMRNASEQ:MI... [100%] 36 of 36 ✔
[dc/eb752f] process > NFCORE_SMRNASEQ:SMRNASEQ:GE... [100%] 1 of 1 ✔
[11/50caec] process > NFCORE_SMRNASEQ:SMRNASEQ:GE... [100%] 36 of 36 ✔
[99/67af03] process > NFCORE_SMRNASEQ:SMRNASEQ:GE... [100%] 36 of 36 ✔
[4b/6ec149] process > NFCORE_SMRNASEQ:SMRNASEQ:GE... [100%] 36 of 36 ✔
[-        ] process > NFCORE_SMRNASEQ:SMRNASEQ:GE... -
[42/5b24d3] process > NFCORE_SMRNASEQ:SMRNASEQ:GE... [  0%] 0 of 36
[e3/dd3d03] process > NFCORE_SMRNASEQ:SMRNASEQ:GE... [  0%] 0 of 36
[aa/8ad2bf] process > NFCORE_SMRNASEQ:SMRNASEQ:GE... [100%] 36 of 36 ✔
[-        ] process > NFCORE_SMRNASEQ:SMRNASEQ:GE... -
[-        ] process > NFCORE_SMRNASEQ:SMRNASEQ:GE... -

executor >  slurm (324)
[42/5df762] process > NFCORE_SMRNASEQ:SMRNASEQ:IN... [100%] 1 of 1 ✔
[-        ] process > NFCORE_SMRNASEQ:SMRNASEQ:CA... -
[f6/dbdb26] process > NFCORE_SMRNASEQ:SMRNASEQ:FA... [100%] 36 of 36 ✔
[8d/39736e] process > NFCORE_SMRNASEQ:SMRNASEQ:FA... [100%] 36 of 36 ✔
[80/e7ad7f] process > NFCORE_SMRNASEQ:SMRNASEQ:FA... [100%] 36 of 36 ✔
[bd/eed07e] process > NFCORE_SMRNASEQ:SMRNASEQ:MI... [100%] 36 of 36 ✔
[dc/eb752f] process > NFCORE_SMRNASEQ:SMRNASEQ:GE... [100%] 1 of 1 ✔
[11/50caec] process > NFCORE_SMRNASEQ:SMRNASEQ:GE... [100%] 36 of 36 ✔
[99/67af03] process > NFCORE_SMRNASEQ:SMRNASEQ:GE... [100%] 36 of 36 ✔
[4b/6ec149] process > NFCORE_SMRNASEQ:SMRNASEQ:GE... [100%] 36 of 36 ✔
[-        ] process > NFCORE_SMRNASEQ:SMRNASEQ:GE... -
[74/4974dd] process > NFCORE_SMRNASEQ:SMRNASEQ:GE... [  0%] 0 of 36
[d3/f23a31] process > NFCORE_SMRNASEQ:SMRNASEQ:GE... [  0%] 0 of 36
[aa/8ad2bf] process > NFCORE_SMRNASEQ:SMRNASEQ:GE... [100%] 36 of 36 ✔
[-        ] process > NFCORE_SMRNASEQ:SMRNASEQ:GE... -
[-        ] process > NFCORE_SMRNASEQ:SMRNASEQ:GE... -

executor >  slurm (326)
[42/5df762] process > NFCORE_SMRNASEQ:SMRNASEQ:IN... [100%] 1 of 1 ✔
[-        ] process > NFCORE_SMRNASEQ:SMRNASEQ:CA... -
[f6/dbdb26] process > NFCORE_SMRNASEQ:SMRNASEQ:FA... [100%] 36 of 36 ✔
[8d/39736e] process > NFCORE_SMRNASEQ:SMRNASEQ:FA... [100%] 36 of 36 ✔
[80/e7ad7f] process > NFCORE_SMRNASEQ:SMRNASEQ:FA... [100%] 36 of 36 ✔
[bd/eed07e] process > NFCORE_SMRNASEQ:SMRNASEQ:MI... [100%] 36 of 36 ✔
[dc/eb752f] process > NFCORE_SMRNASEQ:SMRNASEQ:GE... [100%] 1 of 1 ✔
[11/50caec] process > NFCORE_SMRNASEQ:SMRNASEQ:GE... [100%] 36 of 36 ✔
[99/67af03] process > NFCORE_SMRNASEQ:SMRNASEQ:GE... [100%] 36 of 36 ✔
[4b/6ec149] process > NFCORE_SMRNASEQ:SMRNASEQ:GE... [100%] 36 of 36 ✔
[-        ] process > NFCORE_SMRNASEQ:SMRNASEQ:GE... -
[74/4974dd] process > NFCORE_SMRNASEQ:SMRNASEQ:GE... [  0%] 0 of 36
[11/72e331] process > NFCORE_SMRNASEQ:SMRNASEQ:GE... [  0%] 0 of 36
[aa/8ad2bf] process > NFCORE_SMRNASEQ:SMRNASEQ:GE... [100%] 36 of 36 ✔
[-        ] process > NFCORE_SMRNASEQ:SMRNASEQ:GE... -
[-        ] process > NFCORE_SMRNASEQ:SMRNASEQ:GE... -

executor >  slurm (328)
[42/5df762] process > NFCORE_SMRNASEQ:SMRNASEQ:IN... [100%] 1 of 1 ✔
[-        ] process > NFCORE_SMRNASEQ:SMRNASEQ:CA... -
[f6/dbdb26] process > NFCORE_SMRNASEQ:SMRNASEQ:FA... [100%] 36 of 36 ✔
[8d/39736e] process > NFCORE_SMRNASEQ:SMRNASEQ:FA... [100%] 36 of 36 ✔
[80/e7ad7f] process > NFCORE_SMRNASEQ:SMRNASEQ:FA... [100%] 36 of 36 ✔
[bd/eed07e] process > NFCORE_SMRNASEQ:SMRNASEQ:MI... [100%] 36 of 36 ✔
[dc/eb752f] process > NFCORE_SMRNASEQ:SMRNASEQ:GE... [100%] 1 of 1 ✔
[11/50caec] process > NFCORE_SMRNASEQ:SMRNASEQ:GE... [100%] 36 of 36 ✔
[99/67af03] process > NFCORE_SMRNASEQ:SMRNASEQ:GE... [100%] 36 of 36 ✔
[4b/6ec149] process > NFCORE_SMRNASEQ:SMRNASEQ:GE... [100%] 36 of 36 ✔
[-        ] process > NFCORE_SMRNASEQ:SMRNASEQ:GE... -
[74/4974dd] process > NFCORE_SMRNASEQ:SMRNASEQ:GE... [  0%] 0 of 36
[51/c7f0b0] process > NFCORE_SMRNASEQ:SMRNASEQ:GE... [  0%] 0 of 36
[aa/8ad2bf] process > NFCORE_SMRNASEQ:SMRNASEQ:GE... [100%] 36 of 36 ✔
[-        ] process > NFCORE_SMRNASEQ:SMRNASEQ:GE... -
[-        ] process > NFCORE_SMRNASEQ:SMRNASEQ:GE... -

executor >  slurm (329)
[42/5df762] process > NFCORE_SMRNASEQ:SMRNASEQ:IN... [100%] 1 of 1 ✔
[-        ] process > NFCORE_SMRNASEQ:SMRNASEQ:CA... -
[f6/dbdb26] process > NFCORE_SMRNASEQ:SMRNASEQ:FA... [100%] 36 of 36 ✔
[8d/39736e] process > NFCORE_SMRNASEQ:SMRNASEQ:FA... [100%] 36 of 36 ✔
[80/e7ad7f] process > NFCORE_SMRNASEQ:SMRNASEQ:FA... [100%] 36 of 36 ✔
[bd/eed07e] process > NFCORE_SMRNASEQ:SMRNASEQ:MI... [100%] 36 of 36 ✔
[dc/eb752f] process > NFCORE_SMRNASEQ:SMRNASEQ:GE... [100%] 1 of 1 ✔
[11/50caec] process > NFCORE_SMRNASEQ:SMRNASEQ:GE... [100%] 36 of 36 ✔
[99/67af03] process > NFCORE_SMRNASEQ:SMRNASEQ:GE... [100%] 36 of 36 ✔
[4b/6ec149] process > NFCORE_SMRNASEQ:SMRNASEQ:GE... [100%] 36 of 36 ✔
[-        ] process > NFCORE_SMRNASEQ:SMRNASEQ:GE... -
[2c/3cb6c9] process > NFCORE_SMRNASEQ:SMRNASEQ:GE... [  0%] 0 of 36
[51/c7f0b0] process > NFCORE_SMRNASEQ:SMRNASEQ:GE... [  0%] 0 of 36
[aa/8ad2bf] process > NFCORE_SMRNASEQ:SMRNASEQ:GE... [100%] 36 of 36 ✔
[-        ] process > NFCORE_SMRNASEQ:SMRNASEQ:GE... -
[-        ] process > NFCORE_SMRNASEQ:SMRNASEQ:GE... -

executor >  slurm (330)
[42/5df762] process > NFCORE_SMRNASEQ:SMRNASEQ:IN... [100%] 1 of 1 ✔
[-        ] process > NFCORE_SMRNASEQ:SMRNASEQ:CA... -
[f6/dbdb26] process > NFCORE_SMRNASEQ:SMRNASEQ:FA... [100%] 36 of 36 ✔
[8d/39736e] process > NFCORE_SMRNASEQ:SMRNASEQ:FA... [100%] 36 of 36 ✔
[80/e7ad7f] process > NFCORE_SMRNASEQ:SMRNASEQ:FA... [100%] 36 of 36 ✔
[bd/eed07e] process > NFCORE_SMRNASEQ:SMRNASEQ:MI... [100%] 36 of 36 ✔
[dc/eb752f] process > NFCORE_SMRNASEQ:SMRNASEQ:GE... [100%] 1 of 1 ✔
[11/50caec] process > NFCORE_SMRNASEQ:SMRNASEQ:GE... [100%] 36 of 36 ✔
[99/67af03] process > NFCORE_SMRNASEQ:SMRNASEQ:GE... [100%] 36 of 36 ✔
[4b/6ec149] process > NFCORE_SMRNASEQ:SMRNASEQ:GE... [100%] 36 of 36 ✔
[-        ] process > NFCORE_SMRNASEQ:SMRNASEQ:GE... -
[56/b4744f] process > NFCORE_SMRNASEQ:SMRNASEQ:GE... [  0%] 0 of 36
[51/c7f0b0] process > NFCORE_SMRNASEQ:SMRNASEQ:GE... [  0%] 0 of 36
[aa/8ad2bf] process > NFCORE_SMRNASEQ:SMRNASEQ:GE... [100%] 36 of 36 ✔
[-        ] process > NFCORE_SMRNASEQ:SMRNASEQ:GE... -
[-        ] process > NFCORE_SMRNASEQ:SMRNASEQ:GE... -

executor >  slurm (331)
[42/5df762] process > NFCORE_SMRNASEQ:SMRNASEQ:IN... [100%] 1 of 1 ✔
[-        ] process > NFCORE_SMRNASEQ:SMRNASEQ:CA... -
[f6/dbdb26] process > NFCORE_SMRNASEQ:SMRNASEQ:FA... [100%] 36 of 36 ✔
[8d/39736e] process > NFCORE_SMRNASEQ:SMRNASEQ:FA... [100%] 36 of 36 ✔
[80/e7ad7f] process > NFCORE_SMRNASEQ:SMRNASEQ:FA... [100%] 36 of 36 ✔
[bd/eed07e] process > NFCORE_SMRNASEQ:SMRNASEQ:MI... [100%] 36 of 36 ✔
[dc/eb752f] process > NFCORE_SMRNASEQ:SMRNASEQ:GE... [100%] 1 of 1 ✔
[11/50caec] process > NFCORE_SMRNASEQ:SMRNASEQ:GE... [100%] 36 of 36 ✔
[99/67af03] process > NFCORE_SMRNASEQ:SMRNASEQ:GE... [100%] 36 of 36 ✔
[4b/6ec149] process > NFCORE_SMRNASEQ:SMRNASEQ:GE... [100%] 36 of 36 ✔
[-        ] process > NFCORE_SMRNASEQ:SMRNASEQ:GE... -
[82/92d3e2] process > NFCORE_SMRNASEQ:SMRNASEQ:GE... [  0%] 0 of 36
[51/c7f0b0] process > NFCORE_SMRNASEQ:SMRNASEQ:GE... [  0%] 0 of 36
[aa/8ad2bf] process > NFCORE_SMRNASEQ:SMRNASEQ:GE... [100%] 36 of 36 ✔
[-        ] process > NFCORE_SMRNASEQ:SMRNASEQ:GE... -
[-        ] process > NFCORE_SMRNASEQ:SMRNASEQ:GE... -

executor >  slurm (332)
[42/5df762] process > NFCORE_SMRNASEQ:SMRNASEQ:IN... [100%] 1 of 1 ✔
[-        ] process > NFCORE_SMRNASEQ:SMRNASEQ:CA... -
[f6/dbdb26] process > NFCORE_SMRNASEQ:SMRNASEQ:FA... [100%] 36 of 36 ✔
[8d/39736e] process > NFCORE_SMRNASEQ:SMRNASEQ:FA... [100%] 36 of 36 ✔
[80/e7ad7f] process > NFCORE_SMRNASEQ:SMRNASEQ:FA... [100%] 36 of 36 ✔
[bd/eed07e] process > NFCORE_SMRNASEQ:SMRNASEQ:MI... [100%] 36 of 36 ✔
[dc/eb752f] process > NFCORE_SMRNASEQ:SMRNASEQ:GE... [100%] 1 of 1 ✔
[11/50caec] process > NFCORE_SMRNASEQ:SMRNASEQ:GE... [100%] 36 of 36 ✔
[99/67af03] process > NFCORE_SMRNASEQ:SMRNASEQ:GE... [100%] 36 of 36 ✔
[4b/6ec149] process > NFCORE_SMRNASEQ:SMRNASEQ:GE... [100%] 36 of 36 ✔
[-        ] process > NFCORE_SMRNASEQ:SMRNASEQ:GE... -
[c9/0e4a51] process > NFCORE_SMRNASEQ:SMRNASEQ:GE... [  0%] 0 of 36
[51/c7f0b0] process > NFCORE_SMRNASEQ:SMRNASEQ:GE... [  0%] 0 of 36
[aa/8ad2bf] process > NFCORE_SMRNASEQ:SMRNASEQ:GE... [100%] 36 of 36 ✔
[-        ] process > NFCORE_SMRNASEQ:SMRNASEQ:GE... -
[-        ] process > NFCORE_SMRNASEQ:SMRNASEQ:GE... -

executor >  slurm (335)
[42/5df762] process > NFCORE_SMRNASEQ:SMRNASEQ:IN... [100%] 1 of 1 ✔
[-        ] process > NFCORE_SMRNASEQ:SMRNASEQ:CA... -
[f6/dbdb26] process > NFCORE_SMRNASEQ:SMRNASEQ:FA... [100%] 36 of 36 ✔
[8d/39736e] process > NFCORE_SMRNASEQ:SMRNASEQ:FA... [100%] 36 of 36 ✔
[80/e7ad7f] process > NFCORE_SMRNASEQ:SMRNASEQ:FA... [100%] 36 of 36 ✔
[bd/eed07e] process > NFCORE_SMRNASEQ:SMRNASEQ:MI... [100%] 36 of 36 ✔
[dc/eb752f] process > NFCORE_SMRNASEQ:SMRNASEQ:GE... [100%] 1 of 1 ✔
[11/50caec] process > NFCORE_SMRNASEQ:SMRNASEQ:GE... [100%] 36 of 36 ✔
[99/67af03] process > NFCORE_SMRNASEQ:SMRNASEQ:GE... [100%] 36 of 36 ✔
[4b/6ec149] process > NFCORE_SMRNASEQ:SMRNASEQ:GE... [100%] 36 of 36 ✔
[-        ] process > NFCORE_SMRNASEQ:SMRNASEQ:GE... -
[c9/0e4a51] process > NFCORE_SMRNASEQ:SMRNASEQ:GE... [  0%] 0 of 36
[c7/3d14b7] process > NFCORE_SMRNASEQ:SMRNASEQ:GE... [  0%] 0 of 36
[aa/8ad2bf] process > NFCORE_SMRNASEQ:SMRNASEQ:GE... [100%] 36 of 36 ✔
[-        ] process > NFCORE_SMRNASEQ:SMRNASEQ:GE... -
[-        ] process > NFCORE_SMRNASEQ:SMRNASEQ:GE... -

executor >  slurm (338)
[42/5df762] process > NFCORE_SMRNASEQ:SMRNASEQ:IN... [100%] 1 of 1 ✔
[-        ] process > NFCORE_SMRNASEQ:SMRNASEQ:CA... -
[f6/dbdb26] process > NFCORE_SMRNASEQ:SMRNASEQ:FA... [100%] 36 of 36 ✔
[8d/39736e] process > NFCORE_SMRNASEQ:SMRNASEQ:FA... [100%] 36 of 36 ✔
[80/e7ad7f] process > NFCORE_SMRNASEQ:SMRNASEQ:FA... [100%] 36 of 36 ✔
[bd/eed07e] process > NFCORE_SMRNASEQ:SMRNASEQ:MI... [100%] 36 of 36 ✔
[dc/eb752f] process > NFCORE_SMRNASEQ:SMRNASEQ:GE... [100%] 1 of 1 ✔
[11/50caec] process > NFCORE_SMRNASEQ:SMRNASEQ:GE... [100%] 36 of 36 ✔
[99/67af03] process > NFCORE_SMRNASEQ:SMRNASEQ:GE... [100%] 36 of 36 ✔
[4b/6ec149] process > NFCORE_SMRNASEQ:SMRNASEQ:GE... [100%] 36 of 36 ✔
[-        ] process > NFCORE_SMRNASEQ:SMRNASEQ:GE... -
[c9/0e4a51] process > NFCORE_SMRNASEQ:SMRNASEQ:GE... [  0%] 0 of 36
[4d/f38a45] process > NFCORE_SMRNASEQ:SMRNASEQ:GE... [  0%] 0 of 36
[aa/8ad2bf] process > NFCORE_SMRNASEQ:SMRNASEQ:GE... [100%] 36 of 36 ✔
[-        ] process > NFCORE_SMRNASEQ:SMRNASEQ:GE... -
[-        ] process > NFCORE_SMRNASEQ:SMRNASEQ:GE... -

executor >  slurm (340)
[42/5df762] process > NFCORE_SMRNASEQ:SMRNASEQ:IN... [100%] 1 of 1 ✔
[-        ] process > NFCORE_SMRNASEQ:SMRNASEQ:CA... -
[f6/dbdb26] process > NFCORE_SMRNASEQ:SMRNASEQ:FA... [100%] 36 of 36 ✔
[8d/39736e] process > NFCORE_SMRNASEQ:SMRNASEQ:FA... [100%] 36 of 36 ✔
[80/e7ad7f] process > NFCORE_SMRNASEQ:SMRNASEQ:FA... [100%] 36 of 36 ✔
[bd/eed07e] process > NFCORE_SMRNASEQ:SMRNASEQ:MI... [100%] 36 of 36 ✔
[dc/eb752f] process > NFCORE_SMRNASEQ:SMRNASEQ:GE... [100%] 1 of 1 ✔
[11/50caec] process > NFCORE_SMRNASEQ:SMRNASEQ:GE... [100%] 36 of 36 ✔
[99/67af03] process > NFCORE_SMRNASEQ:SMRNASEQ:GE... [100%] 36 of 36 ✔
[4b/6ec149] process > NFCORE_SMRNASEQ:SMRNASEQ:GE... [100%] 36 of 36 ✔
[-        ] process > NFCORE_SMRNASEQ:SMRNASEQ:GE... -
[11/ca6b9e] process > NFCORE_SMRNASEQ:SMRNASEQ:GE... [  0%] 0 of 36
[b6/d11337] process > NFCORE_SMRNASEQ:SMRNASEQ:GE... [  0%] 0 of 36
[aa/8ad2bf] process > NFCORE_SMRNASEQ:SMRNASEQ:GE... [100%] 36 of 36 ✔
[-        ] process > NFCORE_SMRNASEQ:SMRNASEQ:GE... -
[-        ] process > NFCORE_SMRNASEQ:SMRNASEQ:GE... -

executor >  slurm (342)
[42/5df762] process > NFCORE_SMRNASEQ:SMRNASEQ:IN... [100%] 1 of 1 ✔
[-        ] process > NFCORE_SMRNASEQ:SMRNASEQ:CA... -
[f6/dbdb26] process > NFCORE_SMRNASEQ:SMRNASEQ:FA... [100%] 36 of 36 ✔
[8d/39736e] process > NFCORE_SMRNASEQ:SMRNASEQ:FA... [100%] 36 of 36 ✔
[80/e7ad7f] process > NFCORE_SMRNASEQ:SMRNASEQ:FA... [100%] 36 of 36 ✔
[bd/eed07e] process > NFCORE_SMRNASEQ:SMRNASEQ:MI... [100%] 36 of 36 ✔
[dc/eb752f] process > NFCORE_SMRNASEQ:SMRNASEQ:GE... [100%] 1 of 1 ✔
[11/50caec] process > NFCORE_SMRNASEQ:SMRNASEQ:GE... [100%] 36 of 36 ✔
[99/67af03] process > NFCORE_SMRNASEQ:SMRNASEQ:GE... [100%] 36 of 36 ✔
[4b/6ec149] process > NFCORE_SMRNASEQ:SMRNASEQ:GE... [100%] 36 of 36 ✔
[-        ] process > NFCORE_SMRNASEQ:SMRNASEQ:GE... -
[d0/ce5ba3] process > NFCORE_SMRNASEQ:SMRNASEQ:GE... [  0%] 0 of 36
[8c/5deacd] process > NFCORE_SMRNASEQ:SMRNASEQ:GE... [  0%] 0 of 36
[aa/8ad2bf] process > NFCORE_SMRNASEQ:SMRNASEQ:GE... [100%] 36 of 36 ✔
[-        ] process > NFCORE_SMRNASEQ:SMRNASEQ:GE... -
[-        ] process > NFCORE_SMRNASEQ:SMRNASEQ:GE... -

executor >  slurm (345)
[42/5df762] process > NFCORE_SMRNASEQ:SMRNASEQ:IN... [100%] 1 of 1 ✔
[-        ] process > NFCORE_SMRNASEQ:SMRNASEQ:CA... -
[f6/dbdb26] process > NFCORE_SMRNASEQ:SMRNASEQ:FA... [100%] 36 of 36 ✔
[8d/39736e] process > NFCORE_SMRNASEQ:SMRNASEQ:FA... [100%] 36 of 36 ✔
[80/e7ad7f] process > NFCORE_SMRNASEQ:SMRNASEQ:FA... [100%] 36 of 36 ✔
[bd/eed07e] process > NFCORE_SMRNASEQ:SMRNASEQ:MI... [100%] 36 of 36 ✔
[dc/eb752f] process > NFCORE_SMRNASEQ:SMRNASEQ:GE... [100%] 1 of 1 ✔
[11/50caec] process > NFCORE_SMRNASEQ:SMRNASEQ:GE... [100%] 36 of 36 ✔
[99/67af03] process > NFCORE_SMRNASEQ:SMRNASEQ:GE... [100%] 36 of 36 ✔
[4b/6ec149] process > NFCORE_SMRNASEQ:SMRNASEQ:GE... [100%] 36 of 36 ✔
[-        ] process > NFCORE_SMRNASEQ:SMRNASEQ:GE... -
[d0/ce5ba3] process > NFCORE_SMRNASEQ:SMRNASEQ:GE... [  0%] 0 of 36
[63/b25614] process > NFCORE_SMRNASEQ:SMRNASEQ:GE... [  0%] 0 of 36
[aa/8ad2bf] process > NFCORE_SMRNASEQ:SMRNASEQ:GE... [100%] 36 of 36 ✔
[-        ] process > NFCORE_SMRNASEQ:SMRNASEQ:GE... -
[-        ] process > NFCORE_SMRNASEQ:SMRNASEQ:GE... -

executor >  slurm (348)
[42/5df762] process > NFCORE_SMRNASEQ:SMRNASEQ:IN... [100%] 1 of 1 ✔
[-        ] process > NFCORE_SMRNASEQ:SMRNASEQ:CA... -
[f6/dbdb26] process > NFCORE_SMRNASEQ:SMRNASEQ:FA... [100%] 36 of 36 ✔
[8d/39736e] process > NFCORE_SMRNASEQ:SMRNASEQ:FA... [100%] 36 of 36 ✔
[80/e7ad7f] process > NFCORE_SMRNASEQ:SMRNASEQ:FA... [100%] 36 of 36 ✔
[bd/eed07e] process > NFCORE_SMRNASEQ:SMRNASEQ:MI... [100%] 36 of 36 ✔
[dc/eb752f] process > NFCORE_SMRNASEQ:SMRNASEQ:GE... [100%] 1 of 1 ✔
[11/50caec] process > NFCORE_SMRNASEQ:SMRNASEQ:GE... [100%] 36 of 36 ✔
[99/67af03] process > NFCORE_SMRNASEQ:SMRNASEQ:GE... [100%] 36 of 36 ✔
[4b/6ec149] process > NFCORE_SMRNASEQ:SMRNASEQ:GE... [100%] 36 of 36 ✔
[-        ] process > NFCORE_SMRNASEQ:SMRNASEQ:GE... -
[31/9c004a] process > NFCORE_SMRNASEQ:SMRNASEQ:GE... [  0%] 0 of 36
[63/b25614] process > NFCORE_SMRNASEQ:SMRNASEQ:GE... [  0%] 0 of 36
[aa/8ad2bf] process > NFCORE_SMRNASEQ:SMRNASEQ:GE... [100%] 36 of 36 ✔
[-        ] process > NFCORE_SMRNASEQ:SMRNASEQ:GE... -
[-        ] process > NFCORE_SMRNASEQ:SMRNASEQ:GE... -

executor >  slurm (350)
[42/5df762] process > NFCORE_SMRNASEQ:SMRNASEQ:IN... [100%] 1 of 1 ✔
[-        ] process > NFCORE_SMRNASEQ:SMRNASEQ:CA... -
[f6/dbdb26] process > NFCORE_SMRNASEQ:SMRNASEQ:FA... [100%] 36 of 36 ✔
[8d/39736e] process > NFCORE_SMRNASEQ:SMRNASEQ:FA... [100%] 36 of 36 ✔
[80/e7ad7f] process > NFCORE_SMRNASEQ:SMRNASEQ:FA... [100%] 36 of 36 ✔
[bd/eed07e] process > NFCORE_SMRNASEQ:SMRNASEQ:MI... [100%] 36 of 36 ✔
[dc/eb752f] process > NFCORE_SMRNASEQ:SMRNASEQ:GE... [100%] 1 of 1 ✔
[11/50caec] process > NFCORE_SMRNASEQ:SMRNASEQ:GE... [100%] 36 of 36 ✔
[99/67af03] process > NFCORE_SMRNASEQ:SMRNASEQ:GE... [100%] 36 of 36 ✔
[4b/6ec149] process > NFCORE_SMRNASEQ:SMRNASEQ:GE... [100%] 36 of 36 ✔
[-        ] process > NFCORE_SMRNASEQ:SMRNASEQ:GE... -
[5c/42b2e0] process > NFCORE_SMRNASEQ:SMRNASEQ:GE... [  0%] 0 of 36
[63/00a38a] process > NFCORE_SMRNASEQ:SMRNASEQ:GE... [  0%] 0 of 36
[aa/8ad2bf] process > NFCORE_SMRNASEQ:SMRNASEQ:GE... [100%] 36 of 36 ✔
[-        ] process > NFCORE_SMRNASEQ:SMRNASEQ:GE... -
[-        ] process > NFCORE_SMRNASEQ:SMRNASEQ:GE... -

executor >  slurm (351)
[42/5df762] process > NFCORE_SMRNASEQ:SMRNASEQ:IN... [100%] 1 of 1 ✔
[-        ] process > NFCORE_SMRNASEQ:SMRNASEQ:CA... -
[f6/dbdb26] process > NFCORE_SMRNASEQ:SMRNASEQ:FA... [100%] 36 of 36 ✔
[8d/39736e] process > NFCORE_SMRNASEQ:SMRNASEQ:FA... [100%] 36 of 36 ✔
[80/e7ad7f] process > NFCORE_SMRNASEQ:SMRNASEQ:FA... [100%] 36 of 36 ✔
[bd/eed07e] process > NFCORE_SMRNASEQ:SMRNASEQ:MI... [100%] 36 of 36 ✔
[dc/eb752f] process > NFCORE_SMRNASEQ:SMRNASEQ:GE... [100%] 1 of 1 ✔
[11/50caec] process > NFCORE_SMRNASEQ:SMRNASEQ:GE... [100%] 36 of 36 ✔
[99/67af03] process > NFCORE_SMRNASEQ:SMRNASEQ:GE... [100%] 36 of 36 ✔
[4b/6ec149] process > NFCORE_SMRNASEQ:SMRNASEQ:GE... [100%] 36 of 36 ✔
[-        ] process > NFCORE_SMRNASEQ:SMRNASEQ:GE... -
[5c/42b2e0] process > NFCORE_SMRNASEQ:SMRNASEQ:GE... [  0%] 0 of 36
[a9/e76bb4] process > NFCORE_SMRNASEQ:SMRNASEQ:GE... [  0%] 0 of 36
[aa/8ad2bf] process > NFCORE_SMRNASEQ:SMRNASEQ:GE... [100%] 36 of 36 ✔
[-        ] process > NFCORE_SMRNASEQ:SMRNASEQ:GE... -
[-        ] process > NFCORE_SMRNASEQ:SMRNASEQ:GE... -

executor >  slurm (352)
[42/5df762] process > NFCORE_SMRNASEQ:SMRNASEQ:IN... [100%] 1 of 1 ✔
[-        ] process > NFCORE_SMRNASEQ:SMRNASEQ:CA... -
[f6/dbdb26] process > NFCORE_SMRNASEQ:SMRNASEQ:FA... [100%] 36 of 36 ✔
[8d/39736e] process > NFCORE_SMRNASEQ:SMRNASEQ:FA... [100%] 36 of 36 ✔
[80/e7ad7f] process > NFCORE_SMRNASEQ:SMRNASEQ:FA... [100%] 36 of 36 ✔
[bd/eed07e] process > NFCORE_SMRNASEQ:SMRNASEQ:MI... [100%] 36 of 36 ✔
[dc/eb752f] process > NFCORE_SMRNASEQ:SMRNASEQ:GE... [100%] 1 of 1 ✔
[11/50caec] process > NFCORE_SMRNASEQ:SMRNASEQ:GE... [100%] 36 of 36 ✔
[99/67af03] process > NFCORE_SMRNASEQ:SMRNASEQ:GE... [100%] 36 of 36 ✔
[4b/6ec149] process > NFCORE_SMRNASEQ:SMRNASEQ:GE... [100%] 36 of 36 ✔
[-        ] process > NFCORE_SMRNASEQ:SMRNASEQ:GE... -
[8f/ffd073] process > NFCORE_SMRNASEQ:SMRNASEQ:GE... [  0%] 0 of 36
[a9/e76bb4] process > NFCORE_SMRNASEQ:SMRNASEQ:GE... [  0%] 0 of 36
[aa/8ad2bf] process > NFCORE_SMRNASEQ:SMRNASEQ:GE... [100%] 36 of 36 ✔
[-        ] process > NFCORE_SMRNASEQ:SMRNASEQ:GE... -
[-        ] process > NFCORE_SMRNASEQ:SMRNASEQ:GE... -

executor >  slurm (353)
[42/5df762] process > NFCORE_SMRNASEQ:SMRNASEQ:IN... [100%] 1 of 1 ✔
[-        ] process > NFCORE_SMRNASEQ:SMRNASEQ:CA... -
[f6/dbdb26] process > NFCORE_SMRNASEQ:SMRNASEQ:FA... [100%] 36 of 36 ✔
[8d/39736e] process > NFCORE_SMRNASEQ:SMRNASEQ:FA... [100%] 36 of 36 ✔
[80/e7ad7f] process > NFCORE_SMRNASEQ:SMRNASEQ:FA... [100%] 36 of 36 ✔
[bd/eed07e] process > NFCORE_SMRNASEQ:SMRNASEQ:MI... [100%] 36 of 36 ✔
[dc/eb752f] process > NFCORE_SMRNASEQ:SMRNASEQ:GE... [100%] 1 of 1 ✔
[11/50caec] process > NFCORE_SMRNASEQ:SMRNASEQ:GE... [100%] 36 of 36 ✔
[99/67af03] process > NFCORE_SMRNASEQ:SMRNASEQ:GE... [100%] 36 of 36 ✔
[4b/6ec149] process > NFCORE_SMRNASEQ:SMRNASEQ:GE... [100%] 36 of 36 ✔
[-        ] process > NFCORE_SMRNASEQ:SMRNASEQ:GE... -
[85/1049e1] process > NFCORE_SMRNASEQ:SMRNASEQ:GE... [  0%] 0 of 36
[a9/e76bb4] process > NFCORE_SMRNASEQ:SMRNASEQ:GE... [  0%] 0 of 36
[aa/8ad2bf] process > NFCORE_SMRNASEQ:SMRNASEQ:GE... [100%] 36 of 36 ✔
[-        ] process > NFCORE_SMRNASEQ:SMRNASEQ:GE... -
[-        ] process > NFCORE_SMRNASEQ:SMRNASEQ:GE... -

executor >  slurm (355)
[42/5df762] process > NFCORE_SMRNASEQ:SMRNASEQ:IN... [100%] 1 of 1 ✔
[-        ] process > NFCORE_SMRNASEQ:SMRNASEQ:CA... -
[f6/dbdb26] process > NFCORE_SMRNASEQ:SMRNASEQ:FA... [100%] 36 of 36 ✔
[8d/39736e] process > NFCORE_SMRNASEQ:SMRNASEQ:FA... [100%] 36 of 36 ✔
[80/e7ad7f] process > NFCORE_SMRNASEQ:SMRNASEQ:FA... [100%] 36 of 36 ✔
[bd/eed07e] process > NFCORE_SMRNASEQ:SMRNASEQ:MI... [100%] 36 of 36 ✔
[dc/eb752f] process > NFCORE_SMRNASEQ:SMRNASEQ:GE... [100%] 1 of 1 ✔
[11/50caec] process > NFCORE_SMRNASEQ:SMRNASEQ:GE... [100%] 36 of 36 ✔
[99/67af03] process > NFCORE_SMRNASEQ:SMRNASEQ:GE... [100%] 36 of 36 ✔
[4b/6ec149] process > NFCORE_SMRNASEQ:SMRNASEQ:GE... [100%] 36 of 36 ✔
[-        ] process > NFCORE_SMRNASEQ:SMRNASEQ:GE... -
[d2/0d01a6] process > NFCORE_SMRNASEQ:SMRNASEQ:GE... [  0%] 0 of 36
[a9/e76bb4] process > NFCORE_SMRNASEQ:SMRNASEQ:GE... [  0%] 0 of 36
[aa/8ad2bf] process > NFCORE_SMRNASEQ:SMRNASEQ:GE... [100%] 36 of 36 ✔
[-        ] process > NFCORE_SMRNASEQ:SMRNASEQ:GE... -
[-        ] process > NFCORE_SMRNASEQ:SMRNASEQ:GE... -

executor >  slurm (357)
[42/5df762] process > NFCORE_SMRNASEQ:SMRNASEQ:IN... [100%] 1 of 1 ✔
[-        ] process > NFCORE_SMRNASEQ:SMRNASEQ:CA... -
[f6/dbdb26] process > NFCORE_SMRNASEQ:SMRNASEQ:FA... [100%] 36 of 36 ✔
[8d/39736e] process > NFCORE_SMRNASEQ:SMRNASEQ:FA... [100%] 36 of 36 ✔
[80/e7ad7f] process > NFCORE_SMRNASEQ:SMRNASEQ:FA... [100%] 36 of 36 ✔
[bd/eed07e] process > NFCORE_SMRNASEQ:SMRNASEQ:MI... [100%] 36 of 36 ✔
[dc/eb752f] process > NFCORE_SMRNASEQ:SMRNASEQ:GE... [100%] 1 of 1 ✔
[11/50caec] process > NFCORE_SMRNASEQ:SMRNASEQ:GE... [100%] 36 of 36 ✔
[99/67af03] process > NFCORE_SMRNASEQ:SMRNASEQ:GE... [100%] 36 of 36 ✔
[4b/6ec149] process > NFCORE_SMRNASEQ:SMRNASEQ:GE... [100%] 36 of 36 ✔
[-        ] process > NFCORE_SMRNASEQ:SMRNASEQ:GE... -
[a8/c75ddb] process > NFCORE_SMRNASEQ:SMRNASEQ:GE... [  0%] 0 of 36
[cb/0f63e4] process > NFCORE_SMRNASEQ:SMRNASEQ:GE... [  0%] 0 of 36
[aa/8ad2bf] process > NFCORE_SMRNASEQ:SMRNASEQ:GE... [100%] 36 of 36 ✔
[-        ] process > NFCORE_SMRNASEQ:SMRNASEQ:GE... -
[-        ] process > NFCORE_SMRNASEQ:SMRNASEQ:GE... -

executor >  slurm (360)
[42/5df762] process > NFCORE_SMRNASEQ:SMRNASEQ:IN... [100%] 1 of 1 ✔
[-        ] process > NFCORE_SMRNASEQ:SMRNASEQ:CA... -
[f6/dbdb26] process > NFCORE_SMRNASEQ:SMRNASEQ:FA... [100%] 36 of 36 ✔
[8d/39736e] process > NFCORE_SMRNASEQ:SMRNASEQ:FA... [100%] 36 of 36 ✔
[80/e7ad7f] process > NFCORE_SMRNASEQ:SMRNASEQ:FA... [100%] 36 of 36 ✔
[bd/eed07e] process > NFCORE_SMRNASEQ:SMRNASEQ:MI... [100%] 36 of 36 ✔
[dc/eb752f] process > NFCORE_SMRNASEQ:SMRNASEQ:GE... [100%] 1 of 1 ✔
[11/50caec] process > NFCORE_SMRNASEQ:SMRNASEQ:GE... [100%] 36 of 36 ✔
[99/67af03] process > NFCORE_SMRNASEQ:SMRNASEQ:GE... [100%] 36 of 36 ✔
[4b/6ec149] process > NFCORE_SMRNASEQ:SMRNASEQ:GE... [100%] 36 of 36 ✔
[-        ] process > NFCORE_SMRNASEQ:SMRNASEQ:GE... -
[6b/bf5847] process > NFCORE_SMRNASEQ:SMRNASEQ:GE... [  0%] 0 of 36
[cb/0f63e4] process > NFCORE_SMRNASEQ:SMRNASEQ:GE... [  0%] 0 of 36
[aa/8ad2bf] process > NFCORE_SMRNASEQ:SMRNASEQ:GE... [100%] 36 of 36 ✔
[-        ] process > NFCORE_SMRNASEQ:SMRNASEQ:GE... -
[-        ] process > NFCORE_SMRNASEQ:SMRNASEQ:GE... -

executor >  slurm (362)
[42/5df762] process > NFCORE_SMRNASEQ:SMRNASEQ:IN... [100%] 1 of 1 ✔
[-        ] process > NFCORE_SMRNASEQ:SMRNASEQ:CA... -
[f6/dbdb26] process > NFCORE_SMRNASEQ:SMRNASEQ:FA... [100%] 36 of 36 ✔
[8d/39736e] process > NFCORE_SMRNASEQ:SMRNASEQ:FA... [100%] 36 of 36 ✔
[80/e7ad7f] process > NFCORE_SMRNASEQ:SMRNASEQ:FA... [100%] 36 of 36 ✔
[bd/eed07e] process > NFCORE_SMRNASEQ:SMRNASEQ:MI... [100%] 36 of 36 ✔
[dc/eb752f] process > NFCORE_SMRNASEQ:SMRNASEQ:GE... [100%] 1 of 1 ✔
[11/50caec] process > NFCORE_SMRNASEQ:SMRNASEQ:GE... [100%] 36 of 36 ✔
[99/67af03] process > NFCORE_SMRNASEQ:SMRNASEQ:GE... [100%] 36 of 36 ✔
[4b/6ec149] process > NFCORE_SMRNASEQ:SMRNASEQ:GE... [100%] 36 of 36 ✔
[-        ] process > NFCORE_SMRNASEQ:SMRNASEQ:GE... -
[f3/408342] process > NFCORE_SMRNASEQ:SMRNASEQ:GE... [  0%] 0 of 36
[cb/0f63e4] process > NFCORE_SMRNASEQ:SMRNASEQ:GE... [  0%] 0 of 36
[aa/8ad2bf] process > NFCORE_SMRNASEQ:SMRNASEQ:GE... [100%] 36 of 36 ✔
[-        ] process > NFCORE_SMRNASEQ:SMRNASEQ:GE... -
[-        ] process > NFCORE_SMRNASEQ:SMRNASEQ:GE... -

executor >  slurm (362)
[42/5df762] process > NFCORE_SMRNASEQ:SMRNASEQ:IN... [100%] 1 of 1 ✔
[-        ] process > NFCORE_SMRNASEQ:SMRNASEQ:CA... -
[f6/dbdb26] process > NFCORE_SMRNASEQ:SMRNASEQ:FA... [100%] 36 of 36 ✔
[8d/39736e] process > NFCORE_SMRNASEQ:SMRNASEQ:FA... [100%] 36 of 36 ✔
[80/e7ad7f] process > NFCORE_SMRNASEQ:SMRNASEQ:FA... [100%] 36 of 36 ✔
[bd/eed07e] process > NFCORE_SMRNASEQ:SMRNASEQ:MI... [100%] 36 of 36 ✔
[dc/eb752f] process > NFCORE_SMRNASEQ:SMRNASEQ:GE... [100%] 1 of 1 ✔
[11/50caec] process > NFCORE_SMRNASEQ:SMRNASEQ:GE... [100%] 36 of 36 ✔
[99/67af03] process > NFCORE_SMRNASEQ:SMRNASEQ:GE... [100%] 36 of 36 ✔
[4b/6ec149] process > NFCORE_SMRNASEQ:SMRNASEQ:GE... [100%] 36 of 36 ✔
[-        ] process > NFCORE_SMRNASEQ:SMRNASEQ:GE... -
[f3/408342] process > NFCORE_SMRNASEQ:SMRNASEQ:GE... [  0%] 0 of 36
[cb/0f63e4] process > NFCORE_SMRNASEQ:SMRNASEQ:GE... [  0%] 0 of 36
[aa/8ad2bf] process > NFCORE_SMRNASEQ:SMRNASEQ:GE... [100%] 36 of 36 ✔
[-        ] process > NFCORE_SMRNASEQ:SMRNASEQ:GE... -
[-        ] process > NFCORE_SMRNASEQ:SMRNASEQ:GE... -

executor >  slurm (365)
[42/5df762] process > NFCORE_SMRNASEQ:SMRNASEQ:IN... [100%] 1 of 1 ✔
[-        ] process > NFCORE_SMRNASEQ:SMRNASEQ:CA... -
[f6/dbdb26] process > NFCORE_SMRNASEQ:SMRNASEQ:FA... [100%] 36 of 36 ✔
[8d/39736e] process > NFCORE_SMRNASEQ:SMRNASEQ:FA... [100%] 36 of 36 ✔
[80/e7ad7f] process > NFCORE_SMRNASEQ:SMRNASEQ:FA... [100%] 36 of 36 ✔
[bd/eed07e] process > NFCORE_SMRNASEQ:SMRNASEQ:MI... [100%] 36 of 36 ✔
[dc/eb752f] process > NFCORE_SMRNASEQ:SMRNASEQ:GE... [100%] 1 of 1 ✔
[11/50caec] process > NFCORE_SMRNASEQ:SMRNASEQ:GE... [100%] 36 of 36 ✔
[99/67af03] process > NFCORE_SMRNASEQ:SMRNASEQ:GE... [100%] 36 of 36 ✔
[4b/6ec149] process > NFCORE_SMRNASEQ:SMRNASEQ:GE... [100%] 36 of 36 ✔
[-        ] process > NFCORE_SMRNASEQ:SMRNASEQ:GE... -
[2c/3cb6c9] process > NFCORE_SMRNASEQ:SMRNASEQ:GE... [  2%] 1 of 36
[51/c7f0b0] process > NFCORE_SMRNASEQ:SMRNASEQ:GE... [ 11%] 4 of 36
[aa/8ad2bf] process > NFCORE_SMRNASEQ:SMRNASEQ:GE... [100%] 36 of 36 ✔
[cb/53de12] process > NFCORE_SMRNASEQ:SMRNASEQ:GE... [  0%] 0 of 4
[-        ] process > NFCORE_SMRNASEQ:SMRNASEQ:GE... -

executor >  slurm (366)
[42/5df762] process > NFCORE_SMRNASEQ:SMRNASEQ:IN... [100%] 1 of 1 ✔
[-        ] process > NFCORE_SMRNASEQ:SMRNASEQ:CA... -
[f6/dbdb26] process > NFCORE_SMRNASEQ:SMRNASEQ:FA... [100%] 36 of 36 ✔
[8d/39736e] process > NFCORE_SMRNASEQ:SMRNASEQ:FA... [100%] 36 of 36 ✔
[80/e7ad7f] process > NFCORE_SMRNASEQ:SMRNASEQ:FA... [100%] 36 of 36 ✔
[bd/eed07e] process > NFCORE_SMRNASEQ:SMRNASEQ:MI... [100%] 36 of 36 ✔
[dc/eb752f] process > NFCORE_SMRNASEQ:SMRNASEQ:GE... [100%] 1 of 1 ✔
[11/50caec] process > NFCORE_SMRNASEQ:SMRNASEQ:GE... [100%] 36 of 36 ✔
[99/67af03] process > NFCORE_SMRNASEQ:SMRNASEQ:GE... [100%] 36 of 36 ✔
[4b/6ec149] process > NFCORE_SMRNASEQ:SMRNASEQ:GE... [100%] 36 of 36 ✔
[-        ] process > NFCORE_SMRNASEQ:SMRNASEQ:GE... -
[2c/3cb6c9] process > NFCORE_SMRNASEQ:SMRNASEQ:GE... [  2%] 1 of 36
[51/c7f0b0] process > NFCORE_SMRNASEQ:SMRNASEQ:GE... [ 11%] 4 of 36
[aa/8ad2bf] process > NFCORE_SMRNASEQ:SMRNASEQ:GE... [100%] 36 of 36 ✔
[76/35ccee] process > NFCORE_SMRNASEQ:SMRNASEQ:GE... [  0%] 0 of 4
[-        ] process > NFCORE_SMRNASEQ:SMRNASEQ:GE... -

executor >  slurm (367)
[42/5df762] process > NFCORE_SMRNASEQ:SMRNASEQ:IN... [100%] 1 of 1 ✔
[-        ] process > NFCORE_SMRNASEQ:SMRNASEQ:CA... -
[f6/dbdb26] process > NFCORE_SMRNASEQ:SMRNASEQ:FA... [100%] 36 of 36 ✔
[8d/39736e] process > NFCORE_SMRNASEQ:SMRNASEQ:FA... [100%] 36 of 36 ✔
[80/e7ad7f] process > NFCORE_SMRNASEQ:SMRNASEQ:FA... [100%] 36 of 36 ✔
[bd/eed07e] process > NFCORE_SMRNASEQ:SMRNASEQ:MI... [100%] 36 of 36 ✔
[dc/eb752f] process > NFCORE_SMRNASEQ:SMRNASEQ:GE... [100%] 1 of 1 ✔
[11/50caec] process > NFCORE_SMRNASEQ:SMRNASEQ:GE... [100%] 36 of 36 ✔
[99/67af03] process > NFCORE_SMRNASEQ:SMRNASEQ:GE... [100%] 36 of 36 ✔
[4b/6ec149] process > NFCORE_SMRNASEQ:SMRNASEQ:GE... [100%] 36 of 36 ✔
[-        ] process > NFCORE_SMRNASEQ:SMRNASEQ:GE... -
[04/415db2] process > NFCORE_SMRNASEQ:SMRNASEQ:GE... [ 22%] 8 of 36
[38/53622a] process > NFCORE_SMRNASEQ:SMRNASEQ:GE... [ 36%] 13 of 36
[aa/8ad2bf] process > NFCORE_SMRNASEQ:SMRNASEQ:GE... [100%] 36 of 36 ✔
[d5/78a31b] process > NFCORE_SMRNASEQ:SMRNASEQ:GE... [  0%] 0 of 13
[-        ] process > NFCORE_SMRNASEQ:SMRNASEQ:GE... -

executor >  slurm (370)
[42/5df762] process > NFCORE_SMRNASEQ:SMRNASEQ:IN... [100%] 1 of 1 ✔
[-        ] process > NFCORE_SMRNASEQ:SMRNASEQ:CA... -
[f6/dbdb26] process > NFCORE_SMRNASEQ:SMRNASEQ:FA... [100%] 36 of 36 ✔
[8d/39736e] process > NFCORE_SMRNASEQ:SMRNASEQ:FA... [100%] 36 of 36 ✔
[80/e7ad7f] process > NFCORE_SMRNASEQ:SMRNASEQ:FA... [100%] 36 of 36 ✔
[bd/eed07e] process > NFCORE_SMRNASEQ:SMRNASEQ:MI... [100%] 36 of 36 ✔
[dc/eb752f] process > NFCORE_SMRNASEQ:SMRNASEQ:GE... [100%] 1 of 1 ✔
[11/50caec] process > NFCORE_SMRNASEQ:SMRNASEQ:GE... [100%] 36 of 36 ✔
[99/67af03] process > NFCORE_SMRNASEQ:SMRNASEQ:GE... [100%] 36 of 36 ✔
[4b/6ec149] process > NFCORE_SMRNASEQ:SMRNASEQ:GE... [100%] 36 of 36 ✔
[-        ] process > NFCORE_SMRNASEQ:SMRNASEQ:GE... -
[c4/38cffe] process > NFCORE_SMRNASEQ:SMRNASEQ:GE... [ 25%] 9 of 36
[3f/7f9f0b] process > NFCORE_SMRNASEQ:SMRNASEQ:GE... [ 41%] 15 of 36
[aa/8ad2bf] process > NFCORE_SMRNASEQ:SMRNASEQ:GE... [100%] 36 of 36 ✔
[f2/5a38ab] process > NFCORE_SMRNASEQ:SMRNASEQ:GE... [  0%] 0 of 15
[-        ] process > NFCORE_SMRNASEQ:SMRNASEQ:GE... -

executor >  slurm (373)
[42/5df762] process > NFCORE_SMRNASEQ:SMRNASEQ:IN... [100%] 1 of 1 ✔
[-        ] process > NFCORE_SMRNASEQ:SMRNASEQ:CA... -
[f6/dbdb26] process > NFCORE_SMRNASEQ:SMRNASEQ:FA... [100%] 36 of 36 ✔
[8d/39736e] process > NFCORE_SMRNASEQ:SMRNASEQ:FA... [100%] 36 of 36 ✔
[80/e7ad7f] process > NFCORE_SMRNASEQ:SMRNASEQ:FA... [100%] 36 of 36 ✔
[bd/eed07e] process > NFCORE_SMRNASEQ:SMRNASEQ:MI... [100%] 36 of 36 ✔
[dc/eb752f] process > NFCORE_SMRNASEQ:SMRNASEQ:GE... [100%] 1 of 1 ✔
[11/50caec] process > NFCORE_SMRNASEQ:SMRNASEQ:GE... [100%] 36 of 36 ✔
[99/67af03] process > NFCORE_SMRNASEQ:SMRNASEQ:GE... [100%] 36 of 36 ✔
[4b/6ec149] process > NFCORE_SMRNASEQ:SMRNASEQ:GE... [100%] 36 of 36 ✔
[-        ] process > NFCORE_SMRNASEQ:SMRNASEQ:GE... -
[c4/38cffe] process > NFCORE_SMRNASEQ:SMRNASEQ:GE... [ 25%] 9 of 36
[3f/7f9f0b] process > NFCORE_SMRNASEQ:SMRNASEQ:GE... [ 41%] 15 of 36
[aa/8ad2bf] process > NFCORE_SMRNASEQ:SMRNASEQ:GE... [100%] 36 of 36 ✔
[8f/b0e4af] process > NFCORE_SMRNASEQ:SMRNASEQ:GE... [  0%] 0 of 15
[-        ] process > NFCORE_SMRNASEQ:SMRNASEQ:GE... -

executor >  slurm (376)
[42/5df762] process > NFCORE_SMRNASEQ:SMRNASEQ:IN... [100%] 1 of 1 ✔
[-        ] process > NFCORE_SMRNASEQ:SMRNASEQ:CA... -
[f6/dbdb26] process > NFCORE_SMRNASEQ:SMRNASEQ:FA... [100%] 36 of 36 ✔
[8d/39736e] process > NFCORE_SMRNASEQ:SMRNASEQ:FA... [100%] 36 of 36 ✔
[80/e7ad7f] process > NFCORE_SMRNASEQ:SMRNASEQ:FA... [100%] 36 of 36 ✔
[bd/eed07e] process > NFCORE_SMRNASEQ:SMRNASEQ:MI... [100%] 36 of 36 ✔
[dc/eb752f] process > NFCORE_SMRNASEQ:SMRNASEQ:GE... [100%] 1 of 1 ✔
[11/50caec] process > NFCORE_SMRNASEQ:SMRNASEQ:GE... [100%] 36 of 36 ✔
[99/67af03] process > NFCORE_SMRNASEQ:SMRNASEQ:GE... [100%] 36 of 36 ✔
[4b/6ec149] process > NFCORE_SMRNASEQ:SMRNASEQ:GE... [100%] 36 of 36 ✔
[-        ] process > NFCORE_SMRNASEQ:SMRNASEQ:GE... -
[c4/38cffe] process > NFCORE_SMRNASEQ:SMRNASEQ:GE... [ 25%] 9 of 36
[3f/7f9f0b] process > NFCORE_SMRNASEQ:SMRNASEQ:GE... [ 41%] 15 of 36
[aa/8ad2bf] process > NFCORE_SMRNASEQ:SMRNASEQ:GE... [100%] 36 of 36 ✔
[1c/f72451] process > NFCORE_SMRNASEQ:SMRNASEQ:GE... [  0%] 0 of 15
[-        ] process > NFCORE_SMRNASEQ:SMRNASEQ:GE... -

executor >  slurm (377)
[42/5df762] process > NFCORE_SMRNASEQ:SMRNASEQ:IN... [100%] 1 of 1 ✔
[-        ] process > NFCORE_SMRNASEQ:SMRNASEQ:CA... -
[f6/dbdb26] process > NFCORE_SMRNASEQ:SMRNASEQ:FA... [100%] 36 of 36 ✔
[8d/39736e] process > NFCORE_SMRNASEQ:SMRNASEQ:FA... [100%] 36 of 36 ✔
[80/e7ad7f] process > NFCORE_SMRNASEQ:SMRNASEQ:FA... [100%] 36 of 36 ✔
[bd/eed07e] process > NFCORE_SMRNASEQ:SMRNASEQ:MI... [100%] 36 of 36 ✔
[dc/eb752f] process > NFCORE_SMRNASEQ:SMRNASEQ:GE... [100%] 1 of 1 ✔
[11/50caec] process > NFCORE_SMRNASEQ:SMRNASEQ:GE... [100%] 36 of 36 ✔
[99/67af03] process > NFCORE_SMRNASEQ:SMRNASEQ:GE... [100%] 36 of 36 ✔
[4b/6ec149] process > NFCORE_SMRNASEQ:SMRNASEQ:GE... [100%] 36 of 36 ✔
[-        ] process > NFCORE_SMRNASEQ:SMRNASEQ:GE... -
[c4/38cffe] process > NFCORE_SMRNASEQ:SMRNASEQ:GE... [ 25%] 9 of 36
[3f/7f9f0b] process > NFCORE_SMRNASEQ:SMRNASEQ:GE... [ 41%] 15 of 36
[aa/8ad2bf] process > NFCORE_SMRNASEQ:SMRNASEQ:GE... [100%] 36 of 36 ✔
[26/edc1ba] process > NFCORE_SMRNASEQ:SMRNASEQ:GE... [  0%] 0 of 15
[-        ] process > NFCORE_SMRNASEQ:SMRNASEQ:GE... -

executor >  slurm (379)
[42/5df762] process > NFCORE_SMRNASEQ:SMRNASEQ:IN... [100%] 1 of 1 ✔
[-        ] process > NFCORE_SMRNASEQ:SMRNASEQ:CA... -
[f6/dbdb26] process > NFCORE_SMRNASEQ:SMRNASEQ:FA... [100%] 36 of 36 ✔
[8d/39736e] process > NFCORE_SMRNASEQ:SMRNASEQ:FA... [100%] 36 of 36 ✔
[80/e7ad7f] process > NFCORE_SMRNASEQ:SMRNASEQ:FA... [100%] 36 of 36 ✔
[bd/eed07e] process > NFCORE_SMRNASEQ:SMRNASEQ:MI... [100%] 36 of 36 ✔
[dc/eb752f] process > NFCORE_SMRNASEQ:SMRNASEQ:GE... [100%] 1 of 1 ✔
[11/50caec] process > NFCORE_SMRNASEQ:SMRNASEQ:GE... [100%] 36 of 36 ✔
[99/67af03] process > NFCORE_SMRNASEQ:SMRNASEQ:GE... [100%] 36 of 36 ✔
[4b/6ec149] process > NFCORE_SMRNASEQ:SMRNASEQ:GE... [100%] 36 of 36 ✔
[-        ] process > NFCORE_SMRNASEQ:SMRNASEQ:GE... -
[5c/42b2e0] process > NFCORE_SMRNASEQ:SMRNASEQ:GE... [ 44%] 16 of 36
[a9/e76bb4] process > NFCORE_SMRNASEQ:SMRNASEQ:GE... [ 75%] 27 of 36
[aa/8ad2bf] process > NFCORE_SMRNASEQ:SMRNASEQ:GE... [100%] 36 of 36 ✔
[ab/df04f1] process > NFCORE_SMRNASEQ:SMRNASEQ:GE... [  0%] 0 of 27
[-        ] process > NFCORE_SMRNASEQ:SMRNASEQ:GE... -

executor >  slurm (382)
[42/5df762] process > NFCORE_SMRNASEQ:SMRNASEQ:IN... [100%] 1 of 1 ✔
[-        ] process > NFCORE_SMRNASEQ:SMRNASEQ:CA... -
[f6/dbdb26] process > NFCORE_SMRNASEQ:SMRNASEQ:FA... [100%] 36 of 36 ✔
[8d/39736e] process > NFCORE_SMRNASEQ:SMRNASEQ:FA... [100%] 36 of 36 ✔
[80/e7ad7f] process > NFCORE_SMRNASEQ:SMRNASEQ:FA... [100%] 36 of 36 ✔
[bd/eed07e] process > NFCORE_SMRNASEQ:SMRNASEQ:MI... [100%] 36 of 36 ✔
[dc/eb752f] process > NFCORE_SMRNASEQ:SMRNASEQ:GE... [100%] 1 of 1 ✔
[11/50caec] process > NFCORE_SMRNASEQ:SMRNASEQ:GE... [100%] 36 of 36 ✔
[99/67af03] process > NFCORE_SMRNASEQ:SMRNASEQ:GE... [100%] 36 of 36 ✔
[4b/6ec149] process > NFCORE_SMRNASEQ:SMRNASEQ:GE... [100%] 36 of 36 ✔
[-        ] process > NFCORE_SMRNASEQ:SMRNASEQ:GE... -
[8f/ffd073] process > NFCORE_SMRNASEQ:SMRNASEQ:GE... [ 47%] 17 of 36
[a9/e76bb4] process > NFCORE_SMRNASEQ:SMRNASEQ:GE... [ 75%] 27 of 36
[aa/8ad2bf] process > NFCORE_SMRNASEQ:SMRNASEQ:GE... [100%] 36 of 36 ✔
[8b/d58e0d] process > NFCORE_SMRNASEQ:SMRNASEQ:GE... [  0%] 0 of 27
[-        ] process > NFCORE_SMRNASEQ:SMRNASEQ:GE... -

executor >  slurm (384)
[42/5df762] process > NFCORE_SMRNASEQ:SMRNASEQ:IN... [100%] 1 of 1 ✔
[-        ] process > NFCORE_SMRNASEQ:SMRNASEQ:CA... -
[f6/dbdb26] process > NFCORE_SMRNASEQ:SMRNASEQ:FA... [100%] 36 of 36 ✔
[8d/39736e] process > NFCORE_SMRNASEQ:SMRNASEQ:FA... [100%] 36 of 36 ✔
[80/e7ad7f] process > NFCORE_SMRNASEQ:SMRNASEQ:FA... [100%] 36 of 36 ✔
[bd/eed07e] process > NFCORE_SMRNASEQ:SMRNASEQ:MI... [100%] 36 of 36 ✔
[dc/eb752f] process > NFCORE_SMRNASEQ:SMRNASEQ:GE... [100%] 1 of 1 ✔
[11/50caec] process > NFCORE_SMRNASEQ:SMRNASEQ:GE... [100%] 36 of 36 ✔
[99/67af03] process > NFCORE_SMRNASEQ:SMRNASEQ:GE... [100%] 36 of 36 ✔
[4b/6ec149] process > NFCORE_SMRNASEQ:SMRNASEQ:GE... [100%] 36 of 36 ✔
[-        ] process > NFCORE_SMRNASEQ:SMRNASEQ:GE... -
[8f/ffd073] process > NFCORE_SMRNASEQ:SMRNASEQ:GE... [ 47%] 17 of 36
[a9/e76bb4] process > NFCORE_SMRNASEQ:SMRNASEQ:GE... [ 75%] 27 of 36
[aa/8ad2bf] process > NFCORE_SMRNASEQ:SMRNASEQ:GE... [100%] 36 of 36 ✔
[f7/080db2] process > NFCORE_SMRNASEQ:SMRNASEQ:GE... [  0%] 0 of 27
[-        ] process > NFCORE_SMRNASEQ:SMRNASEQ:GE... -

executor >  slurm (387)
[42/5df762] process > NFCORE_SMRNASEQ:SMRNASEQ:IN... [100%] 1 of 1 ✔
[-        ] process > NFCORE_SMRNASEQ:SMRNASEQ:CA... -
[f6/dbdb26] process > NFCORE_SMRNASEQ:SMRNASEQ:FA... [100%] 36 of 36 ✔
[8d/39736e] process > NFCORE_SMRNASEQ:SMRNASEQ:FA... [100%] 36 of 36 ✔
[80/e7ad7f] process > NFCORE_SMRNASEQ:SMRNASEQ:FA... [100%] 36 of 36 ✔
[bd/eed07e] process > NFCORE_SMRNASEQ:SMRNASEQ:MI... [100%] 36 of 36 ✔
[dc/eb752f] process > NFCORE_SMRNASEQ:SMRNASEQ:GE... [100%] 1 of 1 ✔
[11/50caec] process > NFCORE_SMRNASEQ:SMRNASEQ:GE... [100%] 36 of 36 ✔
[99/67af03] process > NFCORE_SMRNASEQ:SMRNASEQ:GE... [100%] 36 of 36 ✔
[4b/6ec149] process > NFCORE_SMRNASEQ:SMRNASEQ:GE... [100%] 36 of 36 ✔
[-        ] process > NFCORE_SMRNASEQ:SMRNASEQ:GE... -
[8f/ffd073] process > NFCORE_SMRNASEQ:SMRNASEQ:GE... [ 47%] 17 of 36
[a9/e76bb4] process > NFCORE_SMRNASEQ:SMRNASEQ:GE... [ 75%] 27 of 36
[aa/8ad2bf] process > NFCORE_SMRNASEQ:SMRNASEQ:GE... [100%] 36 of 36 ✔
[30/8f5d8e] process > NFCORE_SMRNASEQ:SMRNASEQ:GE... [  0%] 0 of 27
[-        ] process > NFCORE_SMRNASEQ:SMRNASEQ:GE... -

executor >  slurm (389)
[42/5df762] process > NFCORE_SMRNASEQ:SMRNASEQ:IN... [100%] 1 of 1 ✔
[-        ] process > NFCORE_SMRNASEQ:SMRNASEQ:CA... -
[f6/dbdb26] process > NFCORE_SMRNASEQ:SMRNASEQ:FA... [100%] 36 of 36 ✔
[8d/39736e] process > NFCORE_SMRNASEQ:SMRNASEQ:FA... [100%] 36 of 36 ✔
[80/e7ad7f] process > NFCORE_SMRNASEQ:SMRNASEQ:FA... [100%] 36 of 36 ✔
[bd/eed07e] process > NFCORE_SMRNASEQ:SMRNASEQ:MI... [100%] 36 of 36 ✔
[dc/eb752f] process > NFCORE_SMRNASEQ:SMRNASEQ:GE... [100%] 1 of 1 ✔
[11/50caec] process > NFCORE_SMRNASEQ:SMRNASEQ:GE... [100%] 36 of 36 ✔
[99/67af03] process > NFCORE_SMRNASEQ:SMRNASEQ:GE... [100%] 36 of 36 ✔
[4b/6ec149] process > NFCORE_SMRNASEQ:SMRNASEQ:GE... [100%] 36 of 36 ✔
[-        ] process > NFCORE_SMRNASEQ:SMRNASEQ:GE... -
[8f/ffd073] process > NFCORE_SMRNASEQ:SMRNASEQ:GE... [ 47%] 17 of 36
[a9/e76bb4] process > NFCORE_SMRNASEQ:SMRNASEQ:GE... [ 75%] 27 of 36
[aa/8ad2bf] process > NFCORE_SMRNASEQ:SMRNASEQ:GE... [100%] 36 of 36 ✔
[e1/bb65f0] process > NFCORE_SMRNASEQ:SMRNASEQ:GE... [  0%] 0 of 27
[-        ] process > NFCORE_SMRNASEQ:SMRNASEQ:GE... -

executor >  slurm (389)
[42/5df762] process > NFCORE_SMRNASEQ:SMRNASEQ:IN... [100%] 1 of 1 ✔
[-        ] process > NFCORE_SMRNASEQ:SMRNASEQ:CA... -
[f6/dbdb26] process > NFCORE_SMRNASEQ:SMRNASEQ:FA... [100%] 36 of 36 ✔
[8d/39736e] process > NFCORE_SMRNASEQ:SMRNASEQ:FA... [100%] 36 of 36 ✔
[80/e7ad7f] process > NFCORE_SMRNASEQ:SMRNASEQ:FA... [100%] 36 of 36 ✔
[bd/eed07e] process > NFCORE_SMRNASEQ:SMRNASEQ:MI... [100%] 36 of 36 ✔
[dc/eb752f] process > NFCORE_SMRNASEQ:SMRNASEQ:GE... [100%] 1 of 1 ✔
[11/50caec] process > NFCORE_SMRNASEQ:SMRNASEQ:GE... [100%] 36 of 36 ✔
[99/67af03] process > NFCORE_SMRNASEQ:SMRNASEQ:GE... [100%] 36 of 36 ✔
[4b/6ec149] process > NFCORE_SMRNASEQ:SMRNASEQ:GE... [100%] 36 of 36 ✔
[-        ] process > NFCORE_SMRNASEQ:SMRNASEQ:GE... -
[8f/ffd073] process > NFCORE_SMRNASEQ:SMRNASEQ:GE... [ 47%] 17 of 36
[a9/e76bb4] process > NFCORE_SMRNASEQ:SMRNASEQ:GE... [ 75%] 27 of 36
[aa/8ad2bf] process > NFCORE_SMRNASEQ:SMRNASEQ:GE... [100%] 36 of 36 ✔
[e1/bb65f0] process > NFCORE_SMRNASEQ:SMRNASEQ:GE... [  0%] 0 of 27
[-        ] process > NFCORE_SMRNASEQ:SMRNASEQ:GE... -

executor >  slurm (389)
[42/5df762] process > NFCORE_SMRNASEQ:SMRNASEQ:IN... [100%] 1 of 1 ✔
[-        ] process > NFCORE_SMRNASEQ:SMRNASEQ:CA... -
[f6/dbdb26] process > NFCORE_SMRNASEQ:SMRNASEQ:FA... [100%] 36 of 36 ✔
[8d/39736e] process > NFCORE_SMRNASEQ:SMRNASEQ:FA... [100%] 36 of 36 ✔
[80/e7ad7f] process > NFCORE_SMRNASEQ:SMRNASEQ:FA... [100%] 36 of 36 ✔
[bd/eed07e] process > NFCORE_SMRNASEQ:SMRNASEQ:MI... [100%] 36 of 36 ✔
[dc/eb752f] process > NFCORE_SMRNASEQ:SMRNASEQ:GE... [100%] 1 of 1 ✔
[11/50caec] process > NFCORE_SMRNASEQ:SMRNASEQ:GE... [100%] 36 of 36 ✔
[99/67af03] process > NFCORE_SMRNASEQ:SMRNASEQ:GE... [100%] 36 of 36 ✔
[4b/6ec149] process > NFCORE_SMRNASEQ:SMRNASEQ:GE... [100%] 36 of 36 ✔
[-        ] process > NFCORE_SMRNASEQ:SMRNASEQ:GE... -
[f3/408342] process > NFCORE_SMRNASEQ:SMRNASEQ:GE... [ 50%] 18 of 36
[a9/e76bb4] process > NFCORE_SMRNASEQ:SMRNASEQ:GE... [ 75%] 27 of 36
[aa/8ad2bf] process > NFCORE_SMRNASEQ:SMRNASEQ:GE... [100%] 36 of 36 ✔
[e1/bb65f0] process > NFCORE_SMRNASEQ:SMRNASEQ:GE... [  0%] 0 of 27
[-        ] process > NFCORE_SMRNASEQ:SMRNASEQ:GE... -

executor >  slurm (390)
[42/5df762] process > NFCORE_SMRNASEQ:SMRNASEQ:IN... [100%] 1 of 1 ✔
[-        ] process > NFCORE_SMRNASEQ:SMRNASEQ:CA... -
[f6/dbdb26] process > NFCORE_SMRNASEQ:SMRNASEQ:FA... [100%] 36 of 36 ✔
[8d/39736e] process > NFCORE_SMRNASEQ:SMRNASEQ:FA... [100%] 36 of 36 ✔
[80/e7ad7f] process > NFCORE_SMRNASEQ:SMRNASEQ:FA... [100%] 36 of 36 ✔
[bd/eed07e] process > NFCORE_SMRNASEQ:SMRNASEQ:MI... [100%] 36 of 36 ✔
[dc/eb752f] process > NFCORE_SMRNASEQ:SMRNASEQ:GE... [100%] 1 of 1 ✔
[11/50caec] process > NFCORE_SMRNASEQ:SMRNASEQ:GE... [100%] 36 of 36 ✔
[99/67af03] process > NFCORE_SMRNASEQ:SMRNASEQ:GE... [100%] 36 of 36 ✔
[4b/6ec149] process > NFCORE_SMRNASEQ:SMRNASEQ:GE... [100%] 36 of 36 ✔
[-        ] process > NFCORE_SMRNASEQ:SMRNASEQ:GE... -
[c9/0e4a51] process > NFCORE_SMRNASEQ:SMRNASEQ:GE... [ 77%] 28 of 36
[d3/f23a31] process > NFCORE_SMRNASEQ:SMRNASEQ:GE... [ 97%] 35 of 36
[aa/8ad2bf] process > NFCORE_SMRNASEQ:SMRNASEQ:GE... [100%] 36 of 36 ✔
[53/37e0ff] process > NFCORE_SMRNASEQ:SMRNASEQ:GE... [  0%] 0 of 35
[-        ] process > NFCORE_SMRNASEQ:SMRNASEQ:GE... -

executor >  slurm (393)
[42/5df762] process > NFCORE_SMRNASEQ:SMRNASEQ:IN... [100%] 1 of 1 ✔
[-        ] process > NFCORE_SMRNASEQ:SMRNASEQ:CA... -
[f6/dbdb26] process > NFCORE_SMRNASEQ:SMRNASEQ:FA... [100%] 36 of 36 ✔
[8d/39736e] process > NFCORE_SMRNASEQ:SMRNASEQ:FA... [100%] 36 of 36 ✔
[80/e7ad7f] process > NFCORE_SMRNASEQ:SMRNASEQ:FA... [100%] 36 of 36 ✔
[bd/eed07e] process > NFCORE_SMRNASEQ:SMRNASEQ:MI... [100%] 36 of 36 ✔
[dc/eb752f] process > NFCORE_SMRNASEQ:SMRNASEQ:GE... [100%] 1 of 1 ✔
[11/50caec] process > NFCORE_SMRNASEQ:SMRNASEQ:GE... [100%] 36 of 36 ✔
[99/67af03] process > NFCORE_SMRNASEQ:SMRNASEQ:GE... [100%] 36 of 36 ✔
[4b/6ec149] process > NFCORE_SMRNASEQ:SMRNASEQ:GE... [100%] 36 of 36 ✔
[-        ] process > NFCORE_SMRNASEQ:SMRNASEQ:GE... -
[c9/0e4a51] process > NFCORE_SMRNASEQ:SMRNASEQ:GE... [ 77%] 28 of 36
[d3/f23a31] process > NFCORE_SMRNASEQ:SMRNASEQ:GE... [ 97%] 35 of 36
[aa/8ad2bf] process > NFCORE_SMRNASEQ:SMRNASEQ:GE... [100%] 36 of 36 ✔
[8b/441f04] process > NFCORE_SMRNASEQ:SMRNASEQ:GE... [  0%] 0 of 35
[-        ] process > NFCORE_SMRNASEQ:SMRNASEQ:GE... -

executor >  slurm (396)
[42/5df762] process > NFCORE_SMRNASEQ:SMRNASEQ:IN... [100%] 1 of 1 ✔
[-        ] process > NFCORE_SMRNASEQ:SMRNASEQ:CA... -
[f6/dbdb26] process > NFCORE_SMRNASEQ:SMRNASEQ:FA... [100%] 36 of 36 ✔
[8d/39736e] process > NFCORE_SMRNASEQ:SMRNASEQ:FA... [100%] 36 of 36 ✔
[80/e7ad7f] process > NFCORE_SMRNASEQ:SMRNASEQ:FA... [100%] 36 of 36 ✔
[bd/eed07e] process > NFCORE_SMRNASEQ:SMRNASEQ:MI... [100%] 36 of 36 ✔
[dc/eb752f] process > NFCORE_SMRNASEQ:SMRNASEQ:GE... [100%] 1 of 1 ✔
[11/50caec] process > NFCORE_SMRNASEQ:SMRNASEQ:GE... [100%] 36 of 36 ✔
[99/67af03] process > NFCORE_SMRNASEQ:SMRNASEQ:GE... [100%] 36 of 36 ✔
[4b/6ec149] process > NFCORE_SMRNASEQ:SMRNASEQ:GE... [100%] 36 of 36 ✔
[-        ] process > NFCORE_SMRNASEQ:SMRNASEQ:GE... -
[c9/0e4a51] process > NFCORE_SMRNASEQ:SMRNASEQ:GE... [ 77%] 28 of 36
[d3/f23a31] process > NFCORE_SMRNASEQ:SMRNASEQ:GE... [ 97%] 35 of 36
[aa/8ad2bf] process > NFCORE_SMRNASEQ:SMRNASEQ:GE... [100%] 36 of 36 ✔
[1f/316718] process > NFCORE_SMRNASEQ:SMRNASEQ:GE... [  0%] 0 of 35
[-        ] process > NFCORE_SMRNASEQ:SMRNASEQ:GE... -

executor >  slurm (397)
[42/5df762] process > NFCORE_SMRNASEQ:SMRNASEQ:IN... [100%] 1 of 1 ✔
[-        ] process > NFCORE_SMRNASEQ:SMRNASEQ:CA... -
[f6/dbdb26] process > NFCORE_SMRNASEQ:SMRNASEQ:FA... [100%] 36 of 36 ✔
[8d/39736e] process > NFCORE_SMRNASEQ:SMRNASEQ:FA... [100%] 36 of 36 ✔
[80/e7ad7f] process > NFCORE_SMRNASEQ:SMRNASEQ:FA... [100%] 36 of 36 ✔
[bd/eed07e] process > NFCORE_SMRNASEQ:SMRNASEQ:MI... [100%] 36 of 36 ✔
[dc/eb752f] process > NFCORE_SMRNASEQ:SMRNASEQ:GE... [100%] 1 of 1 ✔
[11/50caec] process > NFCORE_SMRNASEQ:SMRNASEQ:GE... [100%] 36 of 36 ✔
[99/67af03] process > NFCORE_SMRNASEQ:SMRNASEQ:GE... [100%] 36 of 36 ✔
[4b/6ec149] process > NFCORE_SMRNASEQ:SMRNASEQ:GE... [100%] 36 of 36 ✔
[-        ] process > NFCORE_SMRNASEQ:SMRNASEQ:GE... -
[c9/0e4a51] process > NFCORE_SMRNASEQ:SMRNASEQ:GE... [ 77%] 28 of 36
[d3/f23a31] process > NFCORE_SMRNASEQ:SMRNASEQ:GE... [ 97%] 35 of 36
[aa/8ad2bf] process > NFCORE_SMRNASEQ:SMRNASEQ:GE... [100%] 36 of 36 ✔
[f3/51d7b2] process > NFCORE_SMRNASEQ:SMRNASEQ:GE... [  0%] 0 of 35
[-        ] process > NFCORE_SMRNASEQ:SMRNASEQ:GE... -

executor >  slurm (397)
[42/5df762] process > NFCORE_SMRNASEQ:SMRNASEQ:IN... [100%] 1 of 1 ✔
[-        ] process > NFCORE_SMRNASEQ:SMRNASEQ:CA... -
[f6/dbdb26] process > NFCORE_SMRNASEQ:SMRNASEQ:FA... [100%] 36 of 36 ✔
[8d/39736e] process > NFCORE_SMRNASEQ:SMRNASEQ:FA... [100%] 36 of 36 ✔
[80/e7ad7f] process > NFCORE_SMRNASEQ:SMRNASEQ:FA... [100%] 36 of 36 ✔
[bd/eed07e] process > NFCORE_SMRNASEQ:SMRNASEQ:MI... [100%] 36 of 36 ✔
[dc/eb752f] process > NFCORE_SMRNASEQ:SMRNASEQ:GE... [100%] 1 of 1 ✔
[11/50caec] process > NFCORE_SMRNASEQ:SMRNASEQ:GE... [100%] 36 of 36 ✔
[99/67af03] process > NFCORE_SMRNASEQ:SMRNASEQ:GE... [100%] 36 of 36 ✔
[4b/6ec149] process > NFCORE_SMRNASEQ:SMRNASEQ:GE... [100%] 36 of 36 ✔
[-        ] process > NFCORE_SMRNASEQ:SMRNASEQ:GE... -
[c9/0e4a51] process > NFCORE_SMRNASEQ:SMRNASEQ:GE... [ 77%] 28 of 36
[d3/f23a31] process > NFCORE_SMRNASEQ:SMRNASEQ:GE... [ 97%] 35 of 36
[aa/8ad2bf] process > NFCORE_SMRNASEQ:SMRNASEQ:GE... [100%] 36 of 36 ✔
[df/a7a571] process > NFCORE_SMRNASEQ:SMRNASEQ:GE... [ 14%] 5 of 35
[-        ] process > NFCORE_SMRNASEQ:SMRNASEQ:GE... -

executor >  slurm (397)
[42/5df762] process > NFCORE_SMRNASEQ:SMRNASEQ:IN... [100%] 1 of 1 ✔
[-        ] process > NFCORE_SMRNASEQ:SMRNASEQ:CA... -
[f6/dbdb26] process > NFCORE_SMRNASEQ:SMRNASEQ:FA... [100%] 36 of 36 ✔
[8d/39736e] process > NFCORE_SMRNASEQ:SMRNASEQ:FA... [100%] 36 of 36 ✔
[80/e7ad7f] process > NFCORE_SMRNASEQ:SMRNASEQ:FA... [100%] 36 of 36 ✔
[bd/eed07e] process > NFCORE_SMRNASEQ:SMRNASEQ:MI... [100%] 36 of 36 ✔
[dc/eb752f] process > NFCORE_SMRNASEQ:SMRNASEQ:GE... [100%] 1 of 1 ✔
[11/50caec] process > NFCORE_SMRNASEQ:SMRNASEQ:GE... [100%] 36 of 36 ✔
[99/67af03] process > NFCORE_SMRNASEQ:SMRNASEQ:GE... [100%] 36 of 36 ✔
[4b/6ec149] process > NFCORE_SMRNASEQ:SMRNASEQ:GE... [100%] 36 of 36 ✔
[-        ] process > NFCORE_SMRNASEQ:SMRNASEQ:GE... -
[c9/0e4a51] process > NFCORE_SMRNASEQ:SMRNASEQ:GE... [ 77%] 28 of 36
[d3/f23a31] process > NFCORE_SMRNASEQ:SMRNASEQ:GE... [ 97%] 35 of 36
[aa/8ad2bf] process > NFCORE_SMRNASEQ:SMRNASEQ:GE... [100%] 36 of 36 ✔
[f3/51d7b2] process > NFCORE_SMRNASEQ:SMRNASEQ:GE... [ 54%] 19 of 35
[-        ] process > NFCORE_SMRNASEQ:SMRNASEQ:GE... -

executor >  slurm (397)
[42/5df762] process > NFCORE_SMRNASEQ:SMRNASEQ:IN... [100%] 1 of 1 ✔
[-        ] process > NFCORE_SMRNASEQ:SMRNASEQ:CA... -
[f6/dbdb26] process > NFCORE_SMRNASEQ:SMRNASEQ:FA... [100%] 36 of 36 ✔
[8d/39736e] process > NFCORE_SMRNASEQ:SMRNASEQ:FA... [100%] 36 of 36 ✔
[80/e7ad7f] process > NFCORE_SMRNASEQ:SMRNASEQ:FA... [100%] 36 of 36 ✔
[bd/eed07e] process > NFCORE_SMRNASEQ:SMRNASEQ:MI... [100%] 36 of 36 ✔
[dc/eb752f] process > NFCORE_SMRNASEQ:SMRNASEQ:GE... [100%] 1 of 1 ✔
[11/50caec] process > NFCORE_SMRNASEQ:SMRNASEQ:GE... [100%] 36 of 36 ✔
[99/67af03] process > NFCORE_SMRNASEQ:SMRNASEQ:GE... [100%] 36 of 36 ✔
[4b/6ec149] process > NFCORE_SMRNASEQ:SMRNASEQ:GE... [100%] 36 of 36 ✔
[-        ] process > NFCORE_SMRNASEQ:SMRNASEQ:GE... -
[c9/0e4a51] process > NFCORE_SMRNASEQ:SMRNASEQ:GE... [ 77%] 28 of 36
[d3/f23a31] process > NFCORE_SMRNASEQ:SMRNASEQ:GE... [ 97%] 35 of 36
[aa/8ad2bf] process > NFCORE_SMRNASEQ:SMRNASEQ:GE... [100%] 36 of 36 ✔
[f2/e6a2b3] process > NFCORE_SMRNASEQ:SMRNASEQ:GE... [ 71%] 25 of 35
[-        ] process > NFCORE_SMRNASEQ:SMRNASEQ:GE... -

executor >  slurm (397)
[42/5df762] process > NFCORE_SMRNASEQ:SMRNASEQ:IN... [100%] 1 of 1 ✔
[-        ] process > NFCORE_SMRNASEQ:SMRNASEQ:CA... -
[f6/dbdb26] process > NFCORE_SMRNASEQ:SMRNASEQ:FA... [100%] 36 of 36 ✔
[8d/39736e] process > NFCORE_SMRNASEQ:SMRNASEQ:FA... [100%] 36 of 36 ✔
[80/e7ad7f] process > NFCORE_SMRNASEQ:SMRNASEQ:FA... [100%] 36 of 36 ✔
[bd/eed07e] process > NFCORE_SMRNASEQ:SMRNASEQ:MI... [100%] 36 of 36 ✔
[dc/eb752f] process > NFCORE_SMRNASEQ:SMRNASEQ:GE... [100%] 1 of 1 ✔
[11/50caec] process > NFCORE_SMRNASEQ:SMRNASEQ:GE... [100%] 36 of 36 ✔
[99/67af03] process > NFCORE_SMRNASEQ:SMRNASEQ:GE... [100%] 36 of 36 ✔
[4b/6ec149] process > NFCORE_SMRNASEQ:SMRNASEQ:GE... [100%] 36 of 36 ✔
[-        ] process > NFCORE_SMRNASEQ:SMRNASEQ:GE... -
[c9/0e4a51] process > NFCORE_SMRNASEQ:SMRNASEQ:GE... [ 77%] 28 of 36
[d3/f23a31] process > NFCORE_SMRNASEQ:SMRNASEQ:GE... [ 97%] 35 of 36
[aa/8ad2bf] process > NFCORE_SMRNASEQ:SMRNASEQ:GE... [100%] 36 of 36 ✔
[f7/080db2] process > NFCORE_SMRNASEQ:SMRNASEQ:GE... [ 74%] 26 of 35
[-        ] process > NFCORE_SMRNASEQ:SMRNASEQ:GE... -

executor >  slurm (397)
[42/5df762] process > NFCORE_SMRNASEQ:SMRNASEQ:IN... [100%] 1 of 1 ✔
[-        ] process > NFCORE_SMRNASEQ:SMRNASEQ:CA... -
[f6/dbdb26] process > NFCORE_SMRNASEQ:SMRNASEQ:FA... [100%] 36 of 36 ✔
[8d/39736e] process > NFCORE_SMRNASEQ:SMRNASEQ:FA... [100%] 36 of 36 ✔
[80/e7ad7f] process > NFCORE_SMRNASEQ:SMRNASEQ:FA... [100%] 36 of 36 ✔
[bd/eed07e] process > NFCORE_SMRNASEQ:SMRNASEQ:MI... [100%] 36 of 36 ✔
[dc/eb752f] process > NFCORE_SMRNASEQ:SMRNASEQ:GE... [100%] 1 of 1 ✔
[11/50caec] process > NFCORE_SMRNASEQ:SMRNASEQ:GE... [100%] 36 of 36 ✔
[99/67af03] process > NFCORE_SMRNASEQ:SMRNASEQ:GE... [100%] 36 of 36 ✔
[4b/6ec149] process > NFCORE_SMRNASEQ:SMRNASEQ:GE... [100%] 36 of 36 ✔
[-        ] process > NFCORE_SMRNASEQ:SMRNASEQ:GE... -
[c9/0e4a51] process > NFCORE_SMRNASEQ:SMRNASEQ:GE... [ 77%] 28 of 36
[d3/f23a31] process > NFCORE_SMRNASEQ:SMRNASEQ:GE... [ 97%] 35 of 36
[aa/8ad2bf] process > NFCORE_SMRNASEQ:SMRNASEQ:GE... [100%] 36 of 36 ✔
[e1/bb65f0] process > NFCORE_SMRNASEQ:SMRNASEQ:GE... [ 85%] 30 of 35
[-        ] process > NFCORE_SMRNASEQ:SMRNASEQ:GE... -

executor >  slurm (397)
[42/5df762] process > NFCORE_SMRNASEQ:SMRNASEQ:IN... [100%] 1 of 1 ✔
[-        ] process > NFCORE_SMRNASEQ:SMRNASEQ:CA... -
[f6/dbdb26] process > NFCORE_SMRNASEQ:SMRNASEQ:FA... [100%] 36 of 36 ✔
[8d/39736e] process > NFCORE_SMRNASEQ:SMRNASEQ:FA... [100%] 36 of 36 ✔
[80/e7ad7f] process > NFCORE_SMRNASEQ:SMRNASEQ:FA... [100%] 36 of 36 ✔
[bd/eed07e] process > NFCORE_SMRNASEQ:SMRNASEQ:MI... [100%] 36 of 36 ✔
[dc/eb752f] process > NFCORE_SMRNASEQ:SMRNASEQ:GE... [100%] 1 of 1 ✔
[11/50caec] process > NFCORE_SMRNASEQ:SMRNASEQ:GE... [100%] 36 of 36 ✔
[99/67af03] process > NFCORE_SMRNASEQ:SMRNASEQ:GE... [100%] 36 of 36 ✔
[4b/6ec149] process > NFCORE_SMRNASEQ:SMRNASEQ:GE... [100%] 36 of 36 ✔
[-        ] process > NFCORE_SMRNASEQ:SMRNASEQ:GE... -
[c9/0e4a51] process > NFCORE_SMRNASEQ:SMRNASEQ:GE... [ 77%] 28 of 36
[d3/f23a31] process > NFCORE_SMRNASEQ:SMRNASEQ:GE... [ 97%] 35 of 36
[aa/8ad2bf] process > NFCORE_SMRNASEQ:SMRNASEQ:GE... [100%] 36 of 36 ✔
[e1/bb65f0] process > NFCORE_SMRNASEQ:SMRNASEQ:GE... [ 85%] 30 of 35
[-        ] process > NFCORE_SMRNASEQ:SMRNASEQ:GE... -

executor >  slurm (397)
[42/5df762] process > NFCORE_SMRNASEQ:SMRNASEQ:IN... [100%] 1 of 1 ✔
[-        ] process > NFCORE_SMRNASEQ:SMRNASEQ:CA... -
[f6/dbdb26] process > NFCORE_SMRNASEQ:SMRNASEQ:FA... [100%] 36 of 36 ✔
[8d/39736e] process > NFCORE_SMRNASEQ:SMRNASEQ:FA... [100%] 36 of 36 ✔
[80/e7ad7f] process > NFCORE_SMRNASEQ:SMRNASEQ:FA... [100%] 36 of 36 ✔
[bd/eed07e] process > NFCORE_SMRNASEQ:SMRNASEQ:MI... [100%] 36 of 36 ✔
[dc/eb752f] process > NFCORE_SMRNASEQ:SMRNASEQ:GE... [100%] 1 of 1 ✔
[11/50caec] process > NFCORE_SMRNASEQ:SMRNASEQ:GE... [100%] 36 of 36 ✔
[99/67af03] process > NFCORE_SMRNASEQ:SMRNASEQ:GE... [100%] 36 of 36 ✔
[4b/6ec149] process > NFCORE_SMRNASEQ:SMRNASEQ:GE... [100%] 36 of 36 ✔
[-        ] process > NFCORE_SMRNASEQ:SMRNASEQ:GE... -
[c9/0e4a51] process > NFCORE_SMRNASEQ:SMRNASEQ:GE... [ 77%] 28 of 36
[d3/f23a31] process > NFCORE_SMRNASEQ:SMRNASEQ:GE... [ 97%] 35 of 36
[aa/8ad2bf] process > NFCORE_SMRNASEQ:SMRNASEQ:GE... [100%] 36 of 36 ✔
[6b/eaeee0] process > NFCORE_SMRNASEQ:SMRNASEQ:GE... [100%] 35 of 35
[-        ] process > NFCORE_SMRNASEQ:SMRNASEQ:GE... -

executor >  slurm (397)
[42/5df762] process > NFCORE_SMRNASEQ:SMRNASEQ:IN... [100%] 1 of 1 ✔
[-        ] process > NFCORE_SMRNASEQ:SMRNASEQ:CA... -
[f6/dbdb26] process > NFCORE_SMRNASEQ:SMRNASEQ:FA... [100%] 36 of 36 ✔
[8d/39736e] process > NFCORE_SMRNASEQ:SMRNASEQ:FA... [100%] 36 of 36 ✔
[80/e7ad7f] process > NFCORE_SMRNASEQ:SMRNASEQ:FA... [100%] 36 of 36 ✔
[bd/eed07e] process > NFCORE_SMRNASEQ:SMRNASEQ:MI... [100%] 36 of 36 ✔
[dc/eb752f] process > NFCORE_SMRNASEQ:SMRNASEQ:GE... [100%] 1 of 1 ✔
[11/50caec] process > NFCORE_SMRNASEQ:SMRNASEQ:GE... [100%] 36 of 36 ✔
[99/67af03] process > NFCORE_SMRNASEQ:SMRNASEQ:GE... [100%] 36 of 36 ✔
[4b/6ec149] process > NFCORE_SMRNASEQ:SMRNASEQ:GE... [100%] 36 of 36 ✔
[-        ] process > NFCORE_SMRNASEQ:SMRNASEQ:GE... -
[d2/0d01a6] process > NFCORE_SMRNASEQ:SMRNASEQ:GE... [ 86%] 31 of 36
[d3/f23a31] process > NFCORE_SMRNASEQ:SMRNASEQ:GE... [ 97%] 35 of 36
[aa/8ad2bf] process > NFCORE_SMRNASEQ:SMRNASEQ:GE... [100%] 36 of 36 ✔
[6b/eaeee0] process > NFCORE_SMRNASEQ:SMRNASEQ:GE... [100%] 35 of 35
[-        ] process > NFCORE_SMRNASEQ:SMRNASEQ:GE... -

executor >  slurm (398)
[42/5df762] process > NFCORE_SMRNASEQ:SMRNASEQ:IN... [100%] 1 of 1 ✔
[-        ] process > NFCORE_SMRNASEQ:SMRNASEQ:CA... -
[f6/dbdb26] process > NFCORE_SMRNASEQ:SMRNASEQ:FA... [100%] 36 of 36 ✔
[8d/39736e] process > NFCORE_SMRNASEQ:SMRNASEQ:FA... [100%] 36 of 36 ✔
[80/e7ad7f] process > NFCORE_SMRNASEQ:SMRNASEQ:FA... [100%] 36 of 36 ✔
[bd/eed07e] process > NFCORE_SMRNASEQ:SMRNASEQ:MI... [100%] 36 of 36 ✔
[dc/eb752f] process > NFCORE_SMRNASEQ:SMRNASEQ:GE... [100%] 1 of 1 ✔
[11/50caec] process > NFCORE_SMRNASEQ:SMRNASEQ:GE... [100%] 36 of 36 ✔
[99/67af03] process > NFCORE_SMRNASEQ:SMRNASEQ:GE... [100%] 36 of 36 ✔
[4b/6ec149] process > NFCORE_SMRNASEQ:SMRNASEQ:GE... [100%] 36 of 36 ✔
[-        ] process > NFCORE_SMRNASEQ:SMRNASEQ:GE... -
[08/fd358e] process > NFCORE_SMRNASEQ:SMRNASEQ:GE... [100%] 36 of 36 ✔
[cb/0f63e4] process > NFCORE_SMRNASEQ:SMRNASEQ:GE... [100%] 36 of 36 ✔
[aa/8ad2bf] process > NFCORE_SMRNASEQ:SMRNASEQ:GE... [100%] 36 of 36 ✔
[e7/cfb77a] process > NFCORE_SMRNASEQ:SMRNASEQ:GE... [ 97%] 35 of 36
[-        ] process > NFCORE_SMRNASEQ:SMRNASEQ:GE... -

executor >  slurm (399)
[42/5df762] process > NFCORE_SMRNASEQ:SMRNASEQ:IN... [100%] 1 of 1 ✔
[-        ] process > NFCORE_SMRNASEQ:SMRNASEQ:CA... -
[f6/dbdb26] process > NFCORE_SMRNASEQ:SMRNASEQ:FA... [100%] 36 of 36 ✔
[8d/39736e] process > NFCORE_SMRNASEQ:SMRNASEQ:FA... [100%] 36 of 36 ✔
[80/e7ad7f] process > NFCORE_SMRNASEQ:SMRNASEQ:FA... [100%] 36 of 36 ✔
[bd/eed07e] process > NFCORE_SMRNASEQ:SMRNASEQ:MI... [100%] 36 of 36 ✔
[dc/eb752f] process > NFCORE_SMRNASEQ:SMRNASEQ:GE... [100%] 1 of 1 ✔
[11/50caec] process > NFCORE_SMRNASEQ:SMRNASEQ:GE... [100%] 36 of 36 ✔
[99/67af03] process > NFCORE_SMRNASEQ:SMRNASEQ:GE... [100%] 36 of 36 ✔
[4b/6ec149] process > NFCORE_SMRNASEQ:SMRNASEQ:GE... [100%] 36 of 36 ✔
[-        ] process > NFCORE_SMRNASEQ:SMRNASEQ:GE... -
[08/fd358e] process > NFCORE_SMRNASEQ:SMRNASEQ:GE... [100%] 36 of 36 ✔
[cb/0f63e4] process > NFCORE_SMRNASEQ:SMRNASEQ:GE... [100%] 36 of 36 ✔
[aa/8ad2bf] process > NFCORE_SMRNASEQ:SMRNASEQ:GE... [100%] 36 of 36 ✔
[e7/cfb77a] process > NFCORE_SMRNASEQ:SMRNASEQ:GE... [100%] 36 of 36 ✔
[17/5131a4] process > NFCORE_SMRNASEQ:SMRNASEQ:GE... [  0%] 0 of 36
[SRR23425841, [[id:SRR23425841, intrasample_id:0, single_end:1]], [/mnt/lts/nfs_fs02/bioinfo_core_jabsom/hanqiu/new_pipeline_test/work/d5/78a31bd5e1f138524ead7839ce5607/SRR23425841_counts.txt]]
[SRR23425833, [[id:SRR23425833, intrasample_id:0, single_end:1]], [/mnt/lts/nfs_fs02/bioinfo_core_jabsom/hanqiu/new_pipeline_test/work/a3/128ce768ddef574da707f673ca57a8/SRR23425833_counts.txt]]
[SRR23425834, [[id:SRR23425834, intrasample_id:0, single_end:1]], [/mnt/lts/nfs_fs02/bioinfo_core_jabsom/hanqiu/new_pipeline_test/work/4a/4bce779ec6100d82412c861e254cb5/SRR23425834_counts.txt]]
[SRR23425835, [[id:SRR23425835, intrasample_id:0, single_end:1]], [/mnt/lts/nfs_fs02/bioinfo_core_jabsom/hanqiu/new_pipeline_test/work/f2/5a38abc68120a75aecfe029bd680ca/SRR23425835_counts.txt]]
[SRR23425838, [[id:SRR23425838, intrasample_id:0, single_end:1]], [/mnt/lts/nfs_fs02/bioinfo_core_jabsom/hanqiu/new_pipeline_test/work/df/a7a571617fc884cef5f356c11ce32e/SRR23425838_counts.txt]]
[SRR23425843, [[id:SRR23425843, intrasample_id:0, single_end:1]], [/mnt/lts/nfs_fs02/bioinfo_core_jabsom/hanqiu/new_pipeline_test/work/a7/ba029d1384a88711647efaffbc70f4/SRR23425843_counts.txt]]
[SRR23425844, [[id:SRR23425844, intrasample_id:0, single_end:1]], [/mnt/lts/nfs_fs02/bioinfo_core_jabsom/hanqiu/new_pipeline_test/work/8f/b0e4af3c099c2c53f4d8dca58b5d61/SRR23425844_counts.txt]]
[SRR23425832, [[id:SRR23425832, intrasample_id:0, single_end:1]], [/mnt/lts/nfs_fs02/bioinfo_core_jabsom/hanqiu/new_pipeline_test/work/fb/74f2d5285df46f2af23dc6bda8ef9d/SRR23425832_counts.txt]]
[SRR23425846, [[id:SRR23425846, intrasample_id:0, single_end:1]], [/mnt/lts/nfs_fs02/bioinfo_core_jabsom/hanqiu/new_pipeline_test/work/5a/4b64051386b6a046c1a48178e4a5a6/SRR23425846_counts.txt]]
[SRR23425853, [[id:SRR23425853, intrasample_id:0, single_end:1]], [/mnt/lts/nfs_fs02/bioinfo_core_jabsom/hanqiu/new_pipeline_test/work/1c/f72451831778b884f48784cb96bdd7/SRR23425853_counts.txt]]
[SRR23425839, [[id:SRR23425839, intrasample_id:0, single_end:1]], [/mnt/lts/nfs_fs02/bioinfo_core_jabsom/hanqiu/new_pipeline_test/work/26/edc1bad37e44a9cc3f8174b1d26069/SRR23425839_counts.txt]]
[SRR23425840, [[id:SRR23425840, intrasample_id:0, single_end:1]], [/mnt/lts/nfs_fs02/bioinfo_core_jabsom/hanqiu/new_pipeline_test/work/27/b4295aadbe453666602076e156a371/SRR23425840_counts.txt]]
[SRR23425848, [[id:SRR23425848, intrasample_id:0, single_end:1]], [/mnt/lts/nfs_fs02/bioinfo_core_jabsom/hanqiu/new_pipeline_test/work/53/37e0ff81ebd3b0a7ca809873e48abb/SRR23425848_counts.txt]]
[SRR23425849, [[id:SRR23425849, intrasample_id:0, single_end:1]], [/mnt/lts/nfs_fs02/bioinfo_core_jabsom/hanqiu/new_pipeline_test/work/bc/f655c8ddf7c2b96f275051fb4710e9/SRR23425849_counts.txt]]
[SRR23425861, [[id:SRR23425861, intrasample_id:0, single_end:1]], [/mnt/lts/nfs_fs02/bioinfo_core_jabsom/hanqiu/new_pipeline_test/work/8b/441f045bba768b41fe636fe86d47f3/SRR23425861_counts.txt]]
[SRR23425847, [[id:SRR23425847, intrasample_id:0, single_end:1]], [/mnt/lts/nfs_fs02/bioinfo_core_jabsom/hanqiu/new_pipeline_test/work/29/a63857cca3adfa4fbc5cf22d06aefb/SRR23425847_counts.txt]]
[SRR23425856, [[id:SRR23425856, intrasample_id:0, single_end:1]], [/mnt/lts/nfs_fs02/bioinfo_core_jabsom/hanqiu/new_pipeline_test/work/5d/0b33fd84addf1e8dc32f4f921f3acf/SRR23425856_counts.txt]]
[SRR23425860, [[id:SRR23425860, intrasample_id:0, single_end:1]], [/mnt/lts/nfs_fs02/bioinfo_core_jabsom/hanqiu/new_pipeline_test/work/1f/31671804e6051013824e894a229928/SRR23425860_counts.txt]]
[SRR23425836, [[id:SRR23425836, intrasample_id:0, single_end:1]], [/mnt/lts/nfs_fs02/bioinfo_core_jabsom/hanqiu/new_pipeline_test/work/f3/51d7b28cfc9447fd04b9d0b1a71b80/SRR23425836_counts.txt]]
[SRR23425859, [[id:SRR23425859, intrasample_id:0, single_end:1]], [/mnt/lts/nfs_fs02/bioinfo_core_jabsom/hanqiu/new_pipeline_test/work/be/771593cacbb7f9a264a9e62b83d311/SRR23425859_counts.txt]]
[SRR23425855, [[id:SRR23425855, intrasample_id:0, single_end:1]], [/mnt/lts/nfs_fs02/bioinfo_core_jabsom/hanqiu/new_pipeline_test/work/ab/df04f11e8df6267c15df441a44d6cf/SRR23425855_counts.txt]]
[SRR23425863, [[id:SRR23425863, intrasample_id:0, single_end:1]], [/mnt/lts/nfs_fs02/bioinfo_core_jabsom/hanqiu/new_pipeline_test/work/de/2f80d0f0b24592d04d7a1d0fd30174/SRR23425863_counts.txt]]
[SRR23425864, [[id:SRR23425864, intrasample_id:0, single_end:1]], [/mnt/lts/nfs_fs02/bioinfo_core_jabsom/hanqiu/new_pipeline_test/work/b2/b667c247d24e05c8b365d7b0f625dd/SRR23425864_counts.txt]]
[SRR23425858, [[id:SRR23425858, intrasample_id:0, single_end:1]], [/mnt/lts/nfs_fs02/bioinfo_core_jabsom/hanqiu/new_pipeline_test/work/8b/d58e0d4f88211529b300df67220fab/SRR23425858_counts.txt]]
[SRR23425862, [[id:SRR23425862, intrasample_id:0, single_end:1]], [/mnt/lts/nfs_fs02/bioinfo_core_jabsom/hanqiu/new_pipeline_test/work/f2/e6a2b30311c42e1d335100835c7603/SRR23425862_counts.txt]]
[SRR23425865, [[id:SRR23425865, intrasample_id:0, single_end:1]], [/mnt/lts/nfs_fs02/bioinfo_core_jabsom/hanqiu/new_pipeline_test/work/f7/080db283dccdebc6c9c5122de62df1/SRR23425865_counts.txt]]
[SRR23425867, [[id:SRR23425867, intrasample_id:0, single_end:1]], [/mnt/lts/nfs_fs02/bioinfo_core_jabsom/hanqiu/new_pipeline_test/work/5b/37173e419babec5c4c0341e67a7691/SRR23425867_counts.txt]]
[SRR23425866, [[id:SRR23425866, intrasample_id:0, single_end:1]], [/mnt/lts/nfs_fs02/bioinfo_core_jabsom/hanqiu/new_pipeline_test/work/c1/497f8e5f1f34763e3a6b97ee3f3ff3/SRR23425866_counts.txt]]
[SRR23425837, [[id:SRR23425837, intrasample_id:0, single_end:1]], [/mnt/lts/nfs_fs02/bioinfo_core_jabsom/hanqiu/new_pipeline_test/work/30/8f5d8e976913055b8d48e7e1d20b65/SRR23425837_counts.txt]]
[SRR23425850, [[id:SRR23425850, intrasample_id:0, single_end:1]], [/mnt/lts/nfs_fs02/bioinfo_core_jabsom/hanqiu/new_pipeline_test/work/e1/bb65f010d7163ecc6b94873c70ff9e/SRR23425850_counts.txt]]
[SRR23425845, [[id:SRR23425845, intrasample_id:0, single_end:1]], [/mnt/lts/nfs_fs02/bioinfo_core_jabsom/hanqiu/new_pipeline_test/work/73/0a6c3ca1d1bb5cbca5f6c819f848bd/SRR23425845_counts.txt]]
[SRR23425857, [[id:SRR23425857, intrasample_id:0, single_end:1]], [/mnt/lts/nfs_fs02/bioinfo_core_jabsom/hanqiu/new_pipeline_test/work/b5/338888e71aa7b68cbc0bae16623b54/SRR23425857_counts.txt]]
[SRR23425851, [[id:SRR23425851, intrasample_id:0, single_end:1]], [/mnt/lts/nfs_fs02/bioinfo_core_jabsom/hanqiu/new_pipeline_test/work/cb/53de12d0c992e99db53495953b0f7d/SRR23425851_counts.txt]]
[SRR23425854, [[id:SRR23425854, intrasample_id:0, single_end:1]], [/mnt/lts/nfs_fs02/bioinfo_core_jabsom/hanqiu/new_pipeline_test/work/76/35cceebbeed761f60a8c7a1937c4de/SRR23425854_counts.txt]]
[SRR23425852, [[id:SRR23425852, intrasample_id:0, single_end:1]], [/mnt/lts/nfs_fs02/bioinfo_core_jabsom/hanqiu/new_pipeline_test/work/6b/eaeee08226fcb31a9a6a690941d57d/SRR23425852_counts.txt]]
[SRR23425842, [[id:SRR23425842, intrasample_id:0, single_end:1]], [/mnt/lts/nfs_fs02/bioinfo_core_jabsom/hanqiu/new_pipeline_test/work/e7/cfb77a1d6b7e3caed1b84fe8e13566/SRR23425842_counts.txt]]

executor >  slurm (403)
[42/5df762] process > NFCORE_SMRNASEQ:SMRNASEQ:IN... [100%] 1 of 1 ✔
[-        ] process > NFCORE_SMRNASEQ:SMRNASEQ:CA... -
[f6/dbdb26] process > NFCORE_SMRNASEQ:SMRNASEQ:FA... [100%] 36 of 36 ✔
[8d/39736e] process > NFCORE_SMRNASEQ:SMRNASEQ:FA... [100%] 36 of 36 ✔
[80/e7ad7f] process > NFCORE_SMRNASEQ:SMRNASEQ:FA... [100%] 36 of 36 ✔
[bd/eed07e] process > NFCORE_SMRNASEQ:SMRNASEQ:MI... [100%] 36 of 36 ✔
[dc/eb752f] process > NFCORE_SMRNASEQ:SMRNASEQ:GE... [100%] 1 of 1 ✔
[11/50caec] process > NFCORE_SMRNASEQ:SMRNASEQ:GE... [100%] 36 of 36 ✔
[99/67af03] process > NFCORE_SMRNASEQ:SMRNASEQ:GE... [100%] 36 of 36 ✔
[4b/6ec149] process > NFCORE_SMRNASEQ:SMRNASEQ:GE... [100%] 36 of 36 ✔
[-        ] process > NFCORE_SMRNASEQ:SMRNASEQ:GE... -
[08/fd358e] process > NFCORE_SMRNASEQ:SMRNASEQ:GE... [100%] 36 of 36 ✔
[cb/0f63e4] process > NFCORE_SMRNASEQ:SMRNASEQ:GE... [100%] 36 of 36 ✔
[aa/8ad2bf] process > NFCORE_SMRNASEQ:SMRNASEQ:GE... [100%] 36 of 36 ✔
[e7/cfb77a] process > NFCORE_SMRNASEQ:SMRNASEQ:GE... [100%] 36 of 36 ✔
[a7/06aa0c] process > NFCORE_SMRNASEQ:SMRNASEQ:GE... [  0%] 0 of 36
[SRR23425841, [[id:SRR23425841, intrasample_id:0, single_end:1]], [/mnt/lts/nfs_fs02/bioinfo_core_jabsom/hanqiu/new_pipeline_test/work/d5/78a31bd5e1f138524ead7839ce5607/SRR23425841_counts.txt]]
[SRR23425833, [[id:SRR23425833, intrasample_id:0, single_end:1]], [/mnt/lts/nfs_fs02/bioinfo_core_jabsom/hanqiu/new_pipeline_test/work/a3/128ce768ddef574da707f673ca57a8/SRR23425833_counts.txt]]
[SRR23425834, [[id:SRR23425834, intrasample_id:0, single_end:1]], [/mnt/lts/nfs_fs02/bioinfo_core_jabsom/hanqiu/new_pipeline_test/work/4a/4bce779ec6100d82412c861e254cb5/SRR23425834_counts.txt]]
[SRR23425835, [[id:SRR23425835, intrasample_id:0, single_end:1]], [/mnt/lts/nfs_fs02/bioinfo_core_jabsom/hanqiu/new_pipeline_test/work/f2/5a38abc68120a75aecfe029bd680ca/SRR23425835_counts.txt]]
[SRR23425838, [[id:SRR23425838, intrasample_id:0, single_end:1]], [/mnt/lts/nfs_fs02/bioinfo_core_jabsom/hanqiu/new_pipeline_test/work/df/a7a571617fc884cef5f356c11ce32e/SRR23425838_counts.txt]]
[SRR23425843, [[id:SRR23425843, intrasample_id:0, single_end:1]], [/mnt/lts/nfs_fs02/bioinfo_core_jabsom/hanqiu/new_pipeline_test/work/a7/ba029d1384a88711647efaffbc70f4/SRR23425843_counts.txt]]
[SRR23425844, [[id:SRR23425844, intrasample_id:0, single_end:1]], [/mnt/lts/nfs_fs02/bioinfo_core_jabsom/hanqiu/new_pipeline_test/work/8f/b0e4af3c099c2c53f4d8dca58b5d61/SRR23425844_counts.txt]]
[SRR23425832, [[id:SRR23425832, intrasample_id:0, single_end:1]], [/mnt/lts/nfs_fs02/bioinfo_core_jabsom/hanqiu/new_pipeline_test/work/fb/74f2d5285df46f2af23dc6bda8ef9d/SRR23425832_counts.txt]]
[SRR23425846, [[id:SRR23425846, intrasample_id:0, single_end:1]], [/mnt/lts/nfs_fs02/bioinfo_core_jabsom/hanqiu/new_pipeline_test/work/5a/4b64051386b6a046c1a48178e4a5a6/SRR23425846_counts.txt]]
[SRR23425853, [[id:SRR23425853, intrasample_id:0, single_end:1]], [/mnt/lts/nfs_fs02/bioinfo_core_jabsom/hanqiu/new_pipeline_test/work/1c/f72451831778b884f48784cb96bdd7/SRR23425853_counts.txt]]
[SRR23425839, [[id:SRR23425839, intrasample_id:0, single_end:1]], [/mnt/lts/nfs_fs02/bioinfo_core_jabsom/hanqiu/new_pipeline_test/work/26/edc1bad37e44a9cc3f8174b1d26069/SRR23425839_counts.txt]]
[SRR23425840, [[id:SRR23425840, intrasample_id:0, single_end:1]], [/mnt/lts/nfs_fs02/bioinfo_core_jabsom/hanqiu/new_pipeline_test/work/27/b4295aadbe453666602076e156a371/SRR23425840_counts.txt]]
[SRR23425848, [[id:SRR23425848, intrasample_id:0, single_end:1]], [/mnt/lts/nfs_fs02/bioinfo_core_jabsom/hanqiu/new_pipeline_test/work/53/37e0ff81ebd3b0a7ca809873e48abb/SRR23425848_counts.txt]]
[SRR23425849, [[id:SRR23425849, intrasample_id:0, single_end:1]], [/mnt/lts/nfs_fs02/bioinfo_core_jabsom/hanqiu/new_pipeline_test/work/bc/f655c8ddf7c2b96f275051fb4710e9/SRR23425849_counts.txt]]
[SRR23425861, [[id:SRR23425861, intrasample_id:0, single_end:1]], [/mnt/lts/nfs_fs02/bioinfo_core_jabsom/hanqiu/new_pipeline_test/work/8b/441f045bba768b41fe636fe86d47f3/SRR23425861_counts.txt]]
[SRR23425847, [[id:SRR23425847, intrasample_id:0, single_end:1]], [/mnt/lts/nfs_fs02/bioinfo_core_jabsom/hanqiu/new_pipeline_test/work/29/a63857cca3adfa4fbc5cf22d06aefb/SRR23425847_counts.txt]]
[SRR23425856, [[id:SRR23425856, intrasample_id:0, single_end:1]], [/mnt/lts/nfs_fs02/bioinfo_core_jabsom/hanqiu/new_pipeline_test/work/5d/0b33fd84addf1e8dc32f4f921f3acf/SRR23425856_counts.txt]]
[SRR23425860, [[id:SRR23425860, intrasample_id:0, single_end:1]], [/mnt/lts/nfs_fs02/bioinfo_core_jabsom/hanqiu/new_pipeline_test/work/1f/31671804e6051013824e894a229928/SRR23425860_counts.txt]]
[SRR23425836, [[id:SRR23425836, intrasample_id:0, single_end:1]], [/mnt/lts/nfs_fs02/bioinfo_core_jabsom/hanqiu/new_pipeline_test/work/f3/51d7b28cfc9447fd04b9d0b1a71b80/SRR23425836_counts.txt]]
[SRR23425859, [[id:SRR23425859, intrasample_id:0, single_end:1]], [/mnt/lts/nfs_fs02/bioinfo_core_jabsom/hanqiu/new_pipeline_test/work/be/771593cacbb7f9a264a9e62b83d311/SRR23425859_counts.txt]]
[SRR23425855, [[id:SRR23425855, intrasample_id:0, single_end:1]], [/mnt/lts/nfs_fs02/bioinfo_core_jabsom/hanqiu/new_pipeline_test/work/ab/df04f11e8df6267c15df441a44d6cf/SRR23425855_counts.txt]]
[SRR23425863, [[id:SRR23425863, intrasample_id:0, single_end:1]], [/mnt/lts/nfs_fs02/bioinfo_core_jabsom/hanqiu/new_pipeline_test/work/de/2f80d0f0b24592d04d7a1d0fd30174/SRR23425863_counts.txt]]
[SRR23425864, [[id:SRR23425864, intrasample_id:0, single_end:1]], [/mnt/lts/nfs_fs02/bioinfo_core_jabsom/hanqiu/new_pipeline_test/work/b2/b667c247d24e05c8b365d7b0f625dd/SRR23425864_counts.txt]]
[SRR23425858, [[id:SRR23425858, intrasample_id:0, single_end:1]], [/mnt/lts/nfs_fs02/bioinfo_core_jabsom/hanqiu/new_pipeline_test/work/8b/d58e0d4f88211529b300df67220fab/SRR23425858_counts.txt]]
[SRR23425862, [[id:SRR23425862, intrasample_id:0, single_end:1]], [/mnt/lts/nfs_fs02/bioinfo_core_jabsom/hanqiu/new_pipeline_test/work/f2/e6a2b30311c42e1d335100835c7603/SRR23425862_counts.txt]]
[SRR23425865, [[id:SRR23425865, intrasample_id:0, single_end:1]], [/mnt/lts/nfs_fs02/bioinfo_core_jabsom/hanqiu/new_pipeline_test/work/f7/080db283dccdebc6c9c5122de62df1/SRR23425865_counts.txt]]
[SRR23425867, [[id:SRR23425867, intrasample_id:0, single_end:1]], [/mnt/lts/nfs_fs02/bioinfo_core_jabsom/hanqiu/new_pipeline_test/work/5b/37173e419babec5c4c0341e67a7691/SRR23425867_counts.txt]]
[SRR23425866, [[id:SRR23425866, intrasample_id:0, single_end:1]], [/mnt/lts/nfs_fs02/bioinfo_core_jabsom/hanqiu/new_pipeline_test/work/c1/497f8e5f1f34763e3a6b97ee3f3ff3/SRR23425866_counts.txt]]
[SRR23425837, [[id:SRR23425837, intrasample_id:0, single_end:1]], [/mnt/lts/nfs_fs02/bioinfo_core_jabsom/hanqiu/new_pipeline_test/work/30/8f5d8e976913055b8d48e7e1d20b65/SRR23425837_counts.txt]]
[SRR23425850, [[id:SRR23425850, intrasample_id:0, single_end:1]], [/mnt/lts/nfs_fs02/bioinfo_core_jabsom/hanqiu/new_pipeline_test/work/e1/bb65f010d7163ecc6b94873c70ff9e/SRR23425850_counts.txt]]
[SRR23425845, [[id:SRR23425845, intrasample_id:0, single_end:1]], [/mnt/lts/nfs_fs02/bioinfo_core_jabsom/hanqiu/new_pipeline_test/work/73/0a6c3ca1d1bb5cbca5f6c819f848bd/SRR23425845_counts.txt]]
[SRR23425857, [[id:SRR23425857, intrasample_id:0, single_end:1]], [/mnt/lts/nfs_fs02/bioinfo_core_jabsom/hanqiu/new_pipeline_test/work/b5/338888e71aa7b68cbc0bae16623b54/SRR23425857_counts.txt]]
[SRR23425851, [[id:SRR23425851, intrasample_id:0, single_end:1]], [/mnt/lts/nfs_fs02/bioinfo_core_jabsom/hanqiu/new_pipeline_test/work/cb/53de12d0c992e99db53495953b0f7d/SRR23425851_counts.txt]]
[SRR23425854, [[id:SRR23425854, intrasample_id:0, single_end:1]], [/mnt/lts/nfs_fs02/bioinfo_core_jabsom/hanqiu/new_pipeline_test/work/76/35cceebbeed761f60a8c7a1937c4de/SRR23425854_counts.txt]]
[SRR23425852, [[id:SRR23425852, intrasample_id:0, single_end:1]], [/mnt/lts/nfs_fs02/bioinfo_core_jabsom/hanqiu/new_pipeline_test/work/6b/eaeee08226fcb31a9a6a690941d57d/SRR23425852_counts.txt]]
[SRR23425842, [[id:SRR23425842, intrasample_id:0, single_end:1]], [/mnt/lts/nfs_fs02/bioinfo_core_jabsom/hanqiu/new_pipeline_test/work/e7/cfb77a1d6b7e3caed1b84fe8e13566/SRR23425842_counts.txt]]

executor >  slurm (406)
[42/5df762] process > NFCORE_SMRNASEQ:SMRNASEQ:IN... [100%] 1 of 1 ✔
[-        ] process > NFCORE_SMRNASEQ:SMRNASEQ:CA... -
[f6/dbdb26] process > NFCORE_SMRNASEQ:SMRNASEQ:FA... [100%] 36 of 36 ✔
[8d/39736e] process > NFCORE_SMRNASEQ:SMRNASEQ:FA... [100%] 36 of 36 ✔
[80/e7ad7f] process > NFCORE_SMRNASEQ:SMRNASEQ:FA... [100%] 36 of 36 ✔
[bd/eed07e] process > NFCORE_SMRNASEQ:SMRNASEQ:MI... [100%] 36 of 36 ✔
[dc/eb752f] process > NFCORE_SMRNASEQ:SMRNASEQ:GE... [100%] 1 of 1 ✔
[11/50caec] process > NFCORE_SMRNASEQ:SMRNASEQ:GE... [100%] 36 of 36 ✔
[99/67af03] process > NFCORE_SMRNASEQ:SMRNASEQ:GE... [100%] 36 of 36 ✔
[4b/6ec149] process > NFCORE_SMRNASEQ:SMRNASEQ:GE... [100%] 36 of 36 ✔
[-        ] process > NFCORE_SMRNASEQ:SMRNASEQ:GE... -
[08/fd358e] process > NFCORE_SMRNASEQ:SMRNASEQ:GE... [100%] 36 of 36 ✔
[cb/0f63e4] process > NFCORE_SMRNASEQ:SMRNASEQ:GE... [100%] 36 of 36 ✔
[aa/8ad2bf] process > NFCORE_SMRNASEQ:SMRNASEQ:GE... [100%] 36 of 36 ✔
[e7/cfb77a] process > NFCORE_SMRNASEQ:SMRNASEQ:GE... [100%] 36 of 36 ✔
[a7/311903] process > NFCORE_SMRNASEQ:SMRNASEQ:GE... [  0%] 0 of 36
[SRR23425841, [[id:SRR23425841, intrasample_id:0, single_end:1]], [/mnt/lts/nfs_fs02/bioinfo_core_jabsom/hanqiu/new_pipeline_test/work/d5/78a31bd5e1f138524ead7839ce5607/SRR23425841_counts.txt]]
[SRR23425833, [[id:SRR23425833, intrasample_id:0, single_end:1]], [/mnt/lts/nfs_fs02/bioinfo_core_jabsom/hanqiu/new_pipeline_test/work/a3/128ce768ddef574da707f673ca57a8/SRR23425833_counts.txt]]
[SRR23425834, [[id:SRR23425834, intrasample_id:0, single_end:1]], [/mnt/lts/nfs_fs02/bioinfo_core_jabsom/hanqiu/new_pipeline_test/work/4a/4bce779ec6100d82412c861e254cb5/SRR23425834_counts.txt]]
[SRR23425835, [[id:SRR23425835, intrasample_id:0, single_end:1]], [/mnt/lts/nfs_fs02/bioinfo_core_jabsom/hanqiu/new_pipeline_test/work/f2/5a38abc68120a75aecfe029bd680ca/SRR23425835_counts.txt]]
[SRR23425838, [[id:SRR23425838, intrasample_id:0, single_end:1]], [/mnt/lts/nfs_fs02/bioinfo_core_jabsom/hanqiu/new_pipeline_test/work/df/a7a571617fc884cef5f356c11ce32e/SRR23425838_counts.txt]]
[SRR23425843, [[id:SRR23425843, intrasample_id:0, single_end:1]], [/mnt/lts/nfs_fs02/bioinfo_core_jabsom/hanqiu/new_pipeline_test/work/a7/ba029d1384a88711647efaffbc70f4/SRR23425843_counts.txt]]
[SRR23425844, [[id:SRR23425844, intrasample_id:0, single_end:1]], [/mnt/lts/nfs_fs02/bioinfo_core_jabsom/hanqiu/new_pipeline_test/work/8f/b0e4af3c099c2c53f4d8dca58b5d61/SRR23425844_counts.txt]]
[SRR23425832, [[id:SRR23425832, intrasample_id:0, single_end:1]], [/mnt/lts/nfs_fs02/bioinfo_core_jabsom/hanqiu/new_pipeline_test/work/fb/74f2d5285df46f2af23dc6bda8ef9d/SRR23425832_counts.txt]]
[SRR23425846, [[id:SRR23425846, intrasample_id:0, single_end:1]], [/mnt/lts/nfs_fs02/bioinfo_core_jabsom/hanqiu/new_pipeline_test/work/5a/4b64051386b6a046c1a48178e4a5a6/SRR23425846_counts.txt]]
[SRR23425853, [[id:SRR23425853, intrasample_id:0, single_end:1]], [/mnt/lts/nfs_fs02/bioinfo_core_jabsom/hanqiu/new_pipeline_test/work/1c/f72451831778b884f48784cb96bdd7/SRR23425853_counts.txt]]
[SRR23425839, [[id:SRR23425839, intrasample_id:0, single_end:1]], [/mnt/lts/nfs_fs02/bioinfo_core_jabsom/hanqiu/new_pipeline_test/work/26/edc1bad37e44a9cc3f8174b1d26069/SRR23425839_counts.txt]]
[SRR23425840, [[id:SRR23425840, intrasample_id:0, single_end:1]], [/mnt/lts/nfs_fs02/bioinfo_core_jabsom/hanqiu/new_pipeline_test/work/27/b4295aadbe453666602076e156a371/SRR23425840_counts.txt]]
[SRR23425848, [[id:SRR23425848, intrasample_id:0, single_end:1]], [/mnt/lts/nfs_fs02/bioinfo_core_jabsom/hanqiu/new_pipeline_test/work/53/37e0ff81ebd3b0a7ca809873e48abb/SRR23425848_counts.txt]]
[SRR23425849, [[id:SRR23425849, intrasample_id:0, single_end:1]], [/mnt/lts/nfs_fs02/bioinfo_core_jabsom/hanqiu/new_pipeline_test/work/bc/f655c8ddf7c2b96f275051fb4710e9/SRR23425849_counts.txt]]
[SRR23425861, [[id:SRR23425861, intrasample_id:0, single_end:1]], [/mnt/lts/nfs_fs02/bioinfo_core_jabsom/hanqiu/new_pipeline_test/work/8b/441f045bba768b41fe636fe86d47f3/SRR23425861_counts.txt]]
[SRR23425847, [[id:SRR23425847, intrasample_id:0, single_end:1]], [/mnt/lts/nfs_fs02/bioinfo_core_jabsom/hanqiu/new_pipeline_test/work/29/a63857cca3adfa4fbc5cf22d06aefb/SRR23425847_counts.txt]]
[SRR23425856, [[id:SRR23425856, intrasample_id:0, single_end:1]], [/mnt/lts/nfs_fs02/bioinfo_core_jabsom/hanqiu/new_pipeline_test/work/5d/0b33fd84addf1e8dc32f4f921f3acf/SRR23425856_counts.txt]]
[SRR23425860, [[id:SRR23425860, intrasample_id:0, single_end:1]], [/mnt/lts/nfs_fs02/bioinfo_core_jabsom/hanqiu/new_pipeline_test/work/1f/31671804e6051013824e894a229928/SRR23425860_counts.txt]]
[SRR23425836, [[id:SRR23425836, intrasample_id:0, single_end:1]], [/mnt/lts/nfs_fs02/bioinfo_core_jabsom/hanqiu/new_pipeline_test/work/f3/51d7b28cfc9447fd04b9d0b1a71b80/SRR23425836_counts.txt]]
[SRR23425859, [[id:SRR23425859, intrasample_id:0, single_end:1]], [/mnt/lts/nfs_fs02/bioinfo_core_jabsom/hanqiu/new_pipeline_test/work/be/771593cacbb7f9a264a9e62b83d311/SRR23425859_counts.txt]]
[SRR23425855, [[id:SRR23425855, intrasample_id:0, single_end:1]], [/mnt/lts/nfs_fs02/bioinfo_core_jabsom/hanqiu/new_pipeline_test/work/ab/df04f11e8df6267c15df441a44d6cf/SRR23425855_counts.txt]]
[SRR23425863, [[id:SRR23425863, intrasample_id:0, single_end:1]], [/mnt/lts/nfs_fs02/bioinfo_core_jabsom/hanqiu/new_pipeline_test/work/de/2f80d0f0b24592d04d7a1d0fd30174/SRR23425863_counts.txt]]
[SRR23425864, [[id:SRR23425864, intrasample_id:0, single_end:1]], [/mnt/lts/nfs_fs02/bioinfo_core_jabsom/hanqiu/new_pipeline_test/work/b2/b667c247d24e05c8b365d7b0f625dd/SRR23425864_counts.txt]]
[SRR23425858, [[id:SRR23425858, intrasample_id:0, single_end:1]], [/mnt/lts/nfs_fs02/bioinfo_core_jabsom/hanqiu/new_pipeline_test/work/8b/d58e0d4f88211529b300df67220fab/SRR23425858_counts.txt]]
[SRR23425862, [[id:SRR23425862, intrasample_id:0, single_end:1]], [/mnt/lts/nfs_fs02/bioinfo_core_jabsom/hanqiu/new_pipeline_test/work/f2/e6a2b30311c42e1d335100835c7603/SRR23425862_counts.txt]]
[SRR23425865, [[id:SRR23425865, intrasample_id:0, single_end:1]], [/mnt/lts/nfs_fs02/bioinfo_core_jabsom/hanqiu/new_pipeline_test/work/f7/080db283dccdebc6c9c5122de62df1/SRR23425865_counts.txt]]
[SRR23425867, [[id:SRR23425867, intrasample_id:0, single_end:1]], [/mnt/lts/nfs_fs02/bioinfo_core_jabsom/hanqiu/new_pipeline_test/work/5b/37173e419babec5c4c0341e67a7691/SRR23425867_counts.txt]]
[SRR23425866, [[id:SRR23425866, intrasample_id:0, single_end:1]], [/mnt/lts/nfs_fs02/bioinfo_core_jabsom/hanqiu/new_pipeline_test/work/c1/497f8e5f1f34763e3a6b97ee3f3ff3/SRR23425866_counts.txt]]
[SRR23425837, [[id:SRR23425837, intrasample_id:0, single_end:1]], [/mnt/lts/nfs_fs02/bioinfo_core_jabsom/hanqiu/new_pipeline_test/work/30/8f5d8e976913055b8d48e7e1d20b65/SRR23425837_counts.txt]]
[SRR23425850, [[id:SRR23425850, intrasample_id:0, single_end:1]], [/mnt/lts/nfs_fs02/bioinfo_core_jabsom/hanqiu/new_pipeline_test/work/e1/bb65f010d7163ecc6b94873c70ff9e/SRR23425850_counts.txt]]
[SRR23425845, [[id:SRR23425845, intrasample_id:0, single_end:1]], [/mnt/lts/nfs_fs02/bioinfo_core_jabsom/hanqiu/new_pipeline_test/work/73/0a6c3ca1d1bb5cbca5f6c819f848bd/SRR23425845_counts.txt]]
[SRR23425857, [[id:SRR23425857, intrasample_id:0, single_end:1]], [/mnt/lts/nfs_fs02/bioinfo_core_jabsom/hanqiu/new_pipeline_test/work/b5/338888e71aa7b68cbc0bae16623b54/SRR23425857_counts.txt]]
[SRR23425851, [[id:SRR23425851, intrasample_id:0, single_end:1]], [/mnt/lts/nfs_fs02/bioinfo_core_jabsom/hanqiu/new_pipeline_test/work/cb/53de12d0c992e99db53495953b0f7d/SRR23425851_counts.txt]]
[SRR23425854, [[id:SRR23425854, intrasample_id:0, single_end:1]], [/mnt/lts/nfs_fs02/bioinfo_core_jabsom/hanqiu/new_pipeline_test/work/76/35cceebbeed761f60a8c7a1937c4de/SRR23425854_counts.txt]]
[SRR23425852, [[id:SRR23425852, intrasample_id:0, single_end:1]], [/mnt/lts/nfs_fs02/bioinfo_core_jabsom/hanqiu/new_pipeline_test/work/6b/eaeee08226fcb31a9a6a690941d57d/SRR23425852_counts.txt]]
[SRR23425842, [[id:SRR23425842, intrasample_id:0, single_end:1]], [/mnt/lts/nfs_fs02/bioinfo_core_jabsom/hanqiu/new_pipeline_test/work/e7/cfb77a1d6b7e3caed1b84fe8e13566/SRR23425842_counts.txt]]

executor >  slurm (410)
[42/5df762] process > NFCORE_SMRNASEQ:SMRNASEQ:IN... [100%] 1 of 1 ✔
[-        ] process > NFCORE_SMRNASEQ:SMRNASEQ:CA... -
[f6/dbdb26] process > NFCORE_SMRNASEQ:SMRNASEQ:FA... [100%] 36 of 36 ✔
[8d/39736e] process > NFCORE_SMRNASEQ:SMRNASEQ:FA... [100%] 36 of 36 ✔
[80/e7ad7f] process > NFCORE_SMRNASEQ:SMRNASEQ:FA... [100%] 36 of 36 ✔
[bd/eed07e] process > NFCORE_SMRNASEQ:SMRNASEQ:MI... [100%] 36 of 36 ✔
[dc/eb752f] process > NFCORE_SMRNASEQ:SMRNASEQ:GE... [100%] 1 of 1 ✔
[11/50caec] process > NFCORE_SMRNASEQ:SMRNASEQ:GE... [100%] 36 of 36 ✔
[99/67af03] process > NFCORE_SMRNASEQ:SMRNASEQ:GE... [100%] 36 of 36 ✔
[4b/6ec149] process > NFCORE_SMRNASEQ:SMRNASEQ:GE... [100%] 36 of 36 ✔
[-        ] process > NFCORE_SMRNASEQ:SMRNASEQ:GE... -
[08/fd358e] process > NFCORE_SMRNASEQ:SMRNASEQ:GE... [100%] 36 of 36 ✔
[cb/0f63e4] process > NFCORE_SMRNASEQ:SMRNASEQ:GE... [100%] 36 of 36 ✔
[aa/8ad2bf] process > NFCORE_SMRNASEQ:SMRNASEQ:GE... [100%] 36 of 36 ✔
[e7/cfb77a] process > NFCORE_SMRNASEQ:SMRNASEQ:GE... [100%] 36 of 36 ✔
[0e/6f24d4] process > NFCORE_SMRNASEQ:SMRNASEQ:GE... [  0%] 0 of 36
[SRR23425841, [[id:SRR23425841, intrasample_id:0, single_end:1]], [/mnt/lts/nfs_fs02/bioinfo_core_jabsom/hanqiu/new_pipeline_test/work/d5/78a31bd5e1f138524ead7839ce5607/SRR23425841_counts.txt]]
[SRR23425833, [[id:SRR23425833, intrasample_id:0, single_end:1]], [/mnt/lts/nfs_fs02/bioinfo_core_jabsom/hanqiu/new_pipeline_test/work/a3/128ce768ddef574da707f673ca57a8/SRR23425833_counts.txt]]
[SRR23425834, [[id:SRR23425834, intrasample_id:0, single_end:1]], [/mnt/lts/nfs_fs02/bioinfo_core_jabsom/hanqiu/new_pipeline_test/work/4a/4bce779ec6100d82412c861e254cb5/SRR23425834_counts.txt]]
[SRR23425835, [[id:SRR23425835, intrasample_id:0, single_end:1]], [/mnt/lts/nfs_fs02/bioinfo_core_jabsom/hanqiu/new_pipeline_test/work/f2/5a38abc68120a75aecfe029bd680ca/SRR23425835_counts.txt]]
[SRR23425838, [[id:SRR23425838, intrasample_id:0, single_end:1]], [/mnt/lts/nfs_fs02/bioinfo_core_jabsom/hanqiu/new_pipeline_test/work/df/a7a571617fc884cef5f356c11ce32e/SRR23425838_counts.txt]]
[SRR23425843, [[id:SRR23425843, intrasample_id:0, single_end:1]], [/mnt/lts/nfs_fs02/bioinfo_core_jabsom/hanqiu/new_pipeline_test/work/a7/ba029d1384a88711647efaffbc70f4/SRR23425843_counts.txt]]
[SRR23425844, [[id:SRR23425844, intrasample_id:0, single_end:1]], [/mnt/lts/nfs_fs02/bioinfo_core_jabsom/hanqiu/new_pipeline_test/work/8f/b0e4af3c099c2c53f4d8dca58b5d61/SRR23425844_counts.txt]]
[SRR23425832, [[id:SRR23425832, intrasample_id:0, single_end:1]], [/mnt/lts/nfs_fs02/bioinfo_core_jabsom/hanqiu/new_pipeline_test/work/fb/74f2d5285df46f2af23dc6bda8ef9d/SRR23425832_counts.txt]]
[SRR23425846, [[id:SRR23425846, intrasample_id:0, single_end:1]], [/mnt/lts/nfs_fs02/bioinfo_core_jabsom/hanqiu/new_pipeline_test/work/5a/4b64051386b6a046c1a48178e4a5a6/SRR23425846_counts.txt]]
[SRR23425853, [[id:SRR23425853, intrasample_id:0, single_end:1]], [/mnt/lts/nfs_fs02/bioinfo_core_jabsom/hanqiu/new_pipeline_test/work/1c/f72451831778b884f48784cb96bdd7/SRR23425853_counts.txt]]
[SRR23425839, [[id:SRR23425839, intrasample_id:0, single_end:1]], [/mnt/lts/nfs_fs02/bioinfo_core_jabsom/hanqiu/new_pipeline_test/work/26/edc1bad37e44a9cc3f8174b1d26069/SRR23425839_counts.txt]]
[SRR23425840, [[id:SRR23425840, intrasample_id:0, single_end:1]], [/mnt/lts/nfs_fs02/bioinfo_core_jabsom/hanqiu/new_pipeline_test/work/27/b4295aadbe453666602076e156a371/SRR23425840_counts.txt]]
[SRR23425848, [[id:SRR23425848, intrasample_id:0, single_end:1]], [/mnt/lts/nfs_fs02/bioinfo_core_jabsom/hanqiu/new_pipeline_test/work/53/37e0ff81ebd3b0a7ca809873e48abb/SRR23425848_counts.txt]]
[SRR23425849, [[id:SRR23425849, intrasample_id:0, single_end:1]], [/mnt/lts/nfs_fs02/bioinfo_core_jabsom/hanqiu/new_pipeline_test/work/bc/f655c8ddf7c2b96f275051fb4710e9/SRR23425849_counts.txt]]
[SRR23425861, [[id:SRR23425861, intrasample_id:0, single_end:1]], [/mnt/lts/nfs_fs02/bioinfo_core_jabsom/hanqiu/new_pipeline_test/work/8b/441f045bba768b41fe636fe86d47f3/SRR23425861_counts.txt]]
[SRR23425847, [[id:SRR23425847, intrasample_id:0, single_end:1]], [/mnt/lts/nfs_fs02/bioinfo_core_jabsom/hanqiu/new_pipeline_test/work/29/a63857cca3adfa4fbc5cf22d06aefb/SRR23425847_counts.txt]]
[SRR23425856, [[id:SRR23425856, intrasample_id:0, single_end:1]], [/mnt/lts/nfs_fs02/bioinfo_core_jabsom/hanqiu/new_pipeline_test/work/5d/0b33fd84addf1e8dc32f4f921f3acf/SRR23425856_counts.txt]]
[SRR23425860, [[id:SRR23425860, intrasample_id:0, single_end:1]], [/mnt/lts/nfs_fs02/bioinfo_core_jabsom/hanqiu/new_pipeline_test/work/1f/31671804e6051013824e894a229928/SRR23425860_counts.txt]]
[SRR23425836, [[id:SRR23425836, intrasample_id:0, single_end:1]], [/mnt/lts/nfs_fs02/bioinfo_core_jabsom/hanqiu/new_pipeline_test/work/f3/51d7b28cfc9447fd04b9d0b1a71b80/SRR23425836_counts.txt]]
[SRR23425859, [[id:SRR23425859, intrasample_id:0, single_end:1]], [/mnt/lts/nfs_fs02/bioinfo_core_jabsom/hanqiu/new_pipeline_test/work/be/771593cacbb7f9a264a9e62b83d311/SRR23425859_counts.txt]]
[SRR23425855, [[id:SRR23425855, intrasample_id:0, single_end:1]], [/mnt/lts/nfs_fs02/bioinfo_core_jabsom/hanqiu/new_pipeline_test/work/ab/df04f11e8df6267c15df441a44d6cf/SRR23425855_counts.txt]]
[SRR23425863, [[id:SRR23425863, intrasample_id:0, single_end:1]], [/mnt/lts/nfs_fs02/bioinfo_core_jabsom/hanqiu/new_pipeline_test/work/de/2f80d0f0b24592d04d7a1d0fd30174/SRR23425863_counts.txt]]
[SRR23425864, [[id:SRR23425864, intrasample_id:0, single_end:1]], [/mnt/lts/nfs_fs02/bioinfo_core_jabsom/hanqiu/new_pipeline_test/work/b2/b667c247d24e05c8b365d7b0f625dd/SRR23425864_counts.txt]]
[SRR23425858, [[id:SRR23425858, intrasample_id:0, single_end:1]], [/mnt/lts/nfs_fs02/bioinfo_core_jabsom/hanqiu/new_pipeline_test/work/8b/d58e0d4f88211529b300df67220fab/SRR23425858_counts.txt]]
[SRR23425862, [[id:SRR23425862, intrasample_id:0, single_end:1]], [/mnt/lts/nfs_fs02/bioinfo_core_jabsom/hanqiu/new_pipeline_test/work/f2/e6a2b30311c42e1d335100835c7603/SRR23425862_counts.txt]]
[SRR23425865, [[id:SRR23425865, intrasample_id:0, single_end:1]], [/mnt/lts/nfs_fs02/bioinfo_core_jabsom/hanqiu/new_pipeline_test/work/f7/080db283dccdebc6c9c5122de62df1/SRR23425865_counts.txt]]
[SRR23425867, [[id:SRR23425867, intrasample_id:0, single_end:1]], [/mnt/lts/nfs_fs02/bioinfo_core_jabsom/hanqiu/new_pipeline_test/work/5b/37173e419babec5c4c0341e67a7691/SRR23425867_counts.txt]]
[SRR23425866, [[id:SRR23425866, intrasample_id:0, single_end:1]], [/mnt/lts/nfs_fs02/bioinfo_core_jabsom/hanqiu/new_pipeline_test/work/c1/497f8e5f1f34763e3a6b97ee3f3ff3/SRR23425866_counts.txt]]
[SRR23425837, [[id:SRR23425837, intrasample_id:0, single_end:1]], [/mnt/lts/nfs_fs02/bioinfo_core_jabsom/hanqiu/new_pipeline_test/work/30/8f5d8e976913055b8d48e7e1d20b65/SRR23425837_counts.txt]]
[SRR23425850, [[id:SRR23425850, intrasample_id:0, single_end:1]], [/mnt/lts/nfs_fs02/bioinfo_core_jabsom/hanqiu/new_pipeline_test/work/e1/bb65f010d7163ecc6b94873c70ff9e/SRR23425850_counts.txt]]
[SRR23425845, [[id:SRR23425845, intrasample_id:0, single_end:1]], [/mnt/lts/nfs_fs02/bioinfo_core_jabsom/hanqiu/new_pipeline_test/work/73/0a6c3ca1d1bb5cbca5f6c819f848bd/SRR23425845_counts.txt]]
[SRR23425857, [[id:SRR23425857, intrasample_id:0, single_end:1]], [/mnt/lts/nfs_fs02/bioinfo_core_jabsom/hanqiu/new_pipeline_test/work/b5/338888e71aa7b68cbc0bae16623b54/SRR23425857_counts.txt]]
[SRR23425851, [[id:SRR23425851, intrasample_id:0, single_end:1]], [/mnt/lts/nfs_fs02/bioinfo_core_jabsom/hanqiu/new_pipeline_test/work/cb/53de12d0c992e99db53495953b0f7d/SRR23425851_counts.txt]]
[SRR23425854, [[id:SRR23425854, intrasample_id:0, single_end:1]], [/mnt/lts/nfs_fs02/bioinfo_core_jabsom/hanqiu/new_pipeline_test/work/76/35cceebbeed761f60a8c7a1937c4de/SRR23425854_counts.txt]]
[SRR23425852, [[id:SRR23425852, intrasample_id:0, single_end:1]], [/mnt/lts/nfs_fs02/bioinfo_core_jabsom/hanqiu/new_pipeline_test/work/6b/eaeee08226fcb31a9a6a690941d57d/SRR23425852_counts.txt]]
[SRR23425842, [[id:SRR23425842, intrasample_id:0, single_end:1]], [/mnt/lts/nfs_fs02/bioinfo_core_jabsom/hanqiu/new_pipeline_test/work/e7/cfb77a1d6b7e3caed1b84fe8e13566/SRR23425842_counts.txt]]

executor >  slurm (414)
[42/5df762] process > NFCORE_SMRNASEQ:SMRNASEQ:IN... [100%] 1 of 1 ✔
[-        ] process > NFCORE_SMRNASEQ:SMRNASEQ:CA... -
[f6/dbdb26] process > NFCORE_SMRNASEQ:SMRNASEQ:FA... [100%] 36 of 36 ✔
[8d/39736e] process > NFCORE_SMRNASEQ:SMRNASEQ:FA... [100%] 36 of 36 ✔
[80/e7ad7f] process > NFCORE_SMRNASEQ:SMRNASEQ:FA... [100%] 36 of 36 ✔
[bd/eed07e] process > NFCORE_SMRNASEQ:SMRNASEQ:MI... [100%] 36 of 36 ✔
[dc/eb752f] process > NFCORE_SMRNASEQ:SMRNASEQ:GE... [100%] 1 of 1 ✔
[11/50caec] process > NFCORE_SMRNASEQ:SMRNASEQ:GE... [100%] 36 of 36 ✔
[99/67af03] process > NFCORE_SMRNASEQ:SMRNASEQ:GE... [100%] 36 of 36 ✔
[4b/6ec149] process > NFCORE_SMRNASEQ:SMRNASEQ:GE... [100%] 36 of 36 ✔
[-        ] process > NFCORE_SMRNASEQ:SMRNASEQ:GE... -
[08/fd358e] process > NFCORE_SMRNASEQ:SMRNASEQ:GE... [100%] 36 of 36 ✔
[cb/0f63e4] process > NFCORE_SMRNASEQ:SMRNASEQ:GE... [100%] 36 of 36 ✔
[aa/8ad2bf] process > NFCORE_SMRNASEQ:SMRNASEQ:GE... [100%] 36 of 36 ✔
[e7/cfb77a] process > NFCORE_SMRNASEQ:SMRNASEQ:GE... [100%] 36 of 36 ✔
[e2/d35aa2] process > NFCORE_SMRNASEQ:SMRNASEQ:GE... [  0%] 0 of 36
[SRR23425841, [[id:SRR23425841, intrasample_id:0, single_end:1]], [/mnt/lts/nfs_fs02/bioinfo_core_jabsom/hanqiu/new_pipeline_test/work/d5/78a31bd5e1f138524ead7839ce5607/SRR23425841_counts.txt]]
[SRR23425833, [[id:SRR23425833, intrasample_id:0, single_end:1]], [/mnt/lts/nfs_fs02/bioinfo_core_jabsom/hanqiu/new_pipeline_test/work/a3/128ce768ddef574da707f673ca57a8/SRR23425833_counts.txt]]
[SRR23425834, [[id:SRR23425834, intrasample_id:0, single_end:1]], [/mnt/lts/nfs_fs02/bioinfo_core_jabsom/hanqiu/new_pipeline_test/work/4a/4bce779ec6100d82412c861e254cb5/SRR23425834_counts.txt]]
[SRR23425835, [[id:SRR23425835, intrasample_id:0, single_end:1]], [/mnt/lts/nfs_fs02/bioinfo_core_jabsom/hanqiu/new_pipeline_test/work/f2/5a38abc68120a75aecfe029bd680ca/SRR23425835_counts.txt]]
[SRR23425838, [[id:SRR23425838, intrasample_id:0, single_end:1]], [/mnt/lts/nfs_fs02/bioinfo_core_jabsom/hanqiu/new_pipeline_test/work/df/a7a571617fc884cef5f356c11ce32e/SRR23425838_counts.txt]]
[SRR23425843, [[id:SRR23425843, intrasample_id:0, single_end:1]], [/mnt/lts/nfs_fs02/bioinfo_core_jabsom/hanqiu/new_pipeline_test/work/a7/ba029d1384a88711647efaffbc70f4/SRR23425843_counts.txt]]
[SRR23425844, [[id:SRR23425844, intrasample_id:0, single_end:1]], [/mnt/lts/nfs_fs02/bioinfo_core_jabsom/hanqiu/new_pipeline_test/work/8f/b0e4af3c099c2c53f4d8dca58b5d61/SRR23425844_counts.txt]]
[SRR23425832, [[id:SRR23425832, intrasample_id:0, single_end:1]], [/mnt/lts/nfs_fs02/bioinfo_core_jabsom/hanqiu/new_pipeline_test/work/fb/74f2d5285df46f2af23dc6bda8ef9d/SRR23425832_counts.txt]]
[SRR23425846, [[id:SRR23425846, intrasample_id:0, single_end:1]], [/mnt/lts/nfs_fs02/bioinfo_core_jabsom/hanqiu/new_pipeline_test/work/5a/4b64051386b6a046c1a48178e4a5a6/SRR23425846_counts.txt]]
[SRR23425853, [[id:SRR23425853, intrasample_id:0, single_end:1]], [/mnt/lts/nfs_fs02/bioinfo_core_jabsom/hanqiu/new_pipeline_test/work/1c/f72451831778b884f48784cb96bdd7/SRR23425853_counts.txt]]
[SRR23425839, [[id:SRR23425839, intrasample_id:0, single_end:1]], [/mnt/lts/nfs_fs02/bioinfo_core_jabsom/hanqiu/new_pipeline_test/work/26/edc1bad37e44a9cc3f8174b1d26069/SRR23425839_counts.txt]]
[SRR23425840, [[id:SRR23425840, intrasample_id:0, single_end:1]], [/mnt/lts/nfs_fs02/bioinfo_core_jabsom/hanqiu/new_pipeline_test/work/27/b4295aadbe453666602076e156a371/SRR23425840_counts.txt]]
[SRR23425848, [[id:SRR23425848, intrasample_id:0, single_end:1]], [/mnt/lts/nfs_fs02/bioinfo_core_jabsom/hanqiu/new_pipeline_test/work/53/37e0ff81ebd3b0a7ca809873e48abb/SRR23425848_counts.txt]]
[SRR23425849, [[id:SRR23425849, intrasample_id:0, single_end:1]], [/mnt/lts/nfs_fs02/bioinfo_core_jabsom/hanqiu/new_pipeline_test/work/bc/f655c8ddf7c2b96f275051fb4710e9/SRR23425849_counts.txt]]
[SRR23425861, [[id:SRR23425861, intrasample_id:0, single_end:1]], [/mnt/lts/nfs_fs02/bioinfo_core_jabsom/hanqiu/new_pipeline_test/work/8b/441f045bba768b41fe636fe86d47f3/SRR23425861_counts.txt]]
[SRR23425847, [[id:SRR23425847, intrasample_id:0, single_end:1]], [/mnt/lts/nfs_fs02/bioinfo_core_jabsom/hanqiu/new_pipeline_test/work/29/a63857cca3adfa4fbc5cf22d06aefb/SRR23425847_counts.txt]]
[SRR23425856, [[id:SRR23425856, intrasample_id:0, single_end:1]], [/mnt/lts/nfs_fs02/bioinfo_core_jabsom/hanqiu/new_pipeline_test/work/5d/0b33fd84addf1e8dc32f4f921f3acf/SRR23425856_counts.txt]]
[SRR23425860, [[id:SRR23425860, intrasample_id:0, single_end:1]], [/mnt/lts/nfs_fs02/bioinfo_core_jabsom/hanqiu/new_pipeline_test/work/1f/31671804e6051013824e894a229928/SRR23425860_counts.txt]]
[SRR23425836, [[id:SRR23425836, intrasample_id:0, single_end:1]], [/mnt/lts/nfs_fs02/bioinfo_core_jabsom/hanqiu/new_pipeline_test/work/f3/51d7b28cfc9447fd04b9d0b1a71b80/SRR23425836_counts.txt]]
[SRR23425859, [[id:SRR23425859, intrasample_id:0, single_end:1]], [/mnt/lts/nfs_fs02/bioinfo_core_jabsom/hanqiu/new_pipeline_test/work/be/771593cacbb7f9a264a9e62b83d311/SRR23425859_counts.txt]]
[SRR23425855, [[id:SRR23425855, intrasample_id:0, single_end:1]], [/mnt/lts/nfs_fs02/bioinfo_core_jabsom/hanqiu/new_pipeline_test/work/ab/df04f11e8df6267c15df441a44d6cf/SRR23425855_counts.txt]]
[SRR23425863, [[id:SRR23425863, intrasample_id:0, single_end:1]], [/mnt/lts/nfs_fs02/bioinfo_core_jabsom/hanqiu/new_pipeline_test/work/de/2f80d0f0b24592d04d7a1d0fd30174/SRR23425863_counts.txt]]
[SRR23425864, [[id:SRR23425864, intrasample_id:0, single_end:1]], [/mnt/lts/nfs_fs02/bioinfo_core_jabsom/hanqiu/new_pipeline_test/work/b2/b667c247d24e05c8b365d7b0f625dd/SRR23425864_counts.txt]]
[SRR23425858, [[id:SRR23425858, intrasample_id:0, single_end:1]], [/mnt/lts/nfs_fs02/bioinfo_core_jabsom/hanqiu/new_pipeline_test/work/8b/d58e0d4f88211529b300df67220fab/SRR23425858_counts.txt]]
[SRR23425862, [[id:SRR23425862, intrasample_id:0, single_end:1]], [/mnt/lts/nfs_fs02/bioinfo_core_jabsom/hanqiu/new_pipeline_test/work/f2/e6a2b30311c42e1d335100835c7603/SRR23425862_counts.txt]]
[SRR23425865, [[id:SRR23425865, intrasample_id:0, single_end:1]], [/mnt/lts/nfs_fs02/bioinfo_core_jabsom/hanqiu/new_pipeline_test/work/f7/080db283dccdebc6c9c5122de62df1/SRR23425865_counts.txt]]
[SRR23425867, [[id:SRR23425867, intrasample_id:0, single_end:1]], [/mnt/lts/nfs_fs02/bioinfo_core_jabsom/hanqiu/new_pipeline_test/work/5b/37173e419babec5c4c0341e67a7691/SRR23425867_counts.txt]]
[SRR23425866, [[id:SRR23425866, intrasample_id:0, single_end:1]], [/mnt/lts/nfs_fs02/bioinfo_core_jabsom/hanqiu/new_pipeline_test/work/c1/497f8e5f1f34763e3a6b97ee3f3ff3/SRR23425866_counts.txt]]
[SRR23425837, [[id:SRR23425837, intrasample_id:0, single_end:1]], [/mnt/lts/nfs_fs02/bioinfo_core_jabsom/hanqiu/new_pipeline_test/work/30/8f5d8e976913055b8d48e7e1d20b65/SRR23425837_counts.txt]]
[SRR23425850, [[id:SRR23425850, intrasample_id:0, single_end:1]], [/mnt/lts/nfs_fs02/bioinfo_core_jabsom/hanqiu/new_pipeline_test/work/e1/bb65f010d7163ecc6b94873c70ff9e/SRR23425850_counts.txt]]
[SRR23425845, [[id:SRR23425845, intrasample_id:0, single_end:1]], [/mnt/lts/nfs_fs02/bioinfo_core_jabsom/hanqiu/new_pipeline_test/work/73/0a6c3ca1d1bb5cbca5f6c819f848bd/SRR23425845_counts.txt]]
[SRR23425857, [[id:SRR23425857, intrasample_id:0, single_end:1]], [/mnt/lts/nfs_fs02/bioinfo_core_jabsom/hanqiu/new_pipeline_test/work/b5/338888e71aa7b68cbc0bae16623b54/SRR23425857_counts.txt]]
[SRR23425851, [[id:SRR23425851, intrasample_id:0, single_end:1]], [/mnt/lts/nfs_fs02/bioinfo_core_jabsom/hanqiu/new_pipeline_test/work/cb/53de12d0c992e99db53495953b0f7d/SRR23425851_counts.txt]]
[SRR23425854, [[id:SRR23425854, intrasample_id:0, single_end:1]], [/mnt/lts/nfs_fs02/bioinfo_core_jabsom/hanqiu/new_pipeline_test/work/76/35cceebbeed761f60a8c7a1937c4de/SRR23425854_counts.txt]]
[SRR23425852, [[id:SRR23425852, intrasample_id:0, single_end:1]], [/mnt/lts/nfs_fs02/bioinfo_core_jabsom/hanqiu/new_pipeline_test/work/6b/eaeee08226fcb31a9a6a690941d57d/SRR23425852_counts.txt]]
[SRR23425842, [[id:SRR23425842, intrasample_id:0, single_end:1]], [/mnt/lts/nfs_fs02/bioinfo_core_jabsom/hanqiu/new_pipeline_test/work/e7/cfb77a1d6b7e3caed1b84fe8e13566/SRR23425842_counts.txt]]

executor >  slurm (418)
[42/5df762] process > NFCORE_SMRNASEQ:SMRNASEQ:IN... [100%] 1 of 1 ✔
[-        ] process > NFCORE_SMRNASEQ:SMRNASEQ:CA... -
[f6/dbdb26] process > NFCORE_SMRNASEQ:SMRNASEQ:FA... [100%] 36 of 36 ✔
[8d/39736e] process > NFCORE_SMRNASEQ:SMRNASEQ:FA... [100%] 36 of 36 ✔
[80/e7ad7f] process > NFCORE_SMRNASEQ:SMRNASEQ:FA... [100%] 36 of 36 ✔
[bd/eed07e] process > NFCORE_SMRNASEQ:SMRNASEQ:MI... [100%] 36 of 36 ✔
[dc/eb752f] process > NFCORE_SMRNASEQ:SMRNASEQ:GE... [100%] 1 of 1 ✔
[11/50caec] process > NFCORE_SMRNASEQ:SMRNASEQ:GE... [100%] 36 of 36 ✔
[99/67af03] process > NFCORE_SMRNASEQ:SMRNASEQ:GE... [100%] 36 of 36 ✔
[4b/6ec149] process > NFCORE_SMRNASEQ:SMRNASEQ:GE... [100%] 36 of 36 ✔
[-        ] process > NFCORE_SMRNASEQ:SMRNASEQ:GE... -
[08/fd358e] process > NFCORE_SMRNASEQ:SMRNASEQ:GE... [100%] 36 of 36 ✔
[cb/0f63e4] process > NFCORE_SMRNASEQ:SMRNASEQ:GE... [100%] 36 of 36 ✔
[aa/8ad2bf] process > NFCORE_SMRNASEQ:SMRNASEQ:GE... [100%] 36 of 36 ✔
[e7/cfb77a] process > NFCORE_SMRNASEQ:SMRNASEQ:GE... [100%] 36 of 36 ✔
[5d/8a0125] process > NFCORE_SMRNASEQ:SMRNASEQ:GE... [  0%] 0 of 36
[SRR23425841, [[id:SRR23425841, intrasample_id:0, single_end:1]], [/mnt/lts/nfs_fs02/bioinfo_core_jabsom/hanqiu/new_pipeline_test/work/d5/78a31bd5e1f138524ead7839ce5607/SRR23425841_counts.txt]]
[SRR23425833, [[id:SRR23425833, intrasample_id:0, single_end:1]], [/mnt/lts/nfs_fs02/bioinfo_core_jabsom/hanqiu/new_pipeline_test/work/a3/128ce768ddef574da707f673ca57a8/SRR23425833_counts.txt]]
[SRR23425834, [[id:SRR23425834, intrasample_id:0, single_end:1]], [/mnt/lts/nfs_fs02/bioinfo_core_jabsom/hanqiu/new_pipeline_test/work/4a/4bce779ec6100d82412c861e254cb5/SRR23425834_counts.txt]]
[SRR23425835, [[id:SRR23425835, intrasample_id:0, single_end:1]], [/mnt/lts/nfs_fs02/bioinfo_core_jabsom/hanqiu/new_pipeline_test/work/f2/5a38abc68120a75aecfe029bd680ca/SRR23425835_counts.txt]]
[SRR23425838, [[id:SRR23425838, intrasample_id:0, single_end:1]], [/mnt/lts/nfs_fs02/bioinfo_core_jabsom/hanqiu/new_pipeline_test/work/df/a7a571617fc884cef5f356c11ce32e/SRR23425838_counts.txt]]
[SRR23425843, [[id:SRR23425843, intrasample_id:0, single_end:1]], [/mnt/lts/nfs_fs02/bioinfo_core_jabsom/hanqiu/new_pipeline_test/work/a7/ba029d1384a88711647efaffbc70f4/SRR23425843_counts.txt]]
[SRR23425844, [[id:SRR23425844, intrasample_id:0, single_end:1]], [/mnt/lts/nfs_fs02/bioinfo_core_jabsom/hanqiu/new_pipeline_test/work/8f/b0e4af3c099c2c53f4d8dca58b5d61/SRR23425844_counts.txt]]
[SRR23425832, [[id:SRR23425832, intrasample_id:0, single_end:1]], [/mnt/lts/nfs_fs02/bioinfo_core_jabsom/hanqiu/new_pipeline_test/work/fb/74f2d5285df46f2af23dc6bda8ef9d/SRR23425832_counts.txt]]
[SRR23425846, [[id:SRR23425846, intrasample_id:0, single_end:1]], [/mnt/lts/nfs_fs02/bioinfo_core_jabsom/hanqiu/new_pipeline_test/work/5a/4b64051386b6a046c1a48178e4a5a6/SRR23425846_counts.txt]]
[SRR23425853, [[id:SRR23425853, intrasample_id:0, single_end:1]], [/mnt/lts/nfs_fs02/bioinfo_core_jabsom/hanqiu/new_pipeline_test/work/1c/f72451831778b884f48784cb96bdd7/SRR23425853_counts.txt]]
[SRR23425839, [[id:SRR23425839, intrasample_id:0, single_end:1]], [/mnt/lts/nfs_fs02/bioinfo_core_jabsom/hanqiu/new_pipeline_test/work/26/edc1bad37e44a9cc3f8174b1d26069/SRR23425839_counts.txt]]
[SRR23425840, [[id:SRR23425840, intrasample_id:0, single_end:1]], [/mnt/lts/nfs_fs02/bioinfo_core_jabsom/hanqiu/new_pipeline_test/work/27/b4295aadbe453666602076e156a371/SRR23425840_counts.txt]]
[SRR23425848, [[id:SRR23425848, intrasample_id:0, single_end:1]], [/mnt/lts/nfs_fs02/bioinfo_core_jabsom/hanqiu/new_pipeline_test/work/53/37e0ff81ebd3b0a7ca809873e48abb/SRR23425848_counts.txt]]
[SRR23425849, [[id:SRR23425849, intrasample_id:0, single_end:1]], [/mnt/lts/nfs_fs02/bioinfo_core_jabsom/hanqiu/new_pipeline_test/work/bc/f655c8ddf7c2b96f275051fb4710e9/SRR23425849_counts.txt]]
[SRR23425861, [[id:SRR23425861, intrasample_id:0, single_end:1]], [/mnt/lts/nfs_fs02/bioinfo_core_jabsom/hanqiu/new_pipeline_test/work/8b/441f045bba768b41fe636fe86d47f3/SRR23425861_counts.txt]]
[SRR23425847, [[id:SRR23425847, intrasample_id:0, single_end:1]], [/mnt/lts/nfs_fs02/bioinfo_core_jabsom/hanqiu/new_pipeline_test/work/29/a63857cca3adfa4fbc5cf22d06aefb/SRR23425847_counts.txt]]
[SRR23425856, [[id:SRR23425856, intrasample_id:0, single_end:1]], [/mnt/lts/nfs_fs02/bioinfo_core_jabsom/hanqiu/new_pipeline_test/work/5d/0b33fd84addf1e8dc32f4f921f3acf/SRR23425856_counts.txt]]
[SRR23425860, [[id:SRR23425860, intrasample_id:0, single_end:1]], [/mnt/lts/nfs_fs02/bioinfo_core_jabsom/hanqiu/new_pipeline_test/work/1f/31671804e6051013824e894a229928/SRR23425860_counts.txt]]
[SRR23425836, [[id:SRR23425836, intrasample_id:0, single_end:1]], [/mnt/lts/nfs_fs02/bioinfo_core_jabsom/hanqiu/new_pipeline_test/work/f3/51d7b28cfc9447fd04b9d0b1a71b80/SRR23425836_counts.txt]]
[SRR23425859, [[id:SRR23425859, intrasample_id:0, single_end:1]], [/mnt/lts/nfs_fs02/bioinfo_core_jabsom/hanqiu/new_pipeline_test/work/be/771593cacbb7f9a264a9e62b83d311/SRR23425859_counts.txt]]
[SRR23425855, [[id:SRR23425855, intrasample_id:0, single_end:1]], [/mnt/lts/nfs_fs02/bioinfo_core_jabsom/hanqiu/new_pipeline_test/work/ab/df04f11e8df6267c15df441a44d6cf/SRR23425855_counts.txt]]
[SRR23425863, [[id:SRR23425863, intrasample_id:0, single_end:1]], [/mnt/lts/nfs_fs02/bioinfo_core_jabsom/hanqiu/new_pipeline_test/work/de/2f80d0f0b24592d04d7a1d0fd30174/SRR23425863_counts.txt]]
[SRR23425864, [[id:SRR23425864, intrasample_id:0, single_end:1]], [/mnt/lts/nfs_fs02/bioinfo_core_jabsom/hanqiu/new_pipeline_test/work/b2/b667c247d24e05c8b365d7b0f625dd/SRR23425864_counts.txt]]
[SRR23425858, [[id:SRR23425858, intrasample_id:0, single_end:1]], [/mnt/lts/nfs_fs02/bioinfo_core_jabsom/hanqiu/new_pipeline_test/work/8b/d58e0d4f88211529b300df67220fab/SRR23425858_counts.txt]]
[SRR23425862, [[id:SRR23425862, intrasample_id:0, single_end:1]], [/mnt/lts/nfs_fs02/bioinfo_core_jabsom/hanqiu/new_pipeline_test/work/f2/e6a2b30311c42e1d335100835c7603/SRR23425862_counts.txt]]
[SRR23425865, [[id:SRR23425865, intrasample_id:0, single_end:1]], [/mnt/lts/nfs_fs02/bioinfo_core_jabsom/hanqiu/new_pipeline_test/work/f7/080db283dccdebc6c9c5122de62df1/SRR23425865_counts.txt]]
[SRR23425867, [[id:SRR23425867, intrasample_id:0, single_end:1]], [/mnt/lts/nfs_fs02/bioinfo_core_jabsom/hanqiu/new_pipeline_test/work/5b/37173e419babec5c4c0341e67a7691/SRR23425867_counts.txt]]
[SRR23425866, [[id:SRR23425866, intrasample_id:0, single_end:1]], [/mnt/lts/nfs_fs02/bioinfo_core_jabsom/hanqiu/new_pipeline_test/work/c1/497f8e5f1f34763e3a6b97ee3f3ff3/SRR23425866_counts.txt]]
[SRR23425837, [[id:SRR23425837, intrasample_id:0, single_end:1]], [/mnt/lts/nfs_fs02/bioinfo_core_jabsom/hanqiu/new_pipeline_test/work/30/8f5d8e976913055b8d48e7e1d20b65/SRR23425837_counts.txt]]
[SRR23425850, [[id:SRR23425850, intrasample_id:0, single_end:1]], [/mnt/lts/nfs_fs02/bioinfo_core_jabsom/hanqiu/new_pipeline_test/work/e1/bb65f010d7163ecc6b94873c70ff9e/SRR23425850_counts.txt]]
[SRR23425845, [[id:SRR23425845, intrasample_id:0, single_end:1]], [/mnt/lts/nfs_fs02/bioinfo_core_jabsom/hanqiu/new_pipeline_test/work/73/0a6c3ca1d1bb5cbca5f6c819f848bd/SRR23425845_counts.txt]]
[SRR23425857, [[id:SRR23425857, intrasample_id:0, single_end:1]], [/mnt/lts/nfs_fs02/bioinfo_core_jabsom/hanqiu/new_pipeline_test/work/b5/338888e71aa7b68cbc0bae16623b54/SRR23425857_counts.txt]]
[SRR23425851, [[id:SRR23425851, intrasample_id:0, single_end:1]], [/mnt/lts/nfs_fs02/bioinfo_core_jabsom/hanqiu/new_pipeline_test/work/cb/53de12d0c992e99db53495953b0f7d/SRR23425851_counts.txt]]
[SRR23425854, [[id:SRR23425854, intrasample_id:0, single_end:1]], [/mnt/lts/nfs_fs02/bioinfo_core_jabsom/hanqiu/new_pipeline_test/work/76/35cceebbeed761f60a8c7a1937c4de/SRR23425854_counts.txt]]
[SRR23425852, [[id:SRR23425852, intrasample_id:0, single_end:1]], [/mnt/lts/nfs_fs02/bioinfo_core_jabsom/hanqiu/new_pipeline_test/work/6b/eaeee08226fcb31a9a6a690941d57d/SRR23425852_counts.txt]]
[SRR23425842, [[id:SRR23425842, intrasample_id:0, single_end:1]], [/mnt/lts/nfs_fs02/bioinfo_core_jabsom/hanqiu/new_pipeline_test/work/e7/cfb77a1d6b7e3caed1b84fe8e13566/SRR23425842_counts.txt]]

executor >  slurm (421)
[42/5df762] process > NFCORE_SMRNASEQ:SMRNASEQ:IN... [100%] 1 of 1 ✔
[-        ] process > NFCORE_SMRNASEQ:SMRNASEQ:CA... -
[f6/dbdb26] process > NFCORE_SMRNASEQ:SMRNASEQ:FA... [100%] 36 of 36 ✔
[8d/39736e] process > NFCORE_SMRNASEQ:SMRNASEQ:FA... [100%] 36 of 36 ✔
[80/e7ad7f] process > NFCORE_SMRNASEQ:SMRNASEQ:FA... [100%] 36 of 36 ✔
[bd/eed07e] process > NFCORE_SMRNASEQ:SMRNASEQ:MI... [100%] 36 of 36 ✔
[dc/eb752f] process > NFCORE_SMRNASEQ:SMRNASEQ:GE... [100%] 1 of 1 ✔
[11/50caec] process > NFCORE_SMRNASEQ:SMRNASEQ:GE... [100%] 36 of 36 ✔
[99/67af03] process > NFCORE_SMRNASEQ:SMRNASEQ:GE... [100%] 36 of 36 ✔
[4b/6ec149] process > NFCORE_SMRNASEQ:SMRNASEQ:GE... [100%] 36 of 36 ✔
[-        ] process > NFCORE_SMRNASEQ:SMRNASEQ:GE... -
[08/fd358e] process > NFCORE_SMRNASEQ:SMRNASEQ:GE... [100%] 36 of 36 ✔
[cb/0f63e4] process > NFCORE_SMRNASEQ:SMRNASEQ:GE... [100%] 36 of 36 ✔
[aa/8ad2bf] process > NFCORE_SMRNASEQ:SMRNASEQ:GE... [100%] 36 of 36 ✔
[e7/cfb77a] process > NFCORE_SMRNASEQ:SMRNASEQ:GE... [100%] 36 of 36 ✔
[de/d426dc] process > NFCORE_SMRNASEQ:SMRNASEQ:GE... [  0%] 0 of 36
[SRR23425841, [[id:SRR23425841, intrasample_id:0, single_end:1]], [/mnt/lts/nfs_fs02/bioinfo_core_jabsom/hanqiu/new_pipeline_test/work/d5/78a31bd5e1f138524ead7839ce5607/SRR23425841_counts.txt]]
[SRR23425833, [[id:SRR23425833, intrasample_id:0, single_end:1]], [/mnt/lts/nfs_fs02/bioinfo_core_jabsom/hanqiu/new_pipeline_test/work/a3/128ce768ddef574da707f673ca57a8/SRR23425833_counts.txt]]
[SRR23425834, [[id:SRR23425834, intrasample_id:0, single_end:1]], [/mnt/lts/nfs_fs02/bioinfo_core_jabsom/hanqiu/new_pipeline_test/work/4a/4bce779ec6100d82412c861e254cb5/SRR23425834_counts.txt]]
[SRR23425835, [[id:SRR23425835, intrasample_id:0, single_end:1]], [/mnt/lts/nfs_fs02/bioinfo_core_jabsom/hanqiu/new_pipeline_test/work/f2/5a38abc68120a75aecfe029bd680ca/SRR23425835_counts.txt]]
[SRR23425838, [[id:SRR23425838, intrasample_id:0, single_end:1]], [/mnt/lts/nfs_fs02/bioinfo_core_jabsom/hanqiu/new_pipeline_test/work/df/a7a571617fc884cef5f356c11ce32e/SRR23425838_counts.txt]]
[SRR23425843, [[id:SRR23425843, intrasample_id:0, single_end:1]], [/mnt/lts/nfs_fs02/bioinfo_core_jabsom/hanqiu/new_pipeline_test/work/a7/ba029d1384a88711647efaffbc70f4/SRR23425843_counts.txt]]
[SRR23425844, [[id:SRR23425844, intrasample_id:0, single_end:1]], [/mnt/lts/nfs_fs02/bioinfo_core_jabsom/hanqiu/new_pipeline_test/work/8f/b0e4af3c099c2c53f4d8dca58b5d61/SRR23425844_counts.txt]]
[SRR23425832, [[id:SRR23425832, intrasample_id:0, single_end:1]], [/mnt/lts/nfs_fs02/bioinfo_core_jabsom/hanqiu/new_pipeline_test/work/fb/74f2d5285df46f2af23dc6bda8ef9d/SRR23425832_counts.txt]]
[SRR23425846, [[id:SRR23425846, intrasample_id:0, single_end:1]], [/mnt/lts/nfs_fs02/bioinfo_core_jabsom/hanqiu/new_pipeline_test/work/5a/4b64051386b6a046c1a48178e4a5a6/SRR23425846_counts.txt]]
[SRR23425853, [[id:SRR23425853, intrasample_id:0, single_end:1]], [/mnt/lts/nfs_fs02/bioinfo_core_jabsom/hanqiu/new_pipeline_test/work/1c/f72451831778b884f48784cb96bdd7/SRR23425853_counts.txt]]
[SRR23425839, [[id:SRR23425839, intrasample_id:0, single_end:1]], [/mnt/lts/nfs_fs02/bioinfo_core_jabsom/hanqiu/new_pipeline_test/work/26/edc1bad37e44a9cc3f8174b1d26069/SRR23425839_counts.txt]]
[SRR23425840, [[id:SRR23425840, intrasample_id:0, single_end:1]], [/mnt/lts/nfs_fs02/bioinfo_core_jabsom/hanqiu/new_pipeline_test/work/27/b4295aadbe453666602076e156a371/SRR23425840_counts.txt]]
[SRR23425848, [[id:SRR23425848, intrasample_id:0, single_end:1]], [/mnt/lts/nfs_fs02/bioinfo_core_jabsom/hanqiu/new_pipeline_test/work/53/37e0ff81ebd3b0a7ca809873e48abb/SRR23425848_counts.txt]]
[SRR23425849, [[id:SRR23425849, intrasample_id:0, single_end:1]], [/mnt/lts/nfs_fs02/bioinfo_core_jabsom/hanqiu/new_pipeline_test/work/bc/f655c8ddf7c2b96f275051fb4710e9/SRR23425849_counts.txt]]
[SRR23425861, [[id:SRR23425861, intrasample_id:0, single_end:1]], [/mnt/lts/nfs_fs02/bioinfo_core_jabsom/hanqiu/new_pipeline_test/work/8b/441f045bba768b41fe636fe86d47f3/SRR23425861_counts.txt]]
[SRR23425847, [[id:SRR23425847, intrasample_id:0, single_end:1]], [/mnt/lts/nfs_fs02/bioinfo_core_jabsom/hanqiu/new_pipeline_test/work/29/a63857cca3adfa4fbc5cf22d06aefb/SRR23425847_counts.txt]]
[SRR23425856, [[id:SRR23425856, intrasample_id:0, single_end:1]], [/mnt/lts/nfs_fs02/bioinfo_core_jabsom/hanqiu/new_pipeline_test/work/5d/0b33fd84addf1e8dc32f4f921f3acf/SRR23425856_counts.txt]]
[SRR23425860, [[id:SRR23425860, intrasample_id:0, single_end:1]], [/mnt/lts/nfs_fs02/bioinfo_core_jabsom/hanqiu/new_pipeline_test/work/1f/31671804e6051013824e894a229928/SRR23425860_counts.txt]]
[SRR23425836, [[id:SRR23425836, intrasample_id:0, single_end:1]], [/mnt/lts/nfs_fs02/bioinfo_core_jabsom/hanqiu/new_pipeline_test/work/f3/51d7b28cfc9447fd04b9d0b1a71b80/SRR23425836_counts.txt]]
[SRR23425859, [[id:SRR23425859, intrasample_id:0, single_end:1]], [/mnt/lts/nfs_fs02/bioinfo_core_jabsom/hanqiu/new_pipeline_test/work/be/771593cacbb7f9a264a9e62b83d311/SRR23425859_counts.txt]]
[SRR23425855, [[id:SRR23425855, intrasample_id:0, single_end:1]], [/mnt/lts/nfs_fs02/bioinfo_core_jabsom/hanqiu/new_pipeline_test/work/ab/df04f11e8df6267c15df441a44d6cf/SRR23425855_counts.txt]]
[SRR23425863, [[id:SRR23425863, intrasample_id:0, single_end:1]], [/mnt/lts/nfs_fs02/bioinfo_core_jabsom/hanqiu/new_pipeline_test/work/de/2f80d0f0b24592d04d7a1d0fd30174/SRR23425863_counts.txt]]
[SRR23425864, [[id:SRR23425864, intrasample_id:0, single_end:1]], [/mnt/lts/nfs_fs02/bioinfo_core_jabsom/hanqiu/new_pipeline_test/work/b2/b667c247d24e05c8b365d7b0f625dd/SRR23425864_counts.txt]]
[SRR23425858, [[id:SRR23425858, intrasample_id:0, single_end:1]], [/mnt/lts/nfs_fs02/bioinfo_core_jabsom/hanqiu/new_pipeline_test/work/8b/d58e0d4f88211529b300df67220fab/SRR23425858_counts.txt]]
[SRR23425862, [[id:SRR23425862, intrasample_id:0, single_end:1]], [/mnt/lts/nfs_fs02/bioinfo_core_jabsom/hanqiu/new_pipeline_test/work/f2/e6a2b30311c42e1d335100835c7603/SRR23425862_counts.txt]]
[SRR23425865, [[id:SRR23425865, intrasample_id:0, single_end:1]], [/mnt/lts/nfs_fs02/bioinfo_core_jabsom/hanqiu/new_pipeline_test/work/f7/080db283dccdebc6c9c5122de62df1/SRR23425865_counts.txt]]
[SRR23425867, [[id:SRR23425867, intrasample_id:0, single_end:1]], [/mnt/lts/nfs_fs02/bioinfo_core_jabsom/hanqiu/new_pipeline_test/work/5b/37173e419babec5c4c0341e67a7691/SRR23425867_counts.txt]]
[SRR23425866, [[id:SRR23425866, intrasample_id:0, single_end:1]], [/mnt/lts/nfs_fs02/bioinfo_core_jabsom/hanqiu/new_pipeline_test/work/c1/497f8e5f1f34763e3a6b97ee3f3ff3/SRR23425866_counts.txt]]
[SRR23425837, [[id:SRR23425837, intrasample_id:0, single_end:1]], [/mnt/lts/nfs_fs02/bioinfo_core_jabsom/hanqiu/new_pipeline_test/work/30/8f5d8e976913055b8d48e7e1d20b65/SRR23425837_counts.txt]]
[SRR23425850, [[id:SRR23425850, intrasample_id:0, single_end:1]], [/mnt/lts/nfs_fs02/bioinfo_core_jabsom/hanqiu/new_pipeline_test/work/e1/bb65f010d7163ecc6b94873c70ff9e/SRR23425850_counts.txt]]
[SRR23425845, [[id:SRR23425845, intrasample_id:0, single_end:1]], [/mnt/lts/nfs_fs02/bioinfo_core_jabsom/hanqiu/new_pipeline_test/work/73/0a6c3ca1d1bb5cbca5f6c819f848bd/SRR23425845_counts.txt]]
[SRR23425857, [[id:SRR23425857, intrasample_id:0, single_end:1]], [/mnt/lts/nfs_fs02/bioinfo_core_jabsom/hanqiu/new_pipeline_test/work/b5/338888e71aa7b68cbc0bae16623b54/SRR23425857_counts.txt]]
[SRR23425851, [[id:SRR23425851, intrasample_id:0, single_end:1]], [/mnt/lts/nfs_fs02/bioinfo_core_jabsom/hanqiu/new_pipeline_test/work/cb/53de12d0c992e99db53495953b0f7d/SRR23425851_counts.txt]]
[SRR23425854, [[id:SRR23425854, intrasample_id:0, single_end:1]], [/mnt/lts/nfs_fs02/bioinfo_core_jabsom/hanqiu/new_pipeline_test/work/76/35cceebbeed761f60a8c7a1937c4de/SRR23425854_counts.txt]]
[SRR23425852, [[id:SRR23425852, intrasample_id:0, single_end:1]], [/mnt/lts/nfs_fs02/bioinfo_core_jabsom/hanqiu/new_pipeline_test/work/6b/eaeee08226fcb31a9a6a690941d57d/SRR23425852_counts.txt]]
[SRR23425842, [[id:SRR23425842, intrasample_id:0, single_end:1]], [/mnt/lts/nfs_fs02/bioinfo_core_jabsom/hanqiu/new_pipeline_test/work/e7/cfb77a1d6b7e3caed1b84fe8e13566/SRR23425842_counts.txt]]

executor >  slurm (425)
[42/5df762] process > NFCORE_SMRNASEQ:SMRNASEQ:IN... [100%] 1 of 1 ✔
[-        ] process > NFCORE_SMRNASEQ:SMRNASEQ:CA... -
[f6/dbdb26] process > NFCORE_SMRNASEQ:SMRNASEQ:FA... [100%] 36 of 36 ✔
[8d/39736e] process > NFCORE_SMRNASEQ:SMRNASEQ:FA... [100%] 36 of 36 ✔
[80/e7ad7f] process > NFCORE_SMRNASEQ:SMRNASEQ:FA... [100%] 36 of 36 ✔
[bd/eed07e] process > NFCORE_SMRNASEQ:SMRNASEQ:MI... [100%] 36 of 36 ✔
[dc/eb752f] process > NFCORE_SMRNASEQ:SMRNASEQ:GE... [100%] 1 of 1 ✔
[11/50caec] process > NFCORE_SMRNASEQ:SMRNASEQ:GE... [100%] 36 of 36 ✔
[99/67af03] process > NFCORE_SMRNASEQ:SMRNASEQ:GE... [100%] 36 of 36 ✔
[4b/6ec149] process > NFCORE_SMRNASEQ:SMRNASEQ:GE... [100%] 36 of 36 ✔
[-        ] process > NFCORE_SMRNASEQ:SMRNASEQ:GE... -
[08/fd358e] process > NFCORE_SMRNASEQ:SMRNASEQ:GE... [100%] 36 of 36 ✔
[cb/0f63e4] process > NFCORE_SMRNASEQ:SMRNASEQ:GE... [100%] 36 of 36 ✔
[aa/8ad2bf] process > NFCORE_SMRNASEQ:SMRNASEQ:GE... [100%] 36 of 36 ✔
[e7/cfb77a] process > NFCORE_SMRNASEQ:SMRNASEQ:GE... [100%] 36 of 36 ✔
[21/39cb26] process > NFCORE_SMRNASEQ:SMRNASEQ:GE... [  0%] 0 of 36
[SRR23425841, [[id:SRR23425841, intrasample_id:0, single_end:1]], [/mnt/lts/nfs_fs02/bioinfo_core_jabsom/hanqiu/new_pipeline_test/work/d5/78a31bd5e1f138524ead7839ce5607/SRR23425841_counts.txt]]
[SRR23425833, [[id:SRR23425833, intrasample_id:0, single_end:1]], [/mnt/lts/nfs_fs02/bioinfo_core_jabsom/hanqiu/new_pipeline_test/work/a3/128ce768ddef574da707f673ca57a8/SRR23425833_counts.txt]]
[SRR23425834, [[id:SRR23425834, intrasample_id:0, single_end:1]], [/mnt/lts/nfs_fs02/bioinfo_core_jabsom/hanqiu/new_pipeline_test/work/4a/4bce779ec6100d82412c861e254cb5/SRR23425834_counts.txt]]
[SRR23425835, [[id:SRR23425835, intrasample_id:0, single_end:1]], [/mnt/lts/nfs_fs02/bioinfo_core_jabsom/hanqiu/new_pipeline_test/work/f2/5a38abc68120a75aecfe029bd680ca/SRR23425835_counts.txt]]
[SRR23425838, [[id:SRR23425838, intrasample_id:0, single_end:1]], [/mnt/lts/nfs_fs02/bioinfo_core_jabsom/hanqiu/new_pipeline_test/work/df/a7a571617fc884cef5f356c11ce32e/SRR23425838_counts.txt]]
[SRR23425843, [[id:SRR23425843, intrasample_id:0, single_end:1]], [/mnt/lts/nfs_fs02/bioinfo_core_jabsom/hanqiu/new_pipeline_test/work/a7/ba029d1384a88711647efaffbc70f4/SRR23425843_counts.txt]]
[SRR23425844, [[id:SRR23425844, intrasample_id:0, single_end:1]], [/mnt/lts/nfs_fs02/bioinfo_core_jabsom/hanqiu/new_pipeline_test/work/8f/b0e4af3c099c2c53f4d8dca58b5d61/SRR23425844_counts.txt]]
[SRR23425832, [[id:SRR23425832, intrasample_id:0, single_end:1]], [/mnt/lts/nfs_fs02/bioinfo_core_jabsom/hanqiu/new_pipeline_test/work/fb/74f2d5285df46f2af23dc6bda8ef9d/SRR23425832_counts.txt]]
[SRR23425846, [[id:SRR23425846, intrasample_id:0, single_end:1]], [/mnt/lts/nfs_fs02/bioinfo_core_jabsom/hanqiu/new_pipeline_test/work/5a/4b64051386b6a046c1a48178e4a5a6/SRR23425846_counts.txt]]
[SRR23425853, [[id:SRR23425853, intrasample_id:0, single_end:1]], [/mnt/lts/nfs_fs02/bioinfo_core_jabsom/hanqiu/new_pipeline_test/work/1c/f72451831778b884f48784cb96bdd7/SRR23425853_counts.txt]]
[SRR23425839, [[id:SRR23425839, intrasample_id:0, single_end:1]], [/mnt/lts/nfs_fs02/bioinfo_core_jabsom/hanqiu/new_pipeline_test/work/26/edc1bad37e44a9cc3f8174b1d26069/SRR23425839_counts.txt]]
[SRR23425840, [[id:SRR23425840, intrasample_id:0, single_end:1]], [/mnt/lts/nfs_fs02/bioinfo_core_jabsom/hanqiu/new_pipeline_test/work/27/b4295aadbe453666602076e156a371/SRR23425840_counts.txt]]
[SRR23425848, [[id:SRR23425848, intrasample_id:0, single_end:1]], [/mnt/lts/nfs_fs02/bioinfo_core_jabsom/hanqiu/new_pipeline_test/work/53/37e0ff81ebd3b0a7ca809873e48abb/SRR23425848_counts.txt]]
[SRR23425849, [[id:SRR23425849, intrasample_id:0, single_end:1]], [/mnt/lts/nfs_fs02/bioinfo_core_jabsom/hanqiu/new_pipeline_test/work/bc/f655c8ddf7c2b96f275051fb4710e9/SRR23425849_counts.txt]]
[SRR23425861, [[id:SRR23425861, intrasample_id:0, single_end:1]], [/mnt/lts/nfs_fs02/bioinfo_core_jabsom/hanqiu/new_pipeline_test/work/8b/441f045bba768b41fe636fe86d47f3/SRR23425861_counts.txt]]
[SRR23425847, [[id:SRR23425847, intrasample_id:0, single_end:1]], [/mnt/lts/nfs_fs02/bioinfo_core_jabsom/hanqiu/new_pipeline_test/work/29/a63857cca3adfa4fbc5cf22d06aefb/SRR23425847_counts.txt]]
[SRR23425856, [[id:SRR23425856, intrasample_id:0, single_end:1]], [/mnt/lts/nfs_fs02/bioinfo_core_jabsom/hanqiu/new_pipeline_test/work/5d/0b33fd84addf1e8dc32f4f921f3acf/SRR23425856_counts.txt]]
[SRR23425860, [[id:SRR23425860, intrasample_id:0, single_end:1]], [/mnt/lts/nfs_fs02/bioinfo_core_jabsom/hanqiu/new_pipeline_test/work/1f/31671804e6051013824e894a229928/SRR23425860_counts.txt]]
[SRR23425836, [[id:SRR23425836, intrasample_id:0, single_end:1]], [/mnt/lts/nfs_fs02/bioinfo_core_jabsom/hanqiu/new_pipeline_test/work/f3/51d7b28cfc9447fd04b9d0b1a71b80/SRR23425836_counts.txt]]
[SRR23425859, [[id:SRR23425859, intrasample_id:0, single_end:1]], [/mnt/lts/nfs_fs02/bioinfo_core_jabsom/hanqiu/new_pipeline_test/work/be/771593cacbb7f9a264a9e62b83d311/SRR23425859_counts.txt]]
[SRR23425855, [[id:SRR23425855, intrasample_id:0, single_end:1]], [/mnt/lts/nfs_fs02/bioinfo_core_jabsom/hanqiu/new_pipeline_test/work/ab/df04f11e8df6267c15df441a44d6cf/SRR23425855_counts.txt]]
[SRR23425863, [[id:SRR23425863, intrasample_id:0, single_end:1]], [/mnt/lts/nfs_fs02/bioinfo_core_jabsom/hanqiu/new_pipeline_test/work/de/2f80d0f0b24592d04d7a1d0fd30174/SRR23425863_counts.txt]]
[SRR23425864, [[id:SRR23425864, intrasample_id:0, single_end:1]], [/mnt/lts/nfs_fs02/bioinfo_core_jabsom/hanqiu/new_pipeline_test/work/b2/b667c247d24e05c8b365d7b0f625dd/SRR23425864_counts.txt]]
[SRR23425858, [[id:SRR23425858, intrasample_id:0, single_end:1]], [/mnt/lts/nfs_fs02/bioinfo_core_jabsom/hanqiu/new_pipeline_test/work/8b/d58e0d4f88211529b300df67220fab/SRR23425858_counts.txt]]
[SRR23425862, [[id:SRR23425862, intrasample_id:0, single_end:1]], [/mnt/lts/nfs_fs02/bioinfo_core_jabsom/hanqiu/new_pipeline_test/work/f2/e6a2b30311c42e1d335100835c7603/SRR23425862_counts.txt]]
[SRR23425865, [[id:SRR23425865, intrasample_id:0, single_end:1]], [/mnt/lts/nfs_fs02/bioinfo_core_jabsom/hanqiu/new_pipeline_test/work/f7/080db283dccdebc6c9c5122de62df1/SRR23425865_counts.txt]]
[SRR23425867, [[id:SRR23425867, intrasample_id:0, single_end:1]], [/mnt/lts/nfs_fs02/bioinfo_core_jabsom/hanqiu/new_pipeline_test/work/5b/37173e419babec5c4c0341e67a7691/SRR23425867_counts.txt]]
[SRR23425866, [[id:SRR23425866, intrasample_id:0, single_end:1]], [/mnt/lts/nfs_fs02/bioinfo_core_jabsom/hanqiu/new_pipeline_test/work/c1/497f8e5f1f34763e3a6b97ee3f3ff3/SRR23425866_counts.txt]]
[SRR23425837, [[id:SRR23425837, intrasample_id:0, single_end:1]], [/mnt/lts/nfs_fs02/bioinfo_core_jabsom/hanqiu/new_pipeline_test/work/30/8f5d8e976913055b8d48e7e1d20b65/SRR23425837_counts.txt]]
[SRR23425850, [[id:SRR23425850, intrasample_id:0, single_end:1]], [/mnt/lts/nfs_fs02/bioinfo_core_jabsom/hanqiu/new_pipeline_test/work/e1/bb65f010d7163ecc6b94873c70ff9e/SRR23425850_counts.txt]]
[SRR23425845, [[id:SRR23425845, intrasample_id:0, single_end:1]], [/mnt/lts/nfs_fs02/bioinfo_core_jabsom/hanqiu/new_pipeline_test/work/73/0a6c3ca1d1bb5cbca5f6c819f848bd/SRR23425845_counts.txt]]
[SRR23425857, [[id:SRR23425857, intrasample_id:0, single_end:1]], [/mnt/lts/nfs_fs02/bioinfo_core_jabsom/hanqiu/new_pipeline_test/work/b5/338888e71aa7b68cbc0bae16623b54/SRR23425857_counts.txt]]
[SRR23425851, [[id:SRR23425851, intrasample_id:0, single_end:1]], [/mnt/lts/nfs_fs02/bioinfo_core_jabsom/hanqiu/new_pipeline_test/work/cb/53de12d0c992e99db53495953b0f7d/SRR23425851_counts.txt]]
[SRR23425854, [[id:SRR23425854, intrasample_id:0, single_end:1]], [/mnt/lts/nfs_fs02/bioinfo_core_jabsom/hanqiu/new_pipeline_test/work/76/35cceebbeed761f60a8c7a1937c4de/SRR23425854_counts.txt]]
[SRR23425852, [[id:SRR23425852, intrasample_id:0, single_end:1]], [/mnt/lts/nfs_fs02/bioinfo_core_jabsom/hanqiu/new_pipeline_test/work/6b/eaeee08226fcb31a9a6a690941d57d/SRR23425852_counts.txt]]
[SRR23425842, [[id:SRR23425842, intrasample_id:0, single_end:1]], [/mnt/lts/nfs_fs02/bioinfo_core_jabsom/hanqiu/new_pipeline_test/work/e7/cfb77a1d6b7e3caed1b84fe8e13566/SRR23425842_counts.txt]]

executor >  slurm (429)
[42/5df762] process > NFCORE_SMRNASEQ:SMRNASEQ:IN... [100%] 1 of 1 ✔
[-        ] process > NFCORE_SMRNASEQ:SMRNASEQ:CA... -
[f6/dbdb26] process > NFCORE_SMRNASEQ:SMRNASEQ:FA... [100%] 36 of 36 ✔
[8d/39736e] process > NFCORE_SMRNASEQ:SMRNASEQ:FA... [100%] 36 of 36 ✔
[80/e7ad7f] process > NFCORE_SMRNASEQ:SMRNASEQ:FA... [100%] 36 of 36 ✔
[bd/eed07e] process > NFCORE_SMRNASEQ:SMRNASEQ:MI... [100%] 36 of 36 ✔
[dc/eb752f] process > NFCORE_SMRNASEQ:SMRNASEQ:GE... [100%] 1 of 1 ✔
[11/50caec] process > NFCORE_SMRNASEQ:SMRNASEQ:GE... [100%] 36 of 36 ✔
[99/67af03] process > NFCORE_SMRNASEQ:SMRNASEQ:GE... [100%] 36 of 36 ✔
[4b/6ec149] process > NFCORE_SMRNASEQ:SMRNASEQ:GE... [100%] 36 of 36 ✔
[-        ] process > NFCORE_SMRNASEQ:SMRNASEQ:GE... -
[08/fd358e] process > NFCORE_SMRNASEQ:SMRNASEQ:GE... [100%] 36 of 36 ✔
[cb/0f63e4] process > NFCORE_SMRNASEQ:SMRNASEQ:GE... [100%] 36 of 36 ✔
[aa/8ad2bf] process > NFCORE_SMRNASEQ:SMRNASEQ:GE... [100%] 36 of 36 ✔
[e7/cfb77a] process > NFCORE_SMRNASEQ:SMRNASEQ:GE... [100%] 36 of 36 ✔
[98/e1f139] process > NFCORE_SMRNASEQ:SMRNASEQ:GE... [  0%] 0 of 36
[SRR23425841, [[id:SRR23425841, intrasample_id:0, single_end:1]], [/mnt/lts/nfs_fs02/bioinfo_core_jabsom/hanqiu/new_pipeline_test/work/d5/78a31bd5e1f138524ead7839ce5607/SRR23425841_counts.txt]]
[SRR23425833, [[id:SRR23425833, intrasample_id:0, single_end:1]], [/mnt/lts/nfs_fs02/bioinfo_core_jabsom/hanqiu/new_pipeline_test/work/a3/128ce768ddef574da707f673ca57a8/SRR23425833_counts.txt]]
[SRR23425834, [[id:SRR23425834, intrasample_id:0, single_end:1]], [/mnt/lts/nfs_fs02/bioinfo_core_jabsom/hanqiu/new_pipeline_test/work/4a/4bce779ec6100d82412c861e254cb5/SRR23425834_counts.txt]]
[SRR23425835, [[id:SRR23425835, intrasample_id:0, single_end:1]], [/mnt/lts/nfs_fs02/bioinfo_core_jabsom/hanqiu/new_pipeline_test/work/f2/5a38abc68120a75aecfe029bd680ca/SRR23425835_counts.txt]]
[SRR23425838, [[id:SRR23425838, intrasample_id:0, single_end:1]], [/mnt/lts/nfs_fs02/bioinfo_core_jabsom/hanqiu/new_pipeline_test/work/df/a7a571617fc884cef5f356c11ce32e/SRR23425838_counts.txt]]
[SRR23425843, [[id:SRR23425843, intrasample_id:0, single_end:1]], [/mnt/lts/nfs_fs02/bioinfo_core_jabsom/hanqiu/new_pipeline_test/work/a7/ba029d1384a88711647efaffbc70f4/SRR23425843_counts.txt]]
[SRR23425844, [[id:SRR23425844, intrasample_id:0, single_end:1]], [/mnt/lts/nfs_fs02/bioinfo_core_jabsom/hanqiu/new_pipeline_test/work/8f/b0e4af3c099c2c53f4d8dca58b5d61/SRR23425844_counts.txt]]
[SRR23425832, [[id:SRR23425832, intrasample_id:0, single_end:1]], [/mnt/lts/nfs_fs02/bioinfo_core_jabsom/hanqiu/new_pipeline_test/work/fb/74f2d5285df46f2af23dc6bda8ef9d/SRR23425832_counts.txt]]
[SRR23425846, [[id:SRR23425846, intrasample_id:0, single_end:1]], [/mnt/lts/nfs_fs02/bioinfo_core_jabsom/hanqiu/new_pipeline_test/work/5a/4b64051386b6a046c1a48178e4a5a6/SRR23425846_counts.txt]]
[SRR23425853, [[id:SRR23425853, intrasample_id:0, single_end:1]], [/mnt/lts/nfs_fs02/bioinfo_core_jabsom/hanqiu/new_pipeline_test/work/1c/f72451831778b884f48784cb96bdd7/SRR23425853_counts.txt]]
[SRR23425839, [[id:SRR23425839, intrasample_id:0, single_end:1]], [/mnt/lts/nfs_fs02/bioinfo_core_jabsom/hanqiu/new_pipeline_test/work/26/edc1bad37e44a9cc3f8174b1d26069/SRR23425839_counts.txt]]
[SRR23425840, [[id:SRR23425840, intrasample_id:0, single_end:1]], [/mnt/lts/nfs_fs02/bioinfo_core_jabsom/hanqiu/new_pipeline_test/work/27/b4295aadbe453666602076e156a371/SRR23425840_counts.txt]]
[SRR23425848, [[id:SRR23425848, intrasample_id:0, single_end:1]], [/mnt/lts/nfs_fs02/bioinfo_core_jabsom/hanqiu/new_pipeline_test/work/53/37e0ff81ebd3b0a7ca809873e48abb/SRR23425848_counts.txt]]
[SRR23425849, [[id:SRR23425849, intrasample_id:0, single_end:1]], [/mnt/lts/nfs_fs02/bioinfo_core_jabsom/hanqiu/new_pipeline_test/work/bc/f655c8ddf7c2b96f275051fb4710e9/SRR23425849_counts.txt]]
[SRR23425861, [[id:SRR23425861, intrasample_id:0, single_end:1]], [/mnt/lts/nfs_fs02/bioinfo_core_jabsom/hanqiu/new_pipeline_test/work/8b/441f045bba768b41fe636fe86d47f3/SRR23425861_counts.txt]]
[SRR23425847, [[id:SRR23425847, intrasample_id:0, single_end:1]], [/mnt/lts/nfs_fs02/bioinfo_core_jabsom/hanqiu/new_pipeline_test/work/29/a63857cca3adfa4fbc5cf22d06aefb/SRR23425847_counts.txt]]
[SRR23425856, [[id:SRR23425856, intrasample_id:0, single_end:1]], [/mnt/lts/nfs_fs02/bioinfo_core_jabsom/hanqiu/new_pipeline_test/work/5d/0b33fd84addf1e8dc32f4f921f3acf/SRR23425856_counts.txt]]
[SRR23425860, [[id:SRR23425860, intrasample_id:0, single_end:1]], [/mnt/lts/nfs_fs02/bioinfo_core_jabsom/hanqiu/new_pipeline_test/work/1f/31671804e6051013824e894a229928/SRR23425860_counts.txt]]
[SRR23425836, [[id:SRR23425836, intrasample_id:0, single_end:1]], [/mnt/lts/nfs_fs02/bioinfo_core_jabsom/hanqiu/new_pipeline_test/work/f3/51d7b28cfc9447fd04b9d0b1a71b80/SRR23425836_counts.txt]]
[SRR23425859, [[id:SRR23425859, intrasample_id:0, single_end:1]], [/mnt/lts/nfs_fs02/bioinfo_core_jabsom/hanqiu/new_pipeline_test/work/be/771593cacbb7f9a264a9e62b83d311/SRR23425859_counts.txt]]
[SRR23425855, [[id:SRR23425855, intrasample_id:0, single_end:1]], [/mnt/lts/nfs_fs02/bioinfo_core_jabsom/hanqiu/new_pipeline_test/work/ab/df04f11e8df6267c15df441a44d6cf/SRR23425855_counts.txt]]
[SRR23425863, [[id:SRR23425863, intrasample_id:0, single_end:1]], [/mnt/lts/nfs_fs02/bioinfo_core_jabsom/hanqiu/new_pipeline_test/work/de/2f80d0f0b24592d04d7a1d0fd30174/SRR23425863_counts.txt]]
[SRR23425864, [[id:SRR23425864, intrasample_id:0, single_end:1]], [/mnt/lts/nfs_fs02/bioinfo_core_jabsom/hanqiu/new_pipeline_test/work/b2/b667c247d24e05c8b365d7b0f625dd/SRR23425864_counts.txt]]
[SRR23425858, [[id:SRR23425858, intrasample_id:0, single_end:1]], [/mnt/lts/nfs_fs02/bioinfo_core_jabsom/hanqiu/new_pipeline_test/work/8b/d58e0d4f88211529b300df67220fab/SRR23425858_counts.txt]]
[SRR23425862, [[id:SRR23425862, intrasample_id:0, single_end:1]], [/mnt/lts/nfs_fs02/bioinfo_core_jabsom/hanqiu/new_pipeline_test/work/f2/e6a2b30311c42e1d335100835c7603/SRR23425862_counts.txt]]
[SRR23425865, [[id:SRR23425865, intrasample_id:0, single_end:1]], [/mnt/lts/nfs_fs02/bioinfo_core_jabsom/hanqiu/new_pipeline_test/work/f7/080db283dccdebc6c9c5122de62df1/SRR23425865_counts.txt]]
[SRR23425867, [[id:SRR23425867, intrasample_id:0, single_end:1]], [/mnt/lts/nfs_fs02/bioinfo_core_jabsom/hanqiu/new_pipeline_test/work/5b/37173e419babec5c4c0341e67a7691/SRR23425867_counts.txt]]
[SRR23425866, [[id:SRR23425866, intrasample_id:0, single_end:1]], [/mnt/lts/nfs_fs02/bioinfo_core_jabsom/hanqiu/new_pipeline_test/work/c1/497f8e5f1f34763e3a6b97ee3f3ff3/SRR23425866_counts.txt]]
[SRR23425837, [[id:SRR23425837, intrasample_id:0, single_end:1]], [/mnt/lts/nfs_fs02/bioinfo_core_jabsom/hanqiu/new_pipeline_test/work/30/8f5d8e976913055b8d48e7e1d20b65/SRR23425837_counts.txt]]
[SRR23425850, [[id:SRR23425850, intrasample_id:0, single_end:1]], [/mnt/lts/nfs_fs02/bioinfo_core_jabsom/hanqiu/new_pipeline_test/work/e1/bb65f010d7163ecc6b94873c70ff9e/SRR23425850_counts.txt]]
[SRR23425845, [[id:SRR23425845, intrasample_id:0, single_end:1]], [/mnt/lts/nfs_fs02/bioinfo_core_jabsom/hanqiu/new_pipeline_test/work/73/0a6c3ca1d1bb5cbca5f6c819f848bd/SRR23425845_counts.txt]]
[SRR23425857, [[id:SRR23425857, intrasample_id:0, single_end:1]], [/mnt/lts/nfs_fs02/bioinfo_core_jabsom/hanqiu/new_pipeline_test/work/b5/338888e71aa7b68cbc0bae16623b54/SRR23425857_counts.txt]]
[SRR23425851, [[id:SRR23425851, intrasample_id:0, single_end:1]], [/mnt/lts/nfs_fs02/bioinfo_core_jabsom/hanqiu/new_pipeline_test/work/cb/53de12d0c992e99db53495953b0f7d/SRR23425851_counts.txt]]
[SRR23425854, [[id:SRR23425854, intrasample_id:0, single_end:1]], [/mnt/lts/nfs_fs02/bioinfo_core_jabsom/hanqiu/new_pipeline_test/work/76/35cceebbeed761f60a8c7a1937c4de/SRR23425854_counts.txt]]
[SRR23425852, [[id:SRR23425852, intrasample_id:0, single_end:1]], [/mnt/lts/nfs_fs02/bioinfo_core_jabsom/hanqiu/new_pipeline_test/work/6b/eaeee08226fcb31a9a6a690941d57d/SRR23425852_counts.txt]]
[SRR23425842, [[id:SRR23425842, intrasample_id:0, single_end:1]], [/mnt/lts/nfs_fs02/bioinfo_core_jabsom/hanqiu/new_pipeline_test/work/e7/cfb77a1d6b7e3caed1b84fe8e13566/SRR23425842_counts.txt]]

executor >  slurm (433)
[42/5df762] process > NFCORE_SMRNASEQ:SMRNASEQ:IN... [100%] 1 of 1 ✔
[-        ] process > NFCORE_SMRNASEQ:SMRNASEQ:CA... -
[f6/dbdb26] process > NFCORE_SMRNASEQ:SMRNASEQ:FA... [100%] 36 of 36 ✔
[8d/39736e] process > NFCORE_SMRNASEQ:SMRNASEQ:FA... [100%] 36 of 36 ✔
[80/e7ad7f] process > NFCORE_SMRNASEQ:SMRNASEQ:FA... [100%] 36 of 36 ✔
[bd/eed07e] process > NFCORE_SMRNASEQ:SMRNASEQ:MI... [100%] 36 of 36 ✔
[dc/eb752f] process > NFCORE_SMRNASEQ:SMRNASEQ:GE... [100%] 1 of 1 ✔
[11/50caec] process > NFCORE_SMRNASEQ:SMRNASEQ:GE... [100%] 36 of 36 ✔
[99/67af03] process > NFCORE_SMRNASEQ:SMRNASEQ:GE... [100%] 36 of 36 ✔
[4b/6ec149] process > NFCORE_SMRNASEQ:SMRNASEQ:GE... [100%] 36 of 36 ✔
[-        ] process > NFCORE_SMRNASEQ:SMRNASEQ:GE... -
[08/fd358e] process > NFCORE_SMRNASEQ:SMRNASEQ:GE... [100%] 36 of 36 ✔
[cb/0f63e4] process > NFCORE_SMRNASEQ:SMRNASEQ:GE... [100%] 36 of 36 ✔
[aa/8ad2bf] process > NFCORE_SMRNASEQ:SMRNASEQ:GE... [100%] 36 of 36 ✔
[e7/cfb77a] process > NFCORE_SMRNASEQ:SMRNASEQ:GE... [100%] 36 of 36 ✔
[ca/b858cc] process > NFCORE_SMRNASEQ:SMRNASEQ:GE... [  0%] 0 of 36
[SRR23425841, [[id:SRR23425841, intrasample_id:0, single_end:1]], [/mnt/lts/nfs_fs02/bioinfo_core_jabsom/hanqiu/new_pipeline_test/work/d5/78a31bd5e1f138524ead7839ce5607/SRR23425841_counts.txt]]
[SRR23425833, [[id:SRR23425833, intrasample_id:0, single_end:1]], [/mnt/lts/nfs_fs02/bioinfo_core_jabsom/hanqiu/new_pipeline_test/work/a3/128ce768ddef574da707f673ca57a8/SRR23425833_counts.txt]]
[SRR23425834, [[id:SRR23425834, intrasample_id:0, single_end:1]], [/mnt/lts/nfs_fs02/bioinfo_core_jabsom/hanqiu/new_pipeline_test/work/4a/4bce779ec6100d82412c861e254cb5/SRR23425834_counts.txt]]
[SRR23425835, [[id:SRR23425835, intrasample_id:0, single_end:1]], [/mnt/lts/nfs_fs02/bioinfo_core_jabsom/hanqiu/new_pipeline_test/work/f2/5a38abc68120a75aecfe029bd680ca/SRR23425835_counts.txt]]
[SRR23425838, [[id:SRR23425838, intrasample_id:0, single_end:1]], [/mnt/lts/nfs_fs02/bioinfo_core_jabsom/hanqiu/new_pipeline_test/work/df/a7a571617fc884cef5f356c11ce32e/SRR23425838_counts.txt]]
[SRR23425843, [[id:SRR23425843, intrasample_id:0, single_end:1]], [/mnt/lts/nfs_fs02/bioinfo_core_jabsom/hanqiu/new_pipeline_test/work/a7/ba029d1384a88711647efaffbc70f4/SRR23425843_counts.txt]]
[SRR23425844, [[id:SRR23425844, intrasample_id:0, single_end:1]], [/mnt/lts/nfs_fs02/bioinfo_core_jabsom/hanqiu/new_pipeline_test/work/8f/b0e4af3c099c2c53f4d8dca58b5d61/SRR23425844_counts.txt]]
[SRR23425832, [[id:SRR23425832, intrasample_id:0, single_end:1]], [/mnt/lts/nfs_fs02/bioinfo_core_jabsom/hanqiu/new_pipeline_test/work/fb/74f2d5285df46f2af23dc6bda8ef9d/SRR23425832_counts.txt]]
[SRR23425846, [[id:SRR23425846, intrasample_id:0, single_end:1]], [/mnt/lts/nfs_fs02/bioinfo_core_jabsom/hanqiu/new_pipeline_test/work/5a/4b64051386b6a046c1a48178e4a5a6/SRR23425846_counts.txt]]
[SRR23425853, [[id:SRR23425853, intrasample_id:0, single_end:1]], [/mnt/lts/nfs_fs02/bioinfo_core_jabsom/hanqiu/new_pipeline_test/work/1c/f72451831778b884f48784cb96bdd7/SRR23425853_counts.txt]]
[SRR23425839, [[id:SRR23425839, intrasample_id:0, single_end:1]], [/mnt/lts/nfs_fs02/bioinfo_core_jabsom/hanqiu/new_pipeline_test/work/26/edc1bad37e44a9cc3f8174b1d26069/SRR23425839_counts.txt]]
[SRR23425840, [[id:SRR23425840, intrasample_id:0, single_end:1]], [/mnt/lts/nfs_fs02/bioinfo_core_jabsom/hanqiu/new_pipeline_test/work/27/b4295aadbe453666602076e156a371/SRR23425840_counts.txt]]
[SRR23425848, [[id:SRR23425848, intrasample_id:0, single_end:1]], [/mnt/lts/nfs_fs02/bioinfo_core_jabsom/hanqiu/new_pipeline_test/work/53/37e0ff81ebd3b0a7ca809873e48abb/SRR23425848_counts.txt]]
[SRR23425849, [[id:SRR23425849, intrasample_id:0, single_end:1]], [/mnt/lts/nfs_fs02/bioinfo_core_jabsom/hanqiu/new_pipeline_test/work/bc/f655c8ddf7c2b96f275051fb4710e9/SRR23425849_counts.txt]]
[SRR23425861, [[id:SRR23425861, intrasample_id:0, single_end:1]], [/mnt/lts/nfs_fs02/bioinfo_core_jabsom/hanqiu/new_pipeline_test/work/8b/441f045bba768b41fe636fe86d47f3/SRR23425861_counts.txt]]
[SRR23425847, [[id:SRR23425847, intrasample_id:0, single_end:1]], [/mnt/lts/nfs_fs02/bioinfo_core_jabsom/hanqiu/new_pipeline_test/work/29/a63857cca3adfa4fbc5cf22d06aefb/SRR23425847_counts.txt]]
[SRR23425856, [[id:SRR23425856, intrasample_id:0, single_end:1]], [/mnt/lts/nfs_fs02/bioinfo_core_jabsom/hanqiu/new_pipeline_test/work/5d/0b33fd84addf1e8dc32f4f921f3acf/SRR23425856_counts.txt]]
[SRR23425860, [[id:SRR23425860, intrasample_id:0, single_end:1]], [/mnt/lts/nfs_fs02/bioinfo_core_jabsom/hanqiu/new_pipeline_test/work/1f/31671804e6051013824e894a229928/SRR23425860_counts.txt]]
[SRR23425836, [[id:SRR23425836, intrasample_id:0, single_end:1]], [/mnt/lts/nfs_fs02/bioinfo_core_jabsom/hanqiu/new_pipeline_test/work/f3/51d7b28cfc9447fd04b9d0b1a71b80/SRR23425836_counts.txt]]
[SRR23425859, [[id:SRR23425859, intrasample_id:0, single_end:1]], [/mnt/lts/nfs_fs02/bioinfo_core_jabsom/hanqiu/new_pipeline_test/work/be/771593cacbb7f9a264a9e62b83d311/SRR23425859_counts.txt]]
[SRR23425855, [[id:SRR23425855, intrasample_id:0, single_end:1]], [/mnt/lts/nfs_fs02/bioinfo_core_jabsom/hanqiu/new_pipeline_test/work/ab/df04f11e8df6267c15df441a44d6cf/SRR23425855_counts.txt]]
[SRR23425863, [[id:SRR23425863, intrasample_id:0, single_end:1]], [/mnt/lts/nfs_fs02/bioinfo_core_jabsom/hanqiu/new_pipeline_test/work/de/2f80d0f0b24592d04d7a1d0fd30174/SRR23425863_counts.txt]]
[SRR23425864, [[id:SRR23425864, intrasample_id:0, single_end:1]], [/mnt/lts/nfs_fs02/bioinfo_core_jabsom/hanqiu/new_pipeline_test/work/b2/b667c247d24e05c8b365d7b0f625dd/SRR23425864_counts.txt]]
[SRR23425858, [[id:SRR23425858, intrasample_id:0, single_end:1]], [/mnt/lts/nfs_fs02/bioinfo_core_jabsom/hanqiu/new_pipeline_test/work/8b/d58e0d4f88211529b300df67220fab/SRR23425858_counts.txt]]
[SRR23425862, [[id:SRR23425862, intrasample_id:0, single_end:1]], [/mnt/lts/nfs_fs02/bioinfo_core_jabsom/hanqiu/new_pipeline_test/work/f2/e6a2b30311c42e1d335100835c7603/SRR23425862_counts.txt]]
[SRR23425865, [[id:SRR23425865, intrasample_id:0, single_end:1]], [/mnt/lts/nfs_fs02/bioinfo_core_jabsom/hanqiu/new_pipeline_test/work/f7/080db283dccdebc6c9c5122de62df1/SRR23425865_counts.txt]]
[SRR23425867, [[id:SRR23425867, intrasample_id:0, single_end:1]], [/mnt/lts/nfs_fs02/bioinfo_core_jabsom/hanqiu/new_pipeline_test/work/5b/37173e419babec5c4c0341e67a7691/SRR23425867_counts.txt]]
[SRR23425866, [[id:SRR23425866, intrasample_id:0, single_end:1]], [/mnt/lts/nfs_fs02/bioinfo_core_jabsom/hanqiu/new_pipeline_test/work/c1/497f8e5f1f34763e3a6b97ee3f3ff3/SRR23425866_counts.txt]]
[SRR23425837, [[id:SRR23425837, intrasample_id:0, single_end:1]], [/mnt/lts/nfs_fs02/bioinfo_core_jabsom/hanqiu/new_pipeline_test/work/30/8f5d8e976913055b8d48e7e1d20b65/SRR23425837_counts.txt]]
[SRR23425850, [[id:SRR23425850, intrasample_id:0, single_end:1]], [/mnt/lts/nfs_fs02/bioinfo_core_jabsom/hanqiu/new_pipeline_test/work/e1/bb65f010d7163ecc6b94873c70ff9e/SRR23425850_counts.txt]]
[SRR23425845, [[id:SRR23425845, intrasample_id:0, single_end:1]], [/mnt/lts/nfs_fs02/bioinfo_core_jabsom/hanqiu/new_pipeline_test/work/73/0a6c3ca1d1bb5cbca5f6c819f848bd/SRR23425845_counts.txt]]
[SRR23425857, [[id:SRR23425857, intrasample_id:0, single_end:1]], [/mnt/lts/nfs_fs02/bioinfo_core_jabsom/hanqiu/new_pipeline_test/work/b5/338888e71aa7b68cbc0bae16623b54/SRR23425857_counts.txt]]
[SRR23425851, [[id:SRR23425851, intrasample_id:0, single_end:1]], [/mnt/lts/nfs_fs02/bioinfo_core_jabsom/hanqiu/new_pipeline_test/work/cb/53de12d0c992e99db53495953b0f7d/SRR23425851_counts.txt]]
[SRR23425854, [[id:SRR23425854, intrasample_id:0, single_end:1]], [/mnt/lts/nfs_fs02/bioinfo_core_jabsom/hanqiu/new_pipeline_test/work/76/35cceebbeed761f60a8c7a1937c4de/SRR23425854_counts.txt]]
[SRR23425852, [[id:SRR23425852, intrasample_id:0, single_end:1]], [/mnt/lts/nfs_fs02/bioinfo_core_jabsom/hanqiu/new_pipeline_test/work/6b/eaeee08226fcb31a9a6a690941d57d/SRR23425852_counts.txt]]
[SRR23425842, [[id:SRR23425842, intrasample_id:0, single_end:1]], [/mnt/lts/nfs_fs02/bioinfo_core_jabsom/hanqiu/new_pipeline_test/work/e7/cfb77a1d6b7e3caed1b84fe8e13566/SRR23425842_counts.txt]]

executor >  slurm (434)
[42/5df762] process > NFCORE_SMRNASEQ:SMRNASEQ:IN... [100%] 1 of 1 ✔
[-        ] process > NFCORE_SMRNASEQ:SMRNASEQ:CA... -
[f6/dbdb26] process > NFCORE_SMRNASEQ:SMRNASEQ:FA... [100%] 36 of 36 ✔
[8d/39736e] process > NFCORE_SMRNASEQ:SMRNASEQ:FA... [100%] 36 of 36 ✔
[80/e7ad7f] process > NFCORE_SMRNASEQ:SMRNASEQ:FA... [100%] 36 of 36 ✔
[bd/eed07e] process > NFCORE_SMRNASEQ:SMRNASEQ:MI... [100%] 36 of 36 ✔
[dc/eb752f] process > NFCORE_SMRNASEQ:SMRNASEQ:GE... [100%] 1 of 1 ✔
[11/50caec] process > NFCORE_SMRNASEQ:SMRNASEQ:GE... [100%] 36 of 36 ✔
[99/67af03] process > NFCORE_SMRNASEQ:SMRNASEQ:GE... [100%] 36 of 36 ✔
[4b/6ec149] process > NFCORE_SMRNASEQ:SMRNASEQ:GE... [100%] 36 of 36 ✔
[-        ] process > NFCORE_SMRNASEQ:SMRNASEQ:GE... -
[08/fd358e] process > NFCORE_SMRNASEQ:SMRNASEQ:GE... [100%] 36 of 36 ✔
[cb/0f63e4] process > NFCORE_SMRNASEQ:SMRNASEQ:GE... [100%] 36 of 36 ✔
[aa/8ad2bf] process > NFCORE_SMRNASEQ:SMRNASEQ:GE... [100%] 36 of 36 ✔
[e7/cfb77a] process > NFCORE_SMRNASEQ:SMRNASEQ:GE... [100%] 36 of 36 ✔
[47/a66fdf] process > NFCORE_SMRNASEQ:SMRNASEQ:GE... [  0%] 0 of 36
[SRR23425841, [[id:SRR23425841, intrasample_id:0, single_end:1]], [/mnt/lts/nfs_fs02/bioinfo_core_jabsom/hanqiu/new_pipeline_test/work/d5/78a31bd5e1f138524ead7839ce5607/SRR23425841_counts.txt]]
[SRR23425833, [[id:SRR23425833, intrasample_id:0, single_end:1]], [/mnt/lts/nfs_fs02/bioinfo_core_jabsom/hanqiu/new_pipeline_test/work/a3/128ce768ddef574da707f673ca57a8/SRR23425833_counts.txt]]
[SRR23425834, [[id:SRR23425834, intrasample_id:0, single_end:1]], [/mnt/lts/nfs_fs02/bioinfo_core_jabsom/hanqiu/new_pipeline_test/work/4a/4bce779ec6100d82412c861e254cb5/SRR23425834_counts.txt]]
[SRR23425835, [[id:SRR23425835, intrasample_id:0, single_end:1]], [/mnt/lts/nfs_fs02/bioinfo_core_jabsom/hanqiu/new_pipeline_test/work/f2/5a38abc68120a75aecfe029bd680ca/SRR23425835_counts.txt]]
[SRR23425838, [[id:SRR23425838, intrasample_id:0, single_end:1]], [/mnt/lts/nfs_fs02/bioinfo_core_jabsom/hanqiu/new_pipeline_test/work/df/a7a571617fc884cef5f356c11ce32e/SRR23425838_counts.txt]]
[SRR23425843, [[id:SRR23425843, intrasample_id:0, single_end:1]], [/mnt/lts/nfs_fs02/bioinfo_core_jabsom/hanqiu/new_pipeline_test/work/a7/ba029d1384a88711647efaffbc70f4/SRR23425843_counts.txt]]
[SRR23425844, [[id:SRR23425844, intrasample_id:0, single_end:1]], [/mnt/lts/nfs_fs02/bioinfo_core_jabsom/hanqiu/new_pipeline_test/work/8f/b0e4af3c099c2c53f4d8dca58b5d61/SRR23425844_counts.txt]]
[SRR23425832, [[id:SRR23425832, intrasample_id:0, single_end:1]], [/mnt/lts/nfs_fs02/bioinfo_core_jabsom/hanqiu/new_pipeline_test/work/fb/74f2d5285df46f2af23dc6bda8ef9d/SRR23425832_counts.txt]]
[SRR23425846, [[id:SRR23425846, intrasample_id:0, single_end:1]], [/mnt/lts/nfs_fs02/bioinfo_core_jabsom/hanqiu/new_pipeline_test/work/5a/4b64051386b6a046c1a48178e4a5a6/SRR23425846_counts.txt]]
[SRR23425853, [[id:SRR23425853, intrasample_id:0, single_end:1]], [/mnt/lts/nfs_fs02/bioinfo_core_jabsom/hanqiu/new_pipeline_test/work/1c/f72451831778b884f48784cb96bdd7/SRR23425853_counts.txt]]
[SRR23425839, [[id:SRR23425839, intrasample_id:0, single_end:1]], [/mnt/lts/nfs_fs02/bioinfo_core_jabsom/hanqiu/new_pipeline_test/work/26/edc1bad37e44a9cc3f8174b1d26069/SRR23425839_counts.txt]]
[SRR23425840, [[id:SRR23425840, intrasample_id:0, single_end:1]], [/mnt/lts/nfs_fs02/bioinfo_core_jabsom/hanqiu/new_pipeline_test/work/27/b4295aadbe453666602076e156a371/SRR23425840_counts.txt]]
[SRR23425848, [[id:SRR23425848, intrasample_id:0, single_end:1]], [/mnt/lts/nfs_fs02/bioinfo_core_jabsom/hanqiu/new_pipeline_test/work/53/37e0ff81ebd3b0a7ca809873e48abb/SRR23425848_counts.txt]]
[SRR23425849, [[id:SRR23425849, intrasample_id:0, single_end:1]], [/mnt/lts/nfs_fs02/bioinfo_core_jabsom/hanqiu/new_pipeline_test/work/bc/f655c8ddf7c2b96f275051fb4710e9/SRR23425849_counts.txt]]
[SRR23425861, [[id:SRR23425861, intrasample_id:0, single_end:1]], [/mnt/lts/nfs_fs02/bioinfo_core_jabsom/hanqiu/new_pipeline_test/work/8b/441f045bba768b41fe636fe86d47f3/SRR23425861_counts.txt]]
[SRR23425847, [[id:SRR23425847, intrasample_id:0, single_end:1]], [/mnt/lts/nfs_fs02/bioinfo_core_jabsom/hanqiu/new_pipeline_test/work/29/a63857cca3adfa4fbc5cf22d06aefb/SRR23425847_counts.txt]]
[SRR23425856, [[id:SRR23425856, intrasample_id:0, single_end:1]], [/mnt/lts/nfs_fs02/bioinfo_core_jabsom/hanqiu/new_pipeline_test/work/5d/0b33fd84addf1e8dc32f4f921f3acf/SRR23425856_counts.txt]]
[SRR23425860, [[id:SRR23425860, intrasample_id:0, single_end:1]], [/mnt/lts/nfs_fs02/bioinfo_core_jabsom/hanqiu/new_pipeline_test/work/1f/31671804e6051013824e894a229928/SRR23425860_counts.txt]]
[SRR23425836, [[id:SRR23425836, intrasample_id:0, single_end:1]], [/mnt/lts/nfs_fs02/bioinfo_core_jabsom/hanqiu/new_pipeline_test/work/f3/51d7b28cfc9447fd04b9d0b1a71b80/SRR23425836_counts.txt]]
[SRR23425859, [[id:SRR23425859, intrasample_id:0, single_end:1]], [/mnt/lts/nfs_fs02/bioinfo_core_jabsom/hanqiu/new_pipeline_test/work/be/771593cacbb7f9a264a9e62b83d311/SRR23425859_counts.txt]]
[SRR23425855, [[id:SRR23425855, intrasample_id:0, single_end:1]], [/mnt/lts/nfs_fs02/bioinfo_core_jabsom/hanqiu/new_pipeline_test/work/ab/df04f11e8df6267c15df441a44d6cf/SRR23425855_counts.txt]]
[SRR23425863, [[id:SRR23425863, intrasample_id:0, single_end:1]], [/mnt/lts/nfs_fs02/bioinfo_core_jabsom/hanqiu/new_pipeline_test/work/de/2f80d0f0b24592d04d7a1d0fd30174/SRR23425863_counts.txt]]
[SRR23425864, [[id:SRR23425864, intrasample_id:0, single_end:1]], [/mnt/lts/nfs_fs02/bioinfo_core_jabsom/hanqiu/new_pipeline_test/work/b2/b667c247d24e05c8b365d7b0f625dd/SRR23425864_counts.txt]]
[SRR23425858, [[id:SRR23425858, intrasample_id:0, single_end:1]], [/mnt/lts/nfs_fs02/bioinfo_core_jabsom/hanqiu/new_pipeline_test/work/8b/d58e0d4f88211529b300df67220fab/SRR23425858_counts.txt]]
[SRR23425862, [[id:SRR23425862, intrasample_id:0, single_end:1]], [/mnt/lts/nfs_fs02/bioinfo_core_jabsom/hanqiu/new_pipeline_test/work/f2/e6a2b30311c42e1d335100835c7603/SRR23425862_counts.txt]]
[SRR23425865, [[id:SRR23425865, intrasample_id:0, single_end:1]], [/mnt/lts/nfs_fs02/bioinfo_core_jabsom/hanqiu/new_pipeline_test/work/f7/080db283dccdebc6c9c5122de62df1/SRR23425865_counts.txt]]
[SRR23425867, [[id:SRR23425867, intrasample_id:0, single_end:1]], [/mnt/lts/nfs_fs02/bioinfo_core_jabsom/hanqiu/new_pipeline_test/work/5b/37173e419babec5c4c0341e67a7691/SRR23425867_counts.txt]]
[SRR23425866, [[id:SRR23425866, intrasample_id:0, single_end:1]], [/mnt/lts/nfs_fs02/bioinfo_core_jabsom/hanqiu/new_pipeline_test/work/c1/497f8e5f1f34763e3a6b97ee3f3ff3/SRR23425866_counts.txt]]
[SRR23425837, [[id:SRR23425837, intrasample_id:0, single_end:1]], [/mnt/lts/nfs_fs02/bioinfo_core_jabsom/hanqiu/new_pipeline_test/work/30/8f5d8e976913055b8d48e7e1d20b65/SRR23425837_counts.txt]]
[SRR23425850, [[id:SRR23425850, intrasample_id:0, single_end:1]], [/mnt/lts/nfs_fs02/bioinfo_core_jabsom/hanqiu/new_pipeline_test/work/e1/bb65f010d7163ecc6b94873c70ff9e/SRR23425850_counts.txt]]
[SRR23425845, [[id:SRR23425845, intrasample_id:0, single_end:1]], [/mnt/lts/nfs_fs02/bioinfo_core_jabsom/hanqiu/new_pipeline_test/work/73/0a6c3ca1d1bb5cbca5f6c819f848bd/SRR23425845_counts.txt]]
[SRR23425857, [[id:SRR23425857, intrasample_id:0, single_end:1]], [/mnt/lts/nfs_fs02/bioinfo_core_jabsom/hanqiu/new_pipeline_test/work/b5/338888e71aa7b68cbc0bae16623b54/SRR23425857_counts.txt]]
[SRR23425851, [[id:SRR23425851, intrasample_id:0, single_end:1]], [/mnt/lts/nfs_fs02/bioinfo_core_jabsom/hanqiu/new_pipeline_test/work/cb/53de12d0c992e99db53495953b0f7d/SRR23425851_counts.txt]]
[SRR23425854, [[id:SRR23425854, intrasample_id:0, single_end:1]], [/mnt/lts/nfs_fs02/bioinfo_core_jabsom/hanqiu/new_pipeline_test/work/76/35cceebbeed761f60a8c7a1937c4de/SRR23425854_counts.txt]]
[SRR23425852, [[id:SRR23425852, intrasample_id:0, single_end:1]], [/mnt/lts/nfs_fs02/bioinfo_core_jabsom/hanqiu/new_pipeline_test/work/6b/eaeee08226fcb31a9a6a690941d57d/SRR23425852_counts.txt]]
[SRR23425842, [[id:SRR23425842, intrasample_id:0, single_end:1]], [/mnt/lts/nfs_fs02/bioinfo_core_jabsom/hanqiu/new_pipeline_test/work/e7/cfb77a1d6b7e3caed1b84fe8e13566/SRR23425842_counts.txt]]

executor >  slurm (434)
[42/5df762] process > NFCORE_SMRNASEQ:SMRNASEQ:IN... [100%] 1 of 1 ✔
[-        ] process > NFCORE_SMRNASEQ:SMRNASEQ:CA... -
[f6/dbdb26] process > NFCORE_SMRNASEQ:SMRNASEQ:FA... [100%] 36 of 36 ✔
[8d/39736e] process > NFCORE_SMRNASEQ:SMRNASEQ:FA... [100%] 36 of 36 ✔
[80/e7ad7f] process > NFCORE_SMRNASEQ:SMRNASEQ:FA... [100%] 36 of 36 ✔
[bd/eed07e] process > NFCORE_SMRNASEQ:SMRNASEQ:MI... [100%] 36 of 36 ✔
[dc/eb752f] process > NFCORE_SMRNASEQ:SMRNASEQ:GE... [100%] 1 of 1 ✔
[11/50caec] process > NFCORE_SMRNASEQ:SMRNASEQ:GE... [100%] 36 of 36 ✔
[99/67af03] process > NFCORE_SMRNASEQ:SMRNASEQ:GE... [100%] 36 of 36 ✔
[4b/6ec149] process > NFCORE_SMRNASEQ:SMRNASEQ:GE... [100%] 36 of 36 ✔
[-        ] process > NFCORE_SMRNASEQ:SMRNASEQ:GE... -
[08/fd358e] process > NFCORE_SMRNASEQ:SMRNASEQ:GE... [100%] 36 of 36 ✔
[cb/0f63e4] process > NFCORE_SMRNASEQ:SMRNASEQ:GE... [100%] 36 of 36 ✔
[aa/8ad2bf] process > NFCORE_SMRNASEQ:SMRNASEQ:GE... [100%] 36 of 36 ✔
[e7/cfb77a] process > NFCORE_SMRNASEQ:SMRNASEQ:GE... [100%] 36 of 36 ✔
[47/a66fdf] process > NFCORE_SMRNASEQ:SMRNASEQ:GE... [  0%] 0 of 36





































executor >  slurm (434)
[42/5df762] process > NFCORE_SMRNASEQ:SMRNASEQ:IN... [100%] 1 of 1 ✔
[-        ] process > NFCORE_SMRNASEQ:SMRNASEQ:CA... -
[f6/dbdb26] process > NFCORE_SMRNASEQ:SMRNASEQ:FA... [100%] 36 of 36 ✔
[8d/39736e] process > NFCORE_SMRNASEQ:SMRNASEQ:FA... [100%] 36 of 36 ✔
[80/e7ad7f] process > NFCORE_SMRNASEQ:SMRNASEQ:FA... [100%] 36 of 36 ✔
[bd/eed07e] process > NFCORE_SMRNASEQ:SMRNASEQ:MI... [100%] 36 of 36 ✔
[dc/eb752f] process > NFCORE_SMRNASEQ:SMRNASEQ:GE... [100%] 1 of 1 ✔
[11/50caec] process > NFCORE_SMRNASEQ:SMRNASEQ:GE... [100%] 36 of 36 ✔
[99/67af03] process > NFCORE_SMRNASEQ:SMRNASEQ:GE... [100%] 36 of 36 ✔
[4b/6ec149] process > NFCORE_SMRNASEQ:SMRNASEQ:GE... [100%] 36 of 36 ✔
[-        ] process > NFCORE_SMRNASEQ:SMRNASEQ:GE... -
[08/fd358e] process > NFCORE_SMRNASEQ:SMRNASEQ:GE... [100%] 36 of 36 ✔
[cb/0f63e4] process > NFCORE_SMRNASEQ:SMRNASEQ:GE... [100%] 36 of 36 ✔
[aa/8ad2bf] process > NFCORE_SMRNASEQ:SMRNASEQ:GE... [100%] 36 of 36 ✔
[e7/cfb77a] process > NFCORE_SMRNASEQ:SMRNASEQ:GE... [100%] 36 of 36 ✔
[47/a66fdf] process > NFCORE_SMRNASEQ:SMRNASEQ:GE... [ 94%] 34 of 36
WARN: Failed to publish file: /mnt/lts/nfs_fs02/bioinfo_core_jabsom/hanqiu/new_pipeline_test/work/a7/06aa0cf3df766f19f854ebf6c0b177/merged_counts.txt; to: /home/hzhang7/bioinfo_core_lts/hanqiu/new_pipeline_test/output_file/merge/merged_counts.txt [copy] -- See log file for details




































executor >  slurm (434)
[42/5df762] process > NFCORE_SMRNASEQ:SMRNASEQ:IN... [100%] 1 of 1 ✔
[-        ] process > NFCORE_SMRNASEQ:SMRNASEQ:CA... -
[f6/dbdb26] process > NFCORE_SMRNASEQ:SMRNASEQ:FA... [100%] 36 of 36 ✔
[8d/39736e] process > NFCORE_SMRNASEQ:SMRNASEQ:FA... [100%] 36 of 36 ✔
[80/e7ad7f] process > NFCORE_SMRNASEQ:SMRNASEQ:FA... [100%] 36 of 36 ✔
[bd/eed07e] process > NFCORE_SMRNASEQ:SMRNASEQ:MI... [100%] 36 of 36 ✔
[dc/eb752f] process > NFCORE_SMRNASEQ:SMRNASEQ:GE... [100%] 1 of 1 ✔
[11/50caec] process > NFCORE_SMRNASEQ:SMRNASEQ:GE... [100%] 36 of 36 ✔
[99/67af03] process > NFCORE_SMRNASEQ:SMRNASEQ:GE... [100%] 36 of 36 ✔
[4b/6ec149] process > NFCORE_SMRNASEQ:SMRNASEQ:GE... [100%] 36 of 36 ✔
[-        ] process > NFCORE_SMRNASEQ:SMRNASEQ:GE... -
[08/fd358e] process > NFCORE_SMRNASEQ:SMRNASEQ:GE... [100%] 36 of 36 ✔
[cb/0f63e4] process > NFCORE_SMRNASEQ:SMRNASEQ:GE... [100%] 36 of 36 ✔
[aa/8ad2bf] process > NFCORE_SMRNASEQ:SMRNASEQ:GE... [100%] 36 of 36 ✔
[e7/cfb77a] process > NFCORE_SMRNASEQ:SMRNASEQ:GE... [100%] 36 of 36 ✔
[47/a66fdf] process > NFCORE_SMRNASEQ:SMRNASEQ:GE... [ 94%] 34 of 36
WARN: Failed to publish file: /mnt/lts/nfs_fs02/bioinfo_core_jabsom/hanqiu/new_pipeline_test/work/a7/06aa0cf3df766f19f854ebf6c0b177/merged_counts.txt; to: /home/hzhang7/bioinfo_core_lts/hanqiu/new_pipeline_test/output_file/merge/merged_counts.txt [copy] -- See log file for details
WARN: Failed to publish file: /mnt/lts/nfs_fs02/bioinfo_core_jabsom/hanqiu/new_pipeline_test/work/ca/b858cc1a890f57eb6a38f046b083b7/merged_counts.txt; to: /home/hzhang7/bioinfo_core_lts/hanqiu/new_pipeline_test/output_file/merge/merged_counts.txt [copy] -- See log file for details

executor >  slurm (434)
[42/5df762] process > NFCORE_SMRNASEQ:SMRNASEQ:IN... [100%] 1 of 1 ✔
[-        ] process > NFCORE_SMRNASEQ:SMRNASEQ:CA... -
[f6/dbdb26] process > NFCORE_SMRNASEQ:SMRNASEQ:FA... [100%] 36 of 36 ✔
[8d/39736e] process > NFCORE_SMRNASEQ:SMRNASEQ:FA... [100%] 36 of 36 ✔
[80/e7ad7f] process > NFCORE_SMRNASEQ:SMRNASEQ:FA... [100%] 36 of 36 ✔
[bd/eed07e] process > NFCORE_SMRNASEQ:SMRNASEQ:MI... [100%] 36 of 36 ✔
[dc/eb752f] process > NFCORE_SMRNASEQ:SMRNASEQ:GE... [100%] 1 of 1 ✔
[11/50caec] process > NFCORE_SMRNASEQ:SMRNASEQ:GE... [100%] 36 of 36 ✔
[99/67af03] process > NFCORE_SMRNASEQ:SMRNASEQ:GE... [100%] 36 of 36 ✔
[4b/6ec149] process > NFCORE_SMRNASEQ:SMRNASEQ:GE... [100%] 36 of 36 ✔
[-        ] process > NFCORE_SMRNASEQ:SMRNASEQ:GE... -
[08/fd358e] process > NFCORE_SMRNASEQ:SMRNASEQ:GE... [100%] 36 of 36 ✔
[cb/0f63e4] process > NFCORE_SMRNASEQ:SMRNASEQ:GE... [100%] 36 of 36 ✔
[aa/8ad2bf] process > NFCORE_SMRNASEQ:SMRNASEQ:GE... [100%] 36 of 36 ✔
[e7/cfb77a] process > NFCORE_SMRNASEQ:SMRNASEQ:GE... [100%] 36 of 36 ✔
[9b/bfb5d4] process > NFCORE_SMRNASEQ:SMRNASEQ:GE... [100%] 36 of 36 ✔
WARN: Failed to publish file: /mnt/lts/nfs_fs02/bioinfo_core_jabsom/hanqiu/new_pipeline_test/work/a7/06aa0cf3df766f19f854ebf6c0b177/merged_counts.txt; to: /home/hzhang7/bioinfo_core_lts/hanqiu/new_pipeline_test/output_file/merge/merged_counts.txt [copy] -- See log file for details
WARN: Failed to publish file: /mnt/lts/nfs_fs02/bioinfo_core_jabsom/hanqiu/new_pipeline_test/work/ca/b858cc1a890f57eb6a38f046b083b7/merged_counts.txt; to: /home/hzhang7/bioinfo_core_lts/hanqiu/new_pipeline_test/output_file/merge/merged_counts.txt [copy] -- See log file for details

executor >  slurm (434)
[42/5df762] process > NFCORE_SMRNASEQ:SMRNASEQ:IN... [100%] 1 of 1 ✔
[-        ] process > NFCORE_SMRNASEQ:SMRNASEQ:CA... -
[f6/dbdb26] process > NFCORE_SMRNASEQ:SMRNASEQ:FA... [100%] 36 of 36 ✔
[8d/39736e] process > NFCORE_SMRNASEQ:SMRNASEQ:FA... [100%] 36 of 36 ✔
[80/e7ad7f] process > NFCORE_SMRNASEQ:SMRNASEQ:FA... [100%] 36 of 36 ✔
[bd/eed07e] process > NFCORE_SMRNASEQ:SMRNASEQ:MI... [100%] 36 of 36 ✔
[dc/eb752f] process > NFCORE_SMRNASEQ:SMRNASEQ:GE... [100%] 1 of 1 ✔
[11/50caec] process > NFCORE_SMRNASEQ:SMRNASEQ:GE... [100%] 36 of 36 ✔
[99/67af03] process > NFCORE_SMRNASEQ:SMRNASEQ:GE... [100%] 36 of 36 ✔
[4b/6ec149] process > NFCORE_SMRNASEQ:SMRNASEQ:GE... [100%] 36 of 36 ✔
[-        ] process > NFCORE_SMRNASEQ:SMRNASEQ:GE... -
[08/fd358e] process > NFCORE_SMRNASEQ:SMRNASEQ:GE... [100%] 36 of 36 ✔
[cb/0f63e4] process > NFCORE_SMRNASEQ:SMRNASEQ:GE... [100%] 36 of 36 ✔
[aa/8ad2bf] process > NFCORE_SMRNASEQ:SMRNASEQ:GE... [100%] 36 of 36 ✔
[e7/cfb77a] process > NFCORE_SMRNASEQ:SMRNASEQ:GE... [100%] 36 of 36 ✔
[9b/bfb5d4] process > NFCORE_SMRNASEQ:SMRNASEQ:GE... [100%] 36 of 36 ✔
WARN: Failed to publish file: /mnt/lts/nfs_fs02/bioinfo_core_jabsom/hanqiu/new_pipeline_test/work/a7/06aa0cf3df766f19f854ebf6c0b177/merged_counts.txt; to: /home/hzhang7/bioinfo_core_lts/hanqiu/new_pipeline_test/output_file/merge/merged_counts.txt [copy] -- See log file for details
WARN: Failed to publish file: /mnt/lts/nfs_fs02/bioinfo_core_jabsom/hanqiu/new_pipeline_test/work/ca/b858cc1a890f57eb6a38f046b083b7/merged_counts.txt; to: /home/hzhang7/bioinfo_core_lts/hanqiu/new_pipeline_test/output_file/merge/merged_counts.txt [copy] -- See log file for details
WARN: Failed to publish file: /mnt/lts/nfs_fs02/bioinfo_core_jabsom/hanqiu/new_pipeline_test/work/17/5131a4e2e20521a2775a6f7732a38b/merged_counts.txt; to: /home/hzhang7/bioinfo_core_lts/hanqiu/new_pipeline_test/output_file/merge/merged_counts.txt [copy] -- See log file for details

executor >  slurm (434)
[42/5df762] process > NFCORE_SMRNASEQ:SMRNASEQ:IN... [100%] 1 of 1 ✔
[-        ] process > NFCORE_SMRNASEQ:SMRNASEQ:CA... -
[f6/dbdb26] process > NFCORE_SMRNASEQ:SMRNASEQ:FA... [100%] 36 of 36 ✔
[8d/39736e] process > NFCORE_SMRNASEQ:SMRNASEQ:FA... [100%] 36 of 36 ✔
[80/e7ad7f] process > NFCORE_SMRNASEQ:SMRNASEQ:FA... [100%] 36 of 36 ✔
[bd/eed07e] process > NFCORE_SMRNASEQ:SMRNASEQ:MI... [100%] 36 of 36 ✔
[dc/eb752f] process > NFCORE_SMRNASEQ:SMRNASEQ:GE... [100%] 1 of 1 ✔
[11/50caec] process > NFCORE_SMRNASEQ:SMRNASEQ:GE... [100%] 36 of 36 ✔
[99/67af03] process > NFCORE_SMRNASEQ:SMRNASEQ:GE... [100%] 36 of 36 ✔
[4b/6ec149] process > NFCORE_SMRNASEQ:SMRNASEQ:GE... [100%] 36 of 36 ✔
[-        ] process > NFCORE_SMRNASEQ:SMRNASEQ:GE... -
[08/fd358e] process > NFCORE_SMRNASEQ:SMRNASEQ:GE... [100%] 36 of 36 ✔
[cb/0f63e4] process > NFCORE_SMRNASEQ:SMRNASEQ:GE... [100%] 36 of 36 ✔
[aa/8ad2bf] process > NFCORE_SMRNASEQ:SMRNASEQ:GE... [100%] 36 of 36 ✔
[e7/cfb77a] process > NFCORE_SMRNASEQ:SMRNASEQ:GE... [100%] 36 of 36 ✔
[9b/bfb5d4] process > NFCORE_SMRNASEQ:SMRNASEQ:GE... [100%] 36 of 36 ✔
-[nf-core/smrnaseq] Pipeline completed successfully-
WARN: Failed to publish file: /mnt/lts/nfs_fs02/bioinfo_core_jabsom/hanqiu/new_pipeline_test/work/17/5131a4e2e20521a2775a6f7732a38b/merged_counts.txt; to: /home/hzhang7/bioinfo_core_lts/hanqiu/new_pipeline_test/output_file/merge/merged_counts.txt [copy] -- See log file for details



executor >  slurm (434)
[42/5df762] process > NFCORE_SMRNASEQ:SMRNASEQ:IN... [100%] 1 of 1 ✔
[-        ] process > NFCORE_SMRNASEQ:SMRNASEQ:CA... -
[f6/dbdb26] process > NFCORE_SMRNASEQ:SMRNASEQ:FA... [100%] 36 of 36 ✔
[8d/39736e] process > NFCORE_SMRNASEQ:SMRNASEQ:FA... [100%] 36 of 36 ✔
[80/e7ad7f] process > NFCORE_SMRNASEQ:SMRNASEQ:FA... [100%] 36 of 36 ✔
[bd/eed07e] process > NFCORE_SMRNASEQ:SMRNASEQ:MI... [100%] 36 of 36 ✔
[dc/eb752f] process > NFCORE_SMRNASEQ:SMRNASEQ:GE... [100%] 1 of 1 ✔
[11/50caec] process > NFCORE_SMRNASEQ:SMRNASEQ:GE... [100%] 36 of 36 ✔
[99/67af03] process > NFCORE_SMRNASEQ:SMRNASEQ:GE... [100%] 36 of 36 ✔
[4b/6ec149] process > NFCORE_SMRNASEQ:SMRNASEQ:GE... [100%] 36 of 36 ✔
[-        ] process > NFCORE_SMRNASEQ:SMRNASEQ:GE... -
[08/fd358e] process > NFCORE_SMRNASEQ:SMRNASEQ:GE... [100%] 36 of 36 ✔
[cb/0f63e4] process > NFCORE_SMRNASEQ:SMRNASEQ:GE... [100%] 36 of 36 ✔
[aa/8ad2bf] process > NFCORE_SMRNASEQ:SMRNASEQ:GE... [100%] 36 of 36 ✔
[e7/cfb77a] process > NFCORE_SMRNASEQ:SMRNASEQ:GE... [100%] 36 of 36 ✔
[9b/bfb5d4] process > NFCORE_SMRNASEQ:SMRNASEQ:GE... [100%] 36 of 36 ✔
-[nf-core/smrnaseq] Pipeline completed successfully-
WARN: Failed to publish file: /mnt/lts/nfs_fs02/bioinfo_core_jabsom/hanqiu/new_pipeline_test/work/17/5131a4e2e20521a2775a6f7732a38b/merged_counts.txt; to: /home/hzhang7/bioinfo_core_lts/hanqiu/new_pipeline_test/output_file/merge/merged_counts.txt [copy] -- See log file for details


Completed at: 18-May-2023 23:11:01
Duration    : 58m 45s
CPU hours   : 23.1
Succeeded   : 434


Thu May 18 23:11:15 UTC 2023
